timestamp,lat,long,speed,heading,duck_id,taxon
2012-09-04T08:53:49Z,47.7654351,8.9963264,0.17,203.16,1790 - Radolfzell JC72014,Anas platyrhynchos
2012-09-05T00:00:56Z,47.7658286,8.9991438,0.05,331.61,1790 - Radolfzell JC72014,Anas platyrhynchos
2012-09-06T00:00:57Z,47.7642764,9.0001622,0.46,340.79,1790 - Radolfzell JC72014,Anas platyrhynchos
2012-09-07T00:00:43Z,47.7642287,8.9999423,0.22,24.25,1790 - Radolfzell JC72014,Anas platyrhynchos
2012-09-08T00:01:45Z,47.763977,8.9999012,0.1,206.44,1790 - Radolfzell JC72014,Anas platyrhynchos
2012-09-09T12:01:25Z,47.7641732,8.9999587,0.58,2.62,1790 - Radolfzell JC72014,Anas platyrhynchos
2012-09-10T06:01:14Z,47.7640783,8.9999827,0.75,76.68,1790 - Radolfzell JC72014,Anas platyrhynchos
2012-09-11T00:02:26Z,47.764203,9.0001791,0.55,273.29,1790 - Radolfzell JC72014,Anas platyrhynchos
2012-09-12T06:02:26Z,47.7641212,9.0000439,0.63,343.41,1790 - Radolfzell JC72014,Anas platyrhynchos
2012-09-13T15:00:50Z,47.7641436,8.9999065,1.43,228.07,1790 - Radolfzell JC72014,Anas platyrhynchos
2012-01-03T23:00:21Z,47.7074984,9.1914581,0.16,15.73,1798 - Radolfzell JC70745,Anas platyrhynchos
2012-01-04T00:00:33Z,47.7075733,9.1914861,0.31,14.42,1798 - Radolfzell JC70745,Anas platyrhynchos
2012-01-05T00:00:55Z,47.7075271,9.1914236,0.25,1.31,1798 - Radolfzell JC70745,Anas platyrhynchos
2012-01-06T00:00:38Z,47.7080459,9.1972654,0.28,58.98,1798 - Radolfzell JC70745,Anas platyrhynchos
2012-01-07T00:00:49Z,47.707145,9.1988494,0.27,315.88,1798 - Radolfzell JC70745,Anas platyrhynchos
2012-01-08T00:00:57Z,47.7070074,9.1991746,0.13,21.63,1798 - Radolfzell JC70745,Anas platyrhynchos
2012-01-09T00:02:25Z,47.7070916,9.1991984,1.19,266.73,1798 - Radolfzell JC70745,Anas platyrhynchos
2012-01-10T00:00:11Z,47.708233,9.1987624,1.03,216.92,1798 - Radolfzell JC70745,Anas platyrhynchos
2012-01-11T00:01:00Z,47.7080996,9.1948676,0.54,30.15,1798 - Radolfzell JC70745,Anas platyrhynchos
2012-01-12T12:00:25Z,47.7074378,9.1978122,0.95,228.72,1798 - Radolfzell JC70745,Anas platyrhynchos
2012-01-13T12:01:15Z,47.7075064,9.1988172,0.36,155.98,1798 - Radolfzell JC70745,Anas platyrhynchos
2012-01-14T12:00:44Z,47.7080546,9.195495,0.49,336.86,1798 - Radolfzell JC70745,Anas platyrhynchos
2012-01-17T11:00:25Z,47.7073058,9.1912787,0.16,2.62,1798 - Radolfzell JC70745,Anas platyrhynchos
2012-01-18T11:01:14Z,47.7080042,9.1963095,0.49,20.97,1798 - Radolfzell JC70745,Anas platyrhynchos
2012-01-19T11:01:20Z,47.7204794,9.1782863,0.07,344.06,1798 - Radolfzell JC70745,Anas platyrhynchos
2012-01-24T14:00:25Z,47.6928918,9.1994767,0.01,13.76,1798 - Radolfzell JC70745,Anas platyrhynchos
2012-01-25T15:00:56Z,47.693202,9.1988779,0.09,340.79,1798 - Radolfzell JC70745,Anas platyrhynchos
2012-01-26T11:00:49Z,47.6931058,9.1989383,0.18,26.87,1798 - Radolfzell JC70745,Anas platyrhynchos
2012-01-03T23:00:44Z,47.7074858,9.1914463,1.11,264.77,1800 - Radolfzell JC70732,Anas platyrhynchos
2012-01-04T00:00:34Z,47.7075574,9.1915397,0.15,328.34,1800 - Radolfzell JC70732,Anas platyrhynchos
2012-01-05T00:01:49Z,47.7074939,9.1914967,0.2,251,1800 - Radolfzell JC70732,Anas platyrhynchos
2012-01-06T00:02:15Z,47.7074881,9.1914304,0.24,26.87,1800 - Radolfzell JC70732,Anas platyrhynchos
2012-01-07T00:01:19Z,47.7074535,9.1914497,0.43,28.84,1800 - Radolfzell JC70732,Anas platyrhynchos
2012-01-08T00:01:25Z,47.7075936,9.1915614,0.39,351.93,1800 - Radolfzell JC70732,Anas platyrhynchos
2012-01-09T00:00:55Z,47.707583,9.1914808,0.42,342.75,1800 - Radolfzell JC70732,Anas platyrhynchos
2012-01-10T00:00:49Z,47.7057679,9.1896841,0.4,359.14,1800 - Radolfzell JC70732,Anas platyrhynchos
2012-01-13T14:00:44Z,47.7078681,9.1974542,0.23,30.15,1800 - Radolfzell JC70732,Anas platyrhynchos
2012-01-16T14:00:31Z,47.7053886,9.1915989,0,352.58,1800 - Radolfzell JC70732,Anas platyrhynchos
2012-01-17T12:00:57Z,47.7053396,9.1916085,0.13,355.86,1800 - Radolfzell JC70732,Anas platyrhynchos
2012-01-18T12:00:50Z,47.7053245,9.1915877,0.25,355.21,1800 - Radolfzell JC70732,Anas platyrhynchos
2012-05-04T13:01:56Z,47.7666879,8.99552,0.42,162.53,1800b - Radolfzell JC70741,Anas platyrhynchos
2012-05-05T00:00:50Z,47.7670415,8.995583,1.26,341.44,1800b - Radolfzell JC70741,Anas platyrhynchos
2012-05-06T00:00:44Z,47.7664861,8.9953561,1,45.22,1800b - Radolfzell JC70741,Anas platyrhynchos
2012-05-07T00:00:27Z,47.7664867,8.9950746,0.48,321.78,1800b - Radolfzell JC70741,Anas platyrhynchos
2012-05-08T00:00:49Z,47.7667721,8.9953653,0.83,339.48,1800b - Radolfzell JC70741,Anas platyrhynchos
2012-05-09T00:00:43Z,47.7666228,8.9951938,0.56,29.49,1800b - Radolfzell JC70741,Anas platyrhynchos
2012-05-10T00:00:45Z,47.7664622,8.9950609,0.4,355.86,1800b - Radolfzell JC70741,Anas platyrhynchos
2012-05-11T00:01:14Z,47.7661762,8.9954746,0.41,1.31,1800b - Radolfzell JC70741,Anas platyrhynchos
2012-05-13T08:30:48Z,47.7667883,8.9950688,0.01,6.55,1800b - Radolfzell JC70741,Anas platyrhynchos
2012-05-14T10:01:48Z,47.7666893,8.9952248,0.07,346.03,1800b - Radolfzell JC70741,Anas platyrhynchos
2012-05-15T09:00:56Z,47.766668,8.9954059,1.72,129.76,1800b - Radolfzell JC70741,Anas platyrhynchos
2012-05-16T12:01:45Z,47.76715,8.9951583,0.71,17.69,1800b - Radolfzell JC70741,Anas platyrhynchos
2012-05-17T10:00:54Z,47.7669723,8.994547,0.01,112.72,1800b - Radolfzell JC70741,Anas platyrhynchos
2012-05-18T10:01:55Z,47.7666809,8.9950263,0.2,11.8,1800b - Radolfzell JC70741,Anas platyrhynchos
2012-05-19T09:00:55Z,47.7666744,8.9952982,0.01,125.83,1800b - Radolfzell JC70741,Anas platyrhynchos
2012-05-20T08:30:48Z,47.7668397,8.9950494,0,26.21,1800b - Radolfzell JC70741,Anas platyrhynchos
2012-05-21T11:01:43Z,47.7667585,8.9952021,0.11,349.31,1800b - Radolfzell JC70741,Anas platyrhynchos
2012-05-22T11:02:26Z,47.7666266,8.995007,0.35,1.31,1800b - Radolfzell JC70741,Anas platyrhynchos
2012-05-24T12:02:20Z,47.7666417,8.9952209,1.16,342.1,1800b - Radolfzell JC70741,Anas platyrhynchos
2012-05-25T09:01:13Z,47.7668013,8.9950796,0.28,222.82,1800b - Radolfzell JC70741,Anas platyrhynchos
2012-05-26T10:00:48Z,47.7666821,8.9948516,0.03,30.8,1800b - Radolfzell JC70741,Anas platyrhynchos
2012-05-27T11:01:55Z,47.7665149,8.9950472,0.13,9.18,1800b - Radolfzell JC70741,Anas platyrhynchos
2012-05-28T09:01:30Z,47.7666455,8.9950449,0,351.93,1800b - Radolfzell JC70741,Anas platyrhynchos
2012-05-29T10:01:31Z,47.7664993,8.9951298,0.58,81.92,1800b - Radolfzell JC70741,Anas platyrhynchos
2012-05-30T09:01:49Z,47.7666516,8.9950411,0.01,15.73,1800b - Radolfzell JC70741,Anas platyrhynchos
2012-05-31T11:00:26Z,47.7666027,8.9950173,0.19,349.96,1800b - Radolfzell JC70741,Anas platyrhynchos
2012-06-02T10:00:53Z,47.7665422,8.9951731,0.09,160.56,1800b - Radolfzell JC70741,Anas platyrhynchos
2012-06-14T12:00:19Z,47.7671408,8.9956005,0.12,216.27,1800b - Radolfzell JC70741,Anas platyrhynchos
2012-06-17T12:00:58Z,47.7666726,8.9950165,0.63,36.7,1800b - Radolfzell JC70741,Anas platyrhynchos
2012-06-18T12:01:25Z,47.7667371,8.995259,0.12,0.66,1800b - Radolfzell JC70741,Anas platyrhynchos
2012-06-19T10:00:57Z,47.7666738,8.9950662,0.01,31.46,1800b - Radolfzell JC70741,Anas platyrhynchos
2012-06-21T14:00:26Z,47.7667115,8.9952108,0.13,28.18,1800b - Radolfzell JC70741,Anas platyrhynchos
2012-06-22T10:02:14Z,47.7668129,8.9957503,0.03,342.75,1800b - Radolfzell JC70741,Anas platyrhynchos
2012-06-23T10:01:31Z,47.7671115,8.9957197,0.4,324.4,1800b - Radolfzell JC70741,Anas platyrhynchos
2012-06-26T11:00:31Z,47.7670775,8.9958353,0.5,0,1800b - Radolfzell JC70741,Anas platyrhynchos
2012-06-27T13:00:49Z,47.7671197,8.9959606,0.05,34.08,1800b - Radolfzell JC70741,Anas platyrhynchos
2012-06-28T12:00:43Z,47.7669046,8.9955814,0.2,42.6,1800b - Radolfzell JC70741,Anas platyrhynchos
2012-06-30T15:02:31Z,47.7669255,8.9957376,0.22,196.61,1800b - Radolfzell JC70741,Anas platyrhynchos
2012-07-04T13:01:31Z,47.767049,8.9959964,0.08,13.76,1800b - Radolfzell JC70741,Anas platyrhynchos
2012-07-05T11:00:49Z,47.7672698,8.996076,0.17,7.21,1800b - Radolfzell JC70741,Anas platyrhynchos
2012-07-06T14:00:49Z,47.7667157,8.9953108,0.06,6.55,1800b - Radolfzell JC70741,Anas platyrhynchos
2012-07-07T13:01:01Z,47.7667304,8.9952411,0.02,204.47,1800b - Radolfzell JC70741,Anas platyrhynchos
2012-07-08T09:30:31Z,47.7669615,8.9951398,0.49,27.53,1800b - Radolfzell JC70741,Anas platyrhynchos
2012-07-09T13:01:50Z,47.7667041,8.9952401,1.2,216.92,1800b - Radolfzell JC70741,Anas platyrhynchos
2012-07-10T09:32:25Z,47.7664691,8.99523,0.56,172.36,1800b - Radolfzell JC70741,Anas platyrhynchos
2012-07-11T13:00:55Z,47.7665219,8.9950684,0.01,14.42,1800b - Radolfzell JC70741,Anas platyrhynchos
2012-07-14T12:01:20Z,47.7668865,8.9960235,1.58,16.38,1800b - Radolfzell JC70741,Anas platyrhynchos
2012-07-15T11:00:46Z,47.7667821,8.9954108,0.32,292.29,1800b - Radolfzell JC70741,Anas platyrhynchos
2012-07-16T10:01:01Z,47.7665801,8.9950415,0.16,22.94,1800b - Radolfzell JC70741,Anas platyrhynchos
2011-12-23T11:59:25Z,47.8012548,9.0384924,0.02,218.89,1802 - Radolfzell JC68725,Anas platyrhynchos
2011-12-24T00:01:16Z,47.7954954,9.0485408,0.66,332.27,1802 - Radolfzell JC68725,Anas platyrhynchos
2011-12-25T00:00:50Z,47.7955637,9.0486515,0.42,348.65,1802 - Radolfzell JC68725,Anas platyrhynchos
2011-12-26T15:01:20Z,47.8012254,9.0384451,0.11,35.39,1802 - Radolfzell JC68725,Anas platyrhynchos
2011-12-27T00:00:49Z,47.7958548,9.0485235,0.06,325.71,1802 - Radolfzell JC68725,Anas platyrhynchos
2011-12-28T00:01:26Z,47.7955033,9.048566,0.15,18.35,1802 - Radolfzell JC68725,Anas platyrhynchos
2011-12-29T00:01:21Z,47.7954888,9.0487031000000009,0.03,344.06,1802 - Radolfzell JC68725,Anas platyrhynchos
2011-12-30T00:00:55Z,47.7954175,9.0484561,0.15,342.1,1802 - Radolfzell JC68725,Anas platyrhynchos
2011-12-31T00:00:55Z,47.7955153,9.048535,0.54,333.58,1802 - Radolfzell JC68725,Anas platyrhynchos
2012-01-01T10:00:48Z,47.8006587,9.03966,0,331.61,1802 - Radolfzell JC68725,Anas platyrhynchos
2012-01-02T11:00:49Z,47.8005756,9.039843,0.07,357.17,1802 - Radolfzell JC68725,Anas platyrhynchos
2012-01-03T10:00:50Z,47.8012755,9.0383665,0.04,38.01,1802 - Radolfzell JC68725,Anas platyrhynchos
2012-01-04T13:00:56Z,47.8012154,9.0375535,0.19,340.79,1802 - Radolfzell JC68725,Anas platyrhynchos
2012-01-05T12:01:26Z,47.8010927,9.0376301,0.38,11.14,1802 - Radolfzell JC68725,Anas platyrhynchos
2012-01-06T13:00:56Z,47.8011381,9.0375874,0.12,357.83,1802 - Radolfzell JC68725,Anas platyrhynchos
2012-01-07T12:01:25Z,47.8011113,9.0375475,0.07,11.14,1802 - Radolfzell JC68725,Anas platyrhynchos
2012-01-09T12:00:30Z,47.8005654,9.0397761,0,47.84,1802 - Radolfzell JC68725,Anas platyrhynchos
2012-01-10T11:02:21Z,47.8013293,9.0379975,0.75,18.35,1802 - Radolfzell JC68725,Anas platyrhynchos
2012-01-11T12:00:51Z,47.8009051,9.0375353,0.42,23.59,1802 - Radolfzell JC68725,Anas platyrhynchos
2012-01-12T14:00:56Z,47.8009016,9.0389669,0.01,24.25,1802 - Radolfzell JC68725,Anas platyrhynchos
2012-01-13T13:01:26Z,47.8011442,9.037472,0.77,320.47,1802 - Radolfzell JC68725,Anas platyrhynchos
2012-01-14T11:01:13Z,47.800967,9.0379877,0.46,5.9,1802 - Radolfzell JC68725,Anas platyrhynchos
2012-01-15T12:01:31Z,47.8008414,9.0376862,0.18,254.94,1802 - Radolfzell JC68725,Anas platyrhynchos
2012-01-16T11:01:00Z,47.7987838,9.0416975999999991,0,349.31,1802 - Radolfzell JC68725,Anas platyrhynchos
2012-01-17T10:01:01Z,47.7990509,9.0417923,0.01,354.55,1802 - Radolfzell JC68725,Anas platyrhynchos
2012-01-18T11:00:48Z,47.7987877,9.0417597,0.07,330.96,1802 - Radolfzell JC68725,Anas platyrhynchos
2012-01-19T00:01:20Z,47.7958593,9.0486218,0.16,359.14,1802 - Radolfzell JC68725,Anas platyrhynchos
2012-01-20T12:01:44Z,47.8012797,9.0374085,1.57,275.25,1802 - Radolfzell JC68725,Anas platyrhynchos
2012-01-21T12:00:44Z,47.8011435,9.0387032,0.31,332.92,1802 - Radolfzell JC68725,Anas platyrhynchos
2012-01-22T13:00:49Z,47.8011232,9.0375532,0.16,338.82,1802 - Radolfzell JC68725,Anas platyrhynchos
2012-01-23T12:00:43Z,47.8005113,9.0397431,0.15,358.48,1802 - Radolfzell JC68725,Anas platyrhynchos
2012-01-24T11:00:56Z,47.8005862,9.0397473,0.06,353.89,1802 - Radolfzell JC68725,Anas platyrhynchos
2012-01-25T10:01:45Z,47.8005652,9.0397903,0.01,304.09,1802 - Radolfzell JC68725,Anas platyrhynchos
2012-01-26T00:00:50Z,47.7954708,9.048473,0.41,129.76,1802 - Radolfzell JC68725,Anas platyrhynchos
2012-01-27T12:00:56Z,47.8003546,9.0396199,0.12,340.79,1802 - Radolfzell JC68725,Anas platyrhynchos
2012-01-28T11:00:44Z,47.7982824,9.042217,0.36,22.94,1802 - Radolfzell JC68725,Anas platyrhynchos
2012-01-31T11:01:01Z,47.8011261,9.0377346,0.15,332.92,1802 - Radolfzell JC68725,Anas platyrhynchos
2012-02-01T11:00:50Z,47.8011404,9.0376193,0.21,336.2,1802 - Radolfzell JC68725,Anas platyrhynchos
2012-08-20T12:01:25Z,47.7667862,8.9956121,0.04,17.69,1803 - Radolfzell JC70800,Anas platyrhynchos
2012-08-21T00:00:55Z,47.766851,8.9959231,0.29,328.99,1803 - Radolfzell JC70800,Anas platyrhynchos
2012-08-22T00:00:56Z,47.7658504,8.996107,4.01,172.36,1803 - Radolfzell JC70800,Anas platyrhynchos
2012-08-27T18:00:49Z,47.7669114,8.9957503,0.31,17.04,1803 - Radolfzell JC70800,Anas platyrhynchos
2012-08-28T00:00:43Z,47.7669047,8.9959518,0.46,23.59,1803 - Radolfzell JC70800,Anas platyrhynchos
2012-08-29T00:01:13Z,47.7669111,8.9957178,0.3,0.66,1803 - Radolfzell JC70800,Anas platyrhynchos
2012-08-30T00:00:51Z,47.7668533,8.9958043,0.28,344.72,1803 - Radolfzell JC70800,Anas platyrhynchos
2012-04-20T13:02:31Z,47.7267759,8.9982869,0.72,20.97,1805 - Radolfzell JC68714,Anas platyrhynchos
2012-04-21T00:00:20Z,47.7085452,8.984986,0.35,13.11,1805 - Radolfzell JC68714,Anas platyrhynchos
2012-04-22T00:00:15Z,47.7085023,8.9849784,0.34,342.75,1805 - Radolfzell JC68714,Anas platyrhynchos
2012-04-23T00:00:17Z,47.7156958,8.9926181,0.7,279.84,1805 - Radolfzell JC68714,Anas platyrhynchos
2012-04-24T00:00:57Z,47.6744082,9.0369202,0.25,5.24,1805 - Radolfzell JC68714,Anas platyrhynchos
2012-04-27T07:00:55Z,47.7669537,8.9952697,0.69,327.02,1805b - Radolfzell JC62426,Anas platyrhynchos
2012-04-28T00:00:39Z,47.766471,8.9948321,0.43,309.33,1805b - Radolfzell JC62426,Anas platyrhynchos
2012-04-29T14:00:55Z,47.7666421,8.9956357,0.46,105.51,1805b - Radolfzell JC62426,Anas platyrhynchos
2012-04-30T09:02:24Z,47.7665217,8.9950891,0.08,302.12,1805b - Radolfzell JC62426,Anas platyrhynchos
2012-05-02T09:01:00Z,47.7663043,8.9951078,0.87,218.89,1805b - Radolfzell JC62426,Anas platyrhynchos
2012-05-03T14:01:19Z,47.7662717,8.9950385,0.86,352.58,1805b - Radolfzell JC62426,Anas platyrhynchos
2012-05-04T14:01:00Z,47.7667117,8.9951756,0.01,338.82,1805b - Radolfzell JC62426,Anas platyrhynchos
2012-05-07T15:00:43Z,47.7666418,8.9948602,1.22,167.12,1805b - Radolfzell JC62426,Anas platyrhynchos
2012-05-10T11:01:15Z,47.7667487,8.9951581,0.19,336.86,1805b - Radolfzell JC62426,Anas platyrhynchos
2012-05-14T11:00:26Z,47.766658,8.9951889,0.18,11.8,1805b - Radolfzell JC62426,Anas platyrhynchos
2012-05-15T09:01:14Z,47.766667,8.9954084,0.72,347.34,1805b - Radolfzell JC62426,Anas platyrhynchos
2012-05-17T10:00:49Z,47.7666193,8.9950769,0.01,27.53,1805b - Radolfzell JC62426,Anas platyrhynchos
2012-05-30T10:01:24Z,47.7667179,8.9942348,1.02,249.69,1805b - Radolfzell JC62426,Anas platyrhynchos
2012-05-31T10:01:00Z,47.7665478,8.9951223,1.11,38.01,1805b - Radolfzell JC62426,Anas platyrhynchos
2012-06-02T12:01:01Z,47.7664848,8.9950468,0.07,344.06,1805b - Radolfzell JC62426,Anas platyrhynchos
2012-06-17T15:00:13Z,47.7665835,8.9955465,0.71,354.55,1805b - Radolfzell JC62426,Anas platyrhynchos
2012-06-19T09:01:56Z,47.7666771,8.9951173,0.86,348,1805b - Radolfzell JC62426,Anas platyrhynchos
2012-06-28T09:01:20Z,47.766753,8.9951329,0.51,334.89,1805b - Radolfzell JC62426,Anas platyrhynchos
2012-07-07T13:00:25Z,47.7670376,8.9961343,0,321.13,1805b - Radolfzell JC62426,Anas platyrhynchos
2012-07-08T10:00:54Z,47.7666482,8.9951645,0.01,63.57,1805b - Radolfzell JC62426,Anas platyrhynchos
2012-07-10T09:30:48Z,47.766766,8.995072,0.25,3.28,1805b - Radolfzell JC62426,Anas platyrhynchos
2012-07-11T10:31:20Z,47.7664853,8.9950131,0.24,349.31,1805b - Radolfzell JC62426,Anas platyrhynchos
2012-07-12T16:00:50Z,47.766634,8.9953579,0.14,142.87,1805b - Radolfzell JC62426,Anas platyrhynchos
2012-07-16T16:01:43Z,47.7665201,8.9953973,0.15,24.25,1805b - Radolfzell JC62426,Anas platyrhynchos
2012-07-17T13:00:57Z,47.7663663,8.99513,0.1,112.07,1805b - Radolfzell JC62426,Anas platyrhynchos
2012-07-18T09:31:56Z,47.766628,8.9948892,0.1,196.61,1805b - Radolfzell JC62426,Anas platyrhynchos
2012-07-19T10:01:25Z,47.7663651,8.9951178,0.33,149.42,1805b - Radolfzell JC62426,Anas platyrhynchos
2012-07-22T13:00:51Z,47.7663817,8.9952185,0.34,8.52,1805b - Radolfzell JC62426,Anas platyrhynchos
2012-07-23T11:01:18Z,47.7664421,8.9950318,0.54,19.66,1805b - Radolfzell JC62426,Anas platyrhynchos
2012-08-29T08:14:55Z,47.764334,8.9960152,0.01,359.14,1806 - Radolfzell JC70792,Anas platyrhynchos
2012-08-30T00:00:50Z,47.7268313,8.9992434,1.42,193.33,1806 - Radolfzell JC70792,Anas platyrhynchos
2012-08-31T00:01:14Z,47.7268795,8.9989305,0.6,357.83,1806 - Radolfzell JC70792,Anas platyrhynchos
2012-09-01T00:00:51Z,47.7268228,8.9990334,0.14,352.58,1806 - Radolfzell JC70792,Anas platyrhynchos
2012-09-02T00:00:56Z,47.7253281,8.9997472,0.08,47.19,1806 - Radolfzell JC70792,Anas platyrhynchos
2012-09-03T00:00:45Z,47.7237791,9.0095593,0.14,17.69,1806 - Radolfzell JC70792,Anas platyrhynchos
2012-09-04T00:00:56Z,47.7263111,9.0038103,0.34,354.55,1806 - Radolfzell JC70792,Anas platyrhynchos
2012-09-05T00:00:55Z,47.7263071,9.003776,0.14,336.2,1806 - Radolfzell JC70792,Anas platyrhynchos
2012-09-06T00:00:25Z,47.72799,8.9916494,0.42,260.18,1806 - Radolfzell JC70792,Anas platyrhynchos
2012-09-07T00:00:56Z,47.7280223,8.991642,0.31,340.79,1806 - Radolfzell JC70792,Anas platyrhynchos
2012-09-08T00:00:50Z,47.7279825,8.9916125,0.19,4.59,1806 - Radolfzell JC70792,Anas platyrhynchos
2012-09-09T00:00:57Z,47.7279944,8.9915111,0.06,26.87,1806 - Radolfzell JC70792,Anas platyrhynchos
2012-09-10T00:00:28Z,47.7283626,8.991188,0.14,356.52,1806 - Radolfzell JC70792,Anas platyrhynchos
2012-09-11T00:00:51Z,47.7277328,8.9921739,0.42,54.39,1806 - Radolfzell JC70792,Anas platyrhynchos
2012-09-12T00:00:56Z,47.7280231,8.9916536,0.18,356.52,1806 - Radolfzell JC70792,Anas platyrhynchos
2012-09-13T00:00:43Z,47.7283395,8.9913069,0.1,349.96,1806 - Radolfzell JC70792,Anas platyrhynchos
2012-09-14T00:00:50Z,47.728348,8.9912661,0.13,25.56,1806 - Radolfzell JC70792,Anas platyrhynchos
2012-09-15T00:00:51Z,47.7280315,8.9916778,0.08,1.31,1806 - Radolfzell JC70792,Anas platyrhynchos
2012-09-16T00:00:55Z,47.7279791,8.9916572,0.08,357.83,1806 - Radolfzell JC70792,Anas platyrhynchos
2012-09-17T00:01:20Z,47.7279833,8.9916269,0.05,17.69,1806 - Radolfzell JC70792,Anas platyrhynchos
2012-09-18T00:00:56Z,47.7279963,8.9916257,0.02,25.56,1806 - Radolfzell JC70792,Anas platyrhynchos
2012-09-19T00:00:28Z,47.727645,8.9923026,0.11,20.97,1806 - Radolfzell JC70792,Anas platyrhynchos
2012-09-20T00:00:44Z,47.7279529,8.9916815,0.13,343.41,1806 - Radolfzell JC70792,Anas platyrhynchos
2012-09-21T00:00:55Z,47.7283545,8.9912576,0.06,14.42,1806 - Radolfzell JC70792,Anas platyrhynchos
2012-09-22T00:00:51Z,47.7279817,8.9916698,0.16,330.96,1806 - Radolfzell JC70792,Anas platyrhynchos
2012-09-23T00:00:51Z,47.727984,8.9916111,0.07,16.38,1806 - Radolfzell JC70792,Anas platyrhynchos
2012-09-24T00:00:44Z,47.7279833,8.9916307,0.13,353.24,1806 - Radolfzell JC70792,Anas platyrhynchos
2012-09-25T00:00:50Z,47.7279903,8.9916191,0.11,338.17,1806 - Radolfzell JC70792,Anas platyrhynchos
2012-09-26T00:00:44Z,47.7276464,8.9924131,0.42,182.85,1806 - Radolfzell JC70792,Anas platyrhynchos
2012-09-27T00:00:43Z,47.7278089,8.9923689,0.54,167.77,1806 - Radolfzell JC70792,Anas platyrhynchos
2012-09-28T00:00:55Z,47.7276639,8.9923335,0.04,353.24,1806 - Radolfzell JC70792,Anas platyrhynchos
2012-09-29T00:00:56Z,47.7276395,8.9923061,0.19,30.8,1806 - Radolfzell JC70792,Anas platyrhynchos
2012-09-30T00:00:50Z,47.7276618,8.9922968,0.21,350.62,1806 - Radolfzell JC70792,Anas platyrhynchos
2012-10-01T00:00:50Z,47.7279849,8.9916336,0.19,304.09,1806 - Radolfzell JC70792,Anas platyrhynchos
2012-10-02T00:01:27Z,47.7279752,8.9916479,0.47,239.21,1806 - Radolfzell JC70792,Anas platyrhynchos
2012-10-03T06:00:56Z,47.7292185,8.9899626,0.54,341.44,1806 - Radolfzell JC70792,Anas platyrhynchos
2012-10-04T00:00:56Z,47.7279165,8.9916294,0.14,16.38,1806 - Radolfzell JC70792,Anas platyrhynchos
2012-10-05T00:00:56Z,47.7279754,8.9923737,0.42,26.21,1806 - Radolfzell JC70792,Anas platyrhynchos
2012-10-06T00:00:56Z,47.7275734,8.9921,0.34,19.66,1806 - Radolfzell JC70792,Anas platyrhynchos
2012-10-07T00:00:56Z,47.7276245,8.9922843,0.1,344.06,1806 - Radolfzell JC70792,Anas platyrhynchos
2012-10-08T00:01:21Z,47.7272501,8.9924109,0.3,313.92,1806 - Radolfzell JC70792,Anas platyrhynchos
2012-10-09T00:01:49Z,47.7277723,8.9920026,0.19,355.86,1806 - Radolfzell JC70792,Anas platyrhynchos
2012-10-10T00:01:13Z,47.7276762,8.9922566,0.31,346.03,1806 - Radolfzell JC70792,Anas platyrhynchos
2012-10-11T06:00:57Z,47.7286981,8.9926755,0.15,18.35,1806 - Radolfzell JC70792,Anas platyrhynchos
2012-10-12T00:00:56Z,47.7272682,8.9939461,0.24,353.89,1806 - Radolfzell JC70792,Anas platyrhynchos
2012-10-13T00:00:44Z,47.7294962,8.9907713,0.08,340.13,1806 - Radolfzell JC70792,Anas platyrhynchos
2012-10-14T00:00:50Z,47.7287178,8.9917953,0.12,24.25,1806 - Radolfzell JC70792,Anas platyrhynchos
2012-10-15T00:00:43Z,47.7288567,8.9919783,0.3,346.03,1806 - Radolfzell JC70792,Anas platyrhynchos
2012-10-16T00:01:19Z,47.729643,8.9897623,0.54,183.5,1806 - Radolfzell JC70792,Anas platyrhynchos
2012-10-17T00:00:50Z,47.7296568,8.9897629,0.09,358.48,1806 - Radolfzell JC70792,Anas platyrhynchos
2012-10-18T00:00:57Z,47.7296477,8.9898018,0.27,354.55,1806 - Radolfzell JC70792,Anas platyrhynchos
2012-10-19T00:00:50Z,47.7261437,9.0009076,0.63,349.96,1806 - Radolfzell JC70792,Anas platyrhynchos
2012-10-21T07:30:19Z,47.728568,8.9923663,0.42,354.55,1806 - Radolfzell JC70792,Anas platyrhynchos
2012-10-22T00:00:21Z,47.7262365,9.0038383,0.32,15.73,1806 - Radolfzell JC70792,Anas platyrhynchos
2012-10-23T00:01:26Z,47.7262944,9.0037621,0.28,37.36,1806 - Radolfzell JC70792,Anas platyrhynchos
2012-10-24T06:00:56Z,47.7300069,8.9885575,0.18,356.52,1806 - Radolfzell JC70792,Anas platyrhynchos
2012-10-25T06:00:55Z,47.7281559,8.992749,0.02,14.42,1806 - Radolfzell JC70792,Anas platyrhynchos
2012-10-26T06:00:50Z,47.7284593,8.9924387,0.51,41.29,1806 - Radolfzell JC70792,Anas platyrhynchos
2012-10-27T00:00:50Z,47.7262536,9.0037792,0.13,332.92,1806 - Radolfzell JC70792,Anas platyrhynchos
2012-10-29T06:02:25Z,47.7296763,8.9966166,0.88,152.04,1806 - Radolfzell JC70792,Anas platyrhynchos
2012-10-30T00:01:50Z,47.7295671,8.9965745,0.4,20.97,1806 - Radolfzell JC70792,Anas platyrhynchos
2012-10-31T00:01:56Z,47.7296212,8.9964377,0.47,340.13,1806 - Radolfzell JC70792,Anas platyrhynchos
2012-11-01T12:01:01Z,47.7295459,8.9965412,0,355.21,1806 - Radolfzell JC70792,Anas platyrhynchos
2012-11-02T00:01:56Z,47.7295659,8.9965518,0.27,138.28,1806 - Radolfzell JC70792,Anas platyrhynchos
2012-08-20T12:01:32Z,47.7663605,8.9947503,0.02,337.51,1807 - Radolfzell JC 72003,Anas platyrhynchos
2012-08-21T00:02:11Z,47.7667285,8.9957847,0.86,177.6,1807 - Radolfzell JC 72003,Anas platyrhynchos
2012-08-22T00:00:55Z,47.7668388,8.99534,0.14,359.14,1807 - Radolfzell JC 72003,Anas platyrhynchos
2012-08-29T00:00:57Z,47.7664925,8.9951547,0.16,345.37,1807 - Radolfzell JC 72003,Anas platyrhynchos
2012-08-30T00:01:19Z,47.7666438,8.994969,0.39,337.51,1807 - Radolfzell JC 72003,Anas platyrhynchos
2012-09-04T10:01:27Z,47.7670564,8.9959603,0.08,8.52,1807b - Radolfzell JC72021,Anas platyrhynchos
2012-09-05T00:00:55Z,47.7596519,9.0101201,0.19,20.32,1807b - Radolfzell JC72021,Anas platyrhynchos
2012-09-06T00:00:49Z,47.7574773,9.0204429,0.14,3.28,1807b - Radolfzell JC72021,Anas platyrhynchos
2012-09-07T00:01:26Z,47.7665193,8.9952473,0.55,33.42,1807b - Radolfzell JC72021,Anas platyrhynchos
2012-09-08T00:01:14Z,47.7668137,8.997447,0.58,321.78,1807b - Radolfzell JC72021,Anas platyrhynchos
2012-09-09T00:01:20Z,47.7666961,8.9972655,0.02,313.26,1807b - Radolfzell JC72021,Anas platyrhynchos
2012-09-10T00:02:14Z,47.7666805,8.9971397,0.31,3.28,1807b - Radolfzell JC72021,Anas platyrhynchos
2012-09-11T00:01:45Z,47.7667402,8.9972347,0.81,0,1807b - Radolfzell JC72021,Anas platyrhynchos
2012-09-12T00:01:44Z,47.7667021,8.9972604,0.04,17.04,1807b - Radolfzell JC72021,Anas platyrhynchos
2012-09-13T00:01:55Z,47.7665604,8.9974432,0.48,269.35,1807b - Radolfzell JC72021,Anas platyrhynchos
2012-09-14T00:01:56Z,47.7664346,8.9982064,0.27,235.27,1807b - Radolfzell JC72021,Anas platyrhynchos
2012-09-15T00:02:19Z,47.766394,8.9973578,1.81,321.78,1807b - Radolfzell JC72021,Anas platyrhynchos
2012-09-16T00:00:44Z,47.7666134,8.9971984,0.95,39.98,1807b - Radolfzell JC72021,Anas platyrhynchos
2012-09-17T00:00:57Z,47.7515879,9.0125105,0.54,26.21,1807b - Radolfzell JC72021,Anas platyrhynchos
2012-09-18T00:01:26Z,47.765732,8.9954058,1.2,176.29,1807b - Radolfzell JC72021,Anas platyrhynchos
2012-09-19T00:01:20Z,47.7574544,9.0204367,0.21,258.87,1807b - Radolfzell JC72021,Anas platyrhynchos
2012-09-20T00:01:26Z,47.7667679,8.9952194,0.28,346.69,1807b - Radolfzell JC72021,Anas platyrhynchos
2012-09-21T00:00:57Z,47.7667163,8.9972707,0.43,26.87,1807b - Radolfzell JC72021,Anas platyrhynchos
2012-09-22T00:01:26Z,47.7663595,8.9974837,0.74,309.99,1807b - Radolfzell JC72021,Anas platyrhynchos
2012-09-23T00:00:57Z,47.7358654,9.0068011,0.15,331.61,1807b - Radolfzell JC72021,Anas platyrhynchos
2012-09-24T00:01:14Z,47.7658642,8.9970299,0.31,351.27,1807b - Radolfzell JC72021,Anas platyrhynchos
2012-09-25T00:00:56Z,47.7661804,8.997505,0.23,53.08,1807b - Radolfzell JC72021,Anas platyrhynchos
2012-09-26T00:01:01Z,47.7574596,9.0204329,0.01,11.8,1807b - Radolfzell JC72021,Anas platyrhynchos
2012-09-27T00:01:21Z,47.7575779,9.0211819,0.26,17.04,1807b - Radolfzell JC72021,Anas platyrhynchos
2012-09-28T00:00:48Z,47.757262,9.0216633,0,1.31,1807b - Radolfzell JC72021,Anas platyrhynchos
2012-09-29T00:01:08Z,47.7666507,8.9973162,0.07,129.76,1807b - Radolfzell JC72021,Anas platyrhynchos
2012-09-30T00:00:55Z,47.7573168,9.0216006,0.28,345.37,1807b - Radolfzell JC72021,Anas platyrhynchos
2012-10-01T00:00:56Z,47.7666616,8.9972338,0.36,347.34,1807b - Radolfzell JC72021,Anas platyrhynchos
2012-10-02T00:00:51Z,47.7577192,9.0211049,0.19,29.49,1807b - Radolfzell JC72021,Anas platyrhynchos
2012-10-03T00:01:14Z,47.7669107,8.9950994,0.13,6.55,1807b - Radolfzell JC72021,Anas platyrhynchos
2012-10-04T00:01:27Z,47.7666915,8.9971895,0.38,47.84,1807b - Radolfzell JC72021,Anas platyrhynchos
2012-10-05T00:00:55Z,47.7667914,8.9972349,0.13,324.4,1807b - Radolfzell JC72021,Anas platyrhynchos
2012-10-06T00:00:49Z,47.7666324,8.9973369,0.2,348.65,1807b - Radolfzell JC72021,Anas platyrhynchos
2012-10-07T00:01:20Z,47.7665933,8.9972096,0.27,349.96,1807b - Radolfzell JC72021,Anas platyrhynchos
2012-10-08T00:01:56Z,47.7670341,8.995219,0.56,32.77,1807b - Radolfzell JC72021,Anas platyrhynchos
2012-10-09T00:01:37Z,47.7667461,8.9953706,0.01,106.17,1807b - Radolfzell JC72021,Anas platyrhynchos
2012-10-10T00:02:09Z,47.7667446,8.9953974,0.86,276.56,1807b - Radolfzell JC72021,Anas platyrhynchos
2012-10-11T00:00:57Z,47.7668219,8.9975133,2.44,35.39,1807b - Radolfzell JC72021,Anas platyrhynchos
2012-10-12T00:02:20Z,47.7668042,8.9954139,0.07,297.53,1807b - Radolfzell JC72021,Anas platyrhynchos
2012-10-13T00:00:56Z,47.7666263,8.9973295,0.58,0.66,1807b - Radolfzell JC72021,Anas platyrhynchos
2012-10-14T00:00:43Z,47.7662819,8.9973819,0.15,353.24,1807b - Radolfzell JC72021,Anas platyrhynchos
2012-10-15T00:00:56Z,47.7670906,8.9976931,0.04,325.71,1807b - Radolfzell JC72021,Anas platyrhynchos
2012-10-16T00:00:56Z,47.7665736,8.9954579,2.4,358.48,1807b - Radolfzell JC72021,Anas platyrhynchos
2012-10-17T00:00:55Z,47.7666995,8.9953947,2.46,112.07,1807b - Radolfzell JC72021,Anas platyrhynchos
2012-10-18T00:00:50Z,47.766834,8.9953159,0.39,29.49,1807b - Radolfzell JC72021,Anas platyrhynchos
2012-10-19T00:00:56Z,47.7667774,8.9952773,0.37,25.56,1807b - Radolfzell JC72021,Anas platyrhynchos
2012-10-21T09:00:56Z,47.7661858,8.9977029,0.29,344.72,1807b - Radolfzell JC72021,Anas platyrhynchos
2012-10-22T00:01:50Z,47.7665216,8.9962092,0.97,116,1807b - Radolfzell JC72021,Anas platyrhynchos
2012-10-23T00:01:27Z,47.7667452,8.9952682,0.64,21.63,1807b - Radolfzell JC72021,Anas platyrhynchos
2012-10-24T00:01:43Z,47.7669623,8.9952067,0.26,327.68,1807b - Radolfzell JC72021,Anas platyrhynchos
2012-10-25T00:01:20Z,47.7667262,8.995284,0.3,359.14,1807b - Radolfzell JC72021,Anas platyrhynchos
2012-10-26T00:00:56Z,47.7667281,8.9953861,0.41,19.66,1807b - Radolfzell JC72021,Anas platyrhynchos
2012-10-27T00:00:55Z,47.7667415,8.9951293,0.65,321.13,1807b - Radolfzell JC72021,Anas platyrhynchos
2012-10-28T12:00:56Z,47.766251,8.9976004,0.37,348.65,1807b - Radolfzell JC72021,Anas platyrhynchos
2012-10-29T12:00:44Z,47.7598448,9.0102752,0.57,332.92,1807b - Radolfzell JC72021,Anas platyrhynchos
2012-10-30T00:00:57Z,47.7664251,8.9951091,0.18,44.56,1807b - Radolfzell JC72021,Anas platyrhynchos
2012-11-01T12:02:00Z,47.7646636,8.996366,1.01,203.16,1807b - Radolfzell JC72021,Anas platyrhynchos
2012-11-03T12:30:43Z,47.7659586,8.9977157,1.11,236.58,1807b - Radolfzell JC72021,Anas platyrhynchos
2012-11-04T12:00:43Z,47.7592713,9.0100679,0.15,351.93,1807b - Radolfzell JC72021,Anas platyrhynchos
2012-11-09T12:01:13Z,47.7660481,8.9977336,0.16,203.16,1807b - Radolfzell JC72021,Anas platyrhynchos
2012-11-15T12:00:25Z,47.7598741,9.0100746,0.28,0,1807b - Radolfzell JC72021,Anas platyrhynchos
2012-12-04T11:59:26Z,47.7596629,9.010166,0.21,3.28,1807b - Radolfzell JC72021,Anas platyrhynchos
2012-12-06T12:00:56Z,47.7597507,9.0101134,0.09,346.69,1807b - Radolfzell JC72021,Anas platyrhynchos
2012-12-10T12:00:43Z,47.7603835,9.0110375,1.01,5.24,1807b - Radolfzell JC72021,Anas platyrhynchos
2012-12-11T12:00:43Z,47.760354,9.0109192,0.03,14.42,1807b - Radolfzell JC72021,Anas platyrhynchos
2012-12-12T00:00:57Z,47.7669063,8.9968574,0.59,2.62,1807b - Radolfzell JC72021,Anas platyrhynchos
2012-12-13T00:01:14Z,47.7582439,9.0109748,0.15,341.44,1807b - Radolfzell JC72021,Anas platyrhynchos
2012-12-14T12:00:50Z,47.7602964,9.0108677,0.41,20.97,1807b - Radolfzell JC72021,Anas platyrhynchos
2012-12-15T12:00:55Z,47.7383233,9.001186,0.12,350.62,1807b - Radolfzell JC72021,Anas platyrhynchos
2012-12-16T00:00:50Z,47.7570013,9.0068336,0.16,352.58,1807b - Radolfzell JC72021,Anas platyrhynchos
2012-12-17T12:00:56Z,47.7592199,9.0102335,0.22,20.32,1807b - Radolfzell JC72021,Anas platyrhynchos
2012-12-18T12:00:44Z,47.759133,9.0103484,0.35,24.25,1807b - Radolfzell JC72021,Anas platyrhynchos
2012-12-19T12:01:13Z,47.7591307,9.0103429,0.01,333.58,1807b - Radolfzell JC72021,Anas platyrhynchos
2012-12-20T12:00:44Z,47.760097,9.0103512,0.18,81.92,1807b - Radolfzell JC72021,Anas platyrhynchos
2012-12-21T12:00:50Z,47.7601187,9.0103746,0.1,339.48,1807b - Radolfzell JC72021,Anas platyrhynchos
2012-12-22T00:02:27Z,47.7556731,9.0088419,0.34,349.96,1807b - Radolfzell JC72021,Anas platyrhynchos
2012-12-24T12:00:49Z,47.7592119,9.010093,0.03,321.13,1807b - Radolfzell JC72021,Anas platyrhynchos
2012-12-25T00:01:19Z,47.7579513,9.0109807,0.84,15.07,1807b - Radolfzell JC72021,Anas platyrhynchos
2012-12-26T12:00:44Z,47.7595744,9.0101407,0.21,3.28,1807b - Radolfzell JC72021,Anas platyrhynchos
2012-12-27T00:00:43Z,47.7556263,9.0089158,0.06,2.62,1807b - Radolfzell JC72021,Anas platyrhynchos
2012-12-28T12:00:56Z,47.7592677,9.0103123,0.74,96.34,1807b - Radolfzell JC72021,Anas platyrhynchos
2012-12-29T12:00:49Z,47.7598471,9.0100662,0.05,11.8,1807b - Radolfzell JC72021,Anas platyrhynchos
2012-12-30T00:01:15Z,47.7558967,9.0079862,0.29,355.21,1807b - Radolfzell JC72021,Anas platyrhynchos
2012-12-31T12:00:49Z,47.7375866,9.0030281,0.09,349.96,1807b - Radolfzell JC72021,Anas platyrhynchos
2013-01-01T12:00:57Z,47.7600851,9.0103393,0.07,334.23,1807b - Radolfzell JC72021,Anas platyrhynchos
2013-01-02T12:00:56Z,47.7600333,9.0103747,0.1,33.42,1807b - Radolfzell JC72021,Anas platyrhynchos
2013-01-03T12:01:00Z,47.7593028,9.0100437,0,350.62,1807b - Radolfzell JC72021,Anas platyrhynchos
2013-01-04T12:00:55Z,47.7592928,9.0100347,0.17,28.18,1807b - Radolfzell JC72021,Anas platyrhynchos
2013-01-08T12:00:26Z,47.7596261,9.0100964,0.18,341.44,1807b - Radolfzell JC72021,Anas platyrhynchos
2013-01-10T12:00:43Z,47.7596637,9.0100648,0.17,7.21,1807b - Radolfzell JC72021,Anas platyrhynchos
2013-01-11T12:00:56Z,47.7596587,9.0100519,0.22,4.59,1807b - Radolfzell JC72021,Anas platyrhynchos
2013-01-12T12:00:45Z,47.7596481,9.0100434,0.6,36.7,1807b - Radolfzell JC72021,Anas platyrhynchos
2013-01-13T00:00:50Z,47.7582978,9.010795,0.58,6.55,1807b - Radolfzell JC72021,Anas platyrhynchos
2013-01-15T12:00:44Z,47.7601001,9.0102453,0.24,39.98,1807b - Radolfzell JC72021,Anas platyrhynchos
2013-01-16T12:00:56Z,47.7589509,9.0109489,0.06,51.12,1807b - Radolfzell JC72021,Anas platyrhynchos
2013-01-17T12:00:57Z,47.7596536,9.0100807,0.11,3.28,1807b - Radolfzell JC72021,Anas platyrhynchos
2013-01-18T12:00:55Z,47.7596432,9.0100926,0.13,340.13,1807b - Radolfzell JC72021,Anas platyrhynchos
2013-01-19T12:00:55Z,47.7597364,9.0101729,0.34,191.37,1807b - Radolfzell JC72021,Anas platyrhynchos
2013-01-20T12:00:57Z,47.7598432,9.0101654,0.34,68.81,1807b - Radolfzell JC72021,Anas platyrhynchos
2013-01-21T12:00:44Z,47.7603393,9.0106301,0.08,346.69,1807b - Radolfzell JC72021,Anas platyrhynchos
2013-01-22T12:00:50Z,47.7592929,9.0101067,0.07,11.8,1807b - Radolfzell JC72021,Anas platyrhynchos
2013-01-23T00:01:50Z,47.7667029,8.9972053,0.55,72.09,1807b - Radolfzell JC72021,Anas platyrhynchos
2013-01-24T00:01:26Z,47.7668659,8.9972424,0.55,11.14,1807b - Radolfzell JC72021,Anas platyrhynchos
2013-01-25T12:00:44Z,47.7594854,9.0100489,0.2,343.41,1807b - Radolfzell JC72021,Anas platyrhynchos
2013-01-26T00:01:20Z,47.7669167,8.9967465,0.18,0,1807b - Radolfzell JC72021,Anas platyrhynchos
2013-01-27T12:00:49Z,47.7375794,9.0029632,0.13,330.96,1807b - Radolfzell JC72021,Anas platyrhynchos
2013-01-28T00:02:19Z,47.7667186,8.9970712,0.43,90.44,1807b - Radolfzell JC72021,Anas platyrhynchos
2013-01-29T00:01:20Z,47.7667383,8.9971147,0.17,9.18,1807b - Radolfzell JC72021,Anas platyrhynchos
2013-01-30T12:00:49Z,47.7593485,9.0099985,0.09,340.13,1807b - Radolfzell JC72021,Anas platyrhynchos
2013-01-31T09:00:44Z,47.7596605,9.0100901,0.07,24.9,1807b - Radolfzell JC72021,Anas platyrhynchos
2013-02-01T00:00:44Z,47.7557335,9.0090143,0.24,23.59,1807b - Radolfzell JC72021,Anas platyrhynchos
2013-02-02T00:01:15Z,47.7556097,9.0090152,0.23,25.56,1807b - Radolfzell JC72021,Anas platyrhynchos
2013-02-03T09:00:49Z,47.7596505,9.0100914,0.27,0.66,1807b - Radolfzell JC72021,Anas platyrhynchos
2013-02-04T00:00:57Z,47.7583485,9.0108255,1.45,331.61,1807b - Radolfzell JC72021,Anas platyrhynchos
2013-02-05T12:00:49Z,47.7593652,9.0100216,0.02,13.76,1807b - Radolfzell JC72021,Anas platyrhynchos
2013-02-06T00:02:19Z,47.7580687,9.0108836,0.03,187.43,1807b - Radolfzell JC72021,Anas platyrhynchos
2013-02-07T00:00:57Z,47.7579011,9.0109055,0.15,154.01,1807b - Radolfzell JC72021,Anas platyrhynchos
2013-02-08T00:00:55Z,47.7667707,8.9970543,0.26,45.22,1807b - Radolfzell JC72021,Anas platyrhynchos
2013-02-09T03:01:25Z,47.7666639,8.9972083,0.53,355.86,1807b - Radolfzell JC72021,Anas platyrhynchos
2013-02-10T00:01:26Z,47.7667209,8.9967797,0.49,333.58,1807b - Radolfzell JC72021,Anas platyrhynchos
2013-02-11T00:02:22Z,47.7667991,8.9967082,0.46,219.55,1807b - Radolfzell JC72021,Anas platyrhynchos
2013-02-12T00:01:26Z,47.7668313,8.9968155,1.45,15.07,1807b - Radolfzell JC72021,Anas platyrhynchos
2013-02-13T00:00:50Z,47.7665547,8.9970436,0.4,312.61,1807b - Radolfzell JC72021,Anas platyrhynchos
2013-02-14T00:00:56Z,47.7668548,8.9967069,0.07,24.9,1807b - Radolfzell JC72021,Anas platyrhynchos
2013-02-15T00:01:26Z,47.766855,8.9971343,0.35,49.81,1807b - Radolfzell JC72021,Anas platyrhynchos
2013-02-16T00:01:40Z,47.7664038,8.9969751,2.18,186.12,1807b - Radolfzell JC72021,Anas platyrhynchos
2013-02-17T00:01:50Z,47.7665214,8.9971656,6.73,182.19,1807b - Radolfzell JC72021,Anas platyrhynchos
2013-02-18T00:00:50Z,47.7665736,8.9970058,0.19,7.21,1807b - Radolfzell JC72021,Anas platyrhynchos
2013-02-19T00:00:34Z,47.7672424,8.9972609,2.04,194.64,1807b - Radolfzell JC72021,Anas platyrhynchos
2013-02-20T00:00:16Z,47.7656099,8.9965662,1,182.19,1807b - Radolfzell JC72021,Anas platyrhynchos
2013-02-21T00:01:19Z,47.766872,8.9972794,0.49,13.76,1807b - Radolfzell JC72021,Anas platyrhynchos
2013-02-22T00:01:06Z,47.7666512,8.9970829,0.11,351.27,1807b - Radolfzell JC72021,Anas platyrhynchos
2013-02-23T00:00:55Z,47.7668235,8.997192,0.21,2.62,1807b - Radolfzell JC72021,Anas platyrhynchos
2013-02-24T00:00:50Z,47.7668938,8.9967547,0.38,46.53,1807b - Radolfzell JC72021,Anas platyrhynchos
2013-02-25T00:00:43Z,47.7667651,8.9972454,0.25,359.14,1807b - Radolfzell JC72021,Anas platyrhynchos
2013-02-26T00:00:55Z,47.7667985,8.9974241,0.14,2.62,1807b - Radolfzell JC72021,Anas platyrhynchos
2013-02-27T00:00:57Z,47.7668039,8.9971451,0.14,321.13,1807b - Radolfzell JC72021,Anas platyrhynchos
2013-02-28T00:00:44Z,47.7667832,8.9972008,0.8,10.49,1807b - Radolfzell JC72021,Anas platyrhynchos
2013-03-01T00:00:55Z,47.7668465,8.9973026,0.19,3.93,1807b - Radolfzell JC72021,Anas platyrhynchos
2013-03-02T00:00:55Z,47.7507752,9.0127697,0.2,3.93,1807b - Radolfzell JC72021,Anas platyrhynchos
2013-03-03T00:01:20Z,47.7667208,8.9971128,0.09,349.31,1807b - Radolfzell JC72021,Anas platyrhynchos
2013-03-04T00:00:56Z,47.7667932,8.9972066,0.19,7.21,1807b - Radolfzell JC72021,Anas platyrhynchos
2013-03-05T00:00:57Z,47.7668924,8.9971946,0.19,308.02,1807b - Radolfzell JC72021,Anas platyrhynchos
2013-03-06T00:00:50Z,47.766755,8.9972173,0.53,356.52,1807b - Radolfzell JC72021,Anas platyrhynchos
2013-03-07T00:00:57Z,47.7666974,8.9972218,0.69,317.19,1807b - Radolfzell JC72021,Anas platyrhynchos
2013-03-08T00:00:56Z,47.766749,8.9971559,0.23,25.56,1807b - Radolfzell JC72021,Anas platyrhynchos
2013-03-09T00:00:09Z,47.75061,9.0127598,0.19,0,1807b - Radolfzell JC72021,Anas platyrhynchos
2013-03-10T00:00:31Z,47.7506184,9.0119861,0.66,355.21,1807b - Radolfzell JC72021,Anas platyrhynchos
2013-03-11T00:01:26Z,47.7506033,9.0120703,0.06,20.97,1807b - Radolfzell JC72021,Anas platyrhynchos
2013-03-12T00:01:26Z,47.7582007,9.010831,0.2,321.78,1807b - Radolfzell JC72021,Anas platyrhynchos
2013-03-13T00:00:49Z,47.7504846,9.0121169,0.01,340.79,1807b - Radolfzell JC72021,Anas platyrhynchos
2013-03-14T00:01:21Z,47.7667542,8.997158,0.97,0.66,1807b - Radolfzell JC72021,Anas platyrhynchos
2013-03-15T00:01:56Z,47.766692,8.997161,0.46,4.59,1807b - Radolfzell JC72021,Anas platyrhynchos
2013-03-16T12:01:30Z,47.7662261,8.9972664000000009,0.03,9.18,1807b - Radolfzell JC72021,Anas platyrhynchos
2013-03-17T00:01:51Z,47.7665329,8.9977548,0.36,337.51,1807b - Radolfzell JC72021,Anas platyrhynchos
2013-03-18T00:01:26Z,47.7667344,8.9970411,0.46,346.69,1807b - Radolfzell JC72021,Anas platyrhynchos
2013-03-19T00:01:14Z,47.7668123,8.9975223,0.18,338.17,1807b - Radolfzell JC72021,Anas platyrhynchos
2013-03-20T00:00:52Z,47.7544226,9.0109574,0.04,355.86,1807b - Radolfzell JC72021,Anas platyrhynchos
2012-05-08T23:01:46Z,47.7648699,8.996617,1.18,133.69,1808 - Radolfzell JC 70789,Anas platyrhynchos
2012-05-09T00:00:43Z,47.7649242,8.9960487,0.55,49.81,1808 - Radolfzell JC 70789,Anas platyrhynchos
2012-05-10T00:00:32Z,47.7651765,8.9960112,0.11,143.52,1808 - Radolfzell JC 70789,Anas platyrhynchos
2012-05-11T00:00:47Z,47.7650232,8.9963102,0.96,150.73,1808 - Radolfzell JC 70789,Anas platyrhynchos
2012-05-12T00:00:43Z,47.7650766,8.9960949,0.56,37.36,1808 - Radolfzell JC 70789,Anas platyrhynchos
2012-05-13T00:00:52Z,47.7651523,8.9959925,0.03,3.28,1808 - Radolfzell JC 70789,Anas platyrhynchos
2012-05-14T00:00:54Z,47.7650714,8.9961725,0.34,125.17,1808 - Radolfzell JC 70789,Anas platyrhynchos
2012-05-23T16:00:38Z,47.7654457,8.9961349,0.26,7.86,1808 - Radolfzell JC 70789,Anas platyrhynchos
2012-05-24T11:01:49Z,47.754467,9.0073935,0.25,351.93,1808 - Radolfzell JC 70789,Anas platyrhynchos
2012-05-25T00:00:20Z,47.752641,9.0100354,1.02,28.18,1808 - Radolfzell JC 70789,Anas platyrhynchos
2012-05-26T10:01:01Z,47.7511388,9.0125877,0.01,328.34,1808 - Radolfzell JC 70789,Anas platyrhynchos
2012-05-27T00:00:56Z,47.7496868,9.0138987,0.09,28.18,1808 - Radolfzell JC 70789,Anas platyrhynchos
2012-05-28T11:01:01Z,47.753021,9.0095136,0,329.65,1808 - Radolfzell JC 70789,Anas platyrhynchos
2012-05-29T07:00:43Z,47.7528194,9.0095997,0.22,356.52,1808 - Radolfzell JC 70789,Anas platyrhynchos
2012-05-30T00:00:55Z,47.7513609,9.0121602,0.05,351.27,1808 - Radolfzell JC 70789,Anas platyrhynchos
2012-05-31T00:01:19Z,47.7514616,9.011851,0.45,28.18,1808 - Radolfzell JC 70789,Anas platyrhynchos
2012-06-01T00:00:56Z,47.7514084,9.0118554,0.12,344.06,1808 - Radolfzell JC 70789,Anas platyrhynchos
2012-06-02T07:01:14Z,47.7512953,9.011886,0.2,0.66,1808 - Radolfzell JC 70789,Anas platyrhynchos
2012-06-03T00:00:38Z,47.74968,9.0127761,0.25,253.62,1808 - Radolfzell JC 70789,Anas platyrhynchos
2012-06-04T10:00:56Z,47.7528466,9.0094251,0.19,338.17,1808 - Radolfzell JC 70789,Anas platyrhynchos
2012-06-05T10:01:01Z,47.7496558,9.0126292,0.37,337.51,1808 - Radolfzell JC 70789,Anas platyrhynchos
2012-06-06T00:00:25Z,47.7498478,9.0127534,0.15,353.89,1808 - Radolfzell JC 70789,Anas platyrhynchos
2012-06-07T00:00:50Z,47.7500718,9.0126803,0.28,99.61,1808 - Radolfzell JC 70789,Anas platyrhynchos
2012-06-08T00:00:56Z,47.7516184,9.0118317,0.19,3.28,1808 - Radolfzell JC 70789,Anas platyrhynchos
2012-06-09T00:00:56Z,47.7496871,9.0127582,0.27,298.19,1808 - Radolfzell JC 70789,Anas platyrhynchos
2012-06-10T00:00:45Z,47.7500494,9.0126504,0.28,329.65,1808 - Radolfzell JC 70789,Anas platyrhynchos
2012-06-11T00:00:56Z,47.75003,9.012603,0.11,26.21,1808 - Radolfzell JC 70789,Anas platyrhynchos
2012-06-12T00:00:40Z,47.7497293,9.0127354,0.12,120.59,1808 - Radolfzell JC 70789,Anas platyrhynchos
2012-06-13T08:01:01Z,47.7528946,9.0095351,0,346.69,1808 - Radolfzell JC 70789,Anas platyrhynchos
2012-06-14T00:00:56Z,47.7501629,9.012465,0.04,356.52,1808 - Radolfzell JC 70789,Anas platyrhynchos
2012-06-15T00:00:44Z,47.7526636,9.0099083,0.08,332.27,1808 - Radolfzell JC 70789,Anas platyrhynchos
2012-06-16T09:00:55Z,47.7530262,9.0086397,0,348,1808 - Radolfzell JC 70789,Anas platyrhynchos
2012-06-17T00:00:37Z,47.7528368,9.0096183,0.53,81.92,1808 - Radolfzell JC 70789,Anas platyrhynchos
2012-06-18T00:01:03Z,47.74972,9.0129207,0.16,56.36,1808 - Radolfzell JC 70789,Anas platyrhynchos
2012-06-19T12:00:54Z,47.752502,9.0098613,0.2,316.54,1808 - Radolfzell JC 70789,Anas platyrhynchos
2012-06-20T07:00:55Z,47.7528011,9.0092865,0.17,29.49,1808 - Radolfzell JC 70789,Anas platyrhynchos
2012-06-21T10:00:49Z,47.7497201,9.0127547,0.13,4.59,1808 - Radolfzell JC 70789,Anas platyrhynchos
2012-06-22T00:00:43Z,47.7495835,9.0127651,0.14,16.38,1808 - Radolfzell JC 70789,Anas platyrhynchos
2012-06-23T00:00:18Z,47.7495948,9.0129707,1.63,232.65,1808 - Radolfzell JC 70789,Anas platyrhynchos
2012-06-24T00:00:20Z,47.7495914,9.0128499,0.61,24.25,1808 - Radolfzell JC 70789,Anas platyrhynchos
2012-06-25T00:00:53Z,47.7500913,9.0124949,0.38,14.42,1808 - Radolfzell JC 70789,Anas platyrhynchos
2012-06-26T00:00:55Z,47.7496251,9.0127372,0.29,30.15,1808 - Radolfzell JC 70789,Anas platyrhynchos
2012-06-27T01:02:09Z,47.7665986,8.9949788,0.75,346.69,1808 - Radolfzell JC 70789,Anas platyrhynchos
2012-06-28T00:00:55Z,47.7668059,8.9952379,0.08,35.39,1808 - Radolfzell JC 70789,Anas platyrhynchos
2012-06-29T09:01:40Z,47.7665479,8.9971193,0.32,204.47,1808 - Radolfzell JC 70789,Anas platyrhynchos
2012-06-30T00:01:13Z,47.7667694,8.9954814,0.08,30.8,1808 - Radolfzell JC 70789,Anas platyrhynchos
2012-07-01T00:00:56Z,47.7667499,8.9972571,0.57,3.28,1808 - Radolfzell JC 70789,Anas platyrhynchos
2012-07-02T15:00:55Z,47.7672132,8.9971533,0.02,173.67,1808 - Radolfzell JC 70789,Anas platyrhynchos
2012-07-03T08:01:30Z,47.7666565,8.9971805,0.16,336.2,1808 - Radolfzell JC 70789,Anas platyrhynchos
2012-07-04T14:01:01Z,47.7667309,8.9972875,0.01,338.17,1808 - Radolfzell JC 70789,Anas platyrhynchos
2012-07-05T00:00:45Z,47.7662305,8.9952766,1.8,209.06,1808 - Radolfzell JC 70789,Anas platyrhynchos
2012-07-06T00:00:49Z,47.7664718,8.9952941,0.25,328.99,1808 - Radolfzell JC 70789,Anas platyrhynchos
2012-07-07T00:01:21Z,47.7667068,8.9952621,1.71,39.98,1808 - Radolfzell JC 70789,Anas platyrhynchos
2012-09-05T14:27:19Z,47.7415613,8.9824186,0.2,356.52,1808 - Radolfzell JC 70789,Anas platyrhynchos
2012-09-06T00:00:27Z,47.7415947,8.9822554,0.36,0.66,1808 - Radolfzell JC 70789,Anas platyrhynchos
2012-09-07T00:00:31Z,47.7416242,8.9823176,0.07,28.84,1808 - Radolfzell JC 70789,Anas platyrhynchos
2012-09-08T00:00:40Z,47.7415838,8.9822029,0.36,23.59,1808 - Radolfzell JC 70789,Anas platyrhynchos
2012-09-09T00:00:45Z,47.7415037,8.982526,0.03,290.32,1808 - Radolfzell JC 70789,Anas platyrhynchos
2012-09-10T00:01:25Z,47.7416195,8.9823183,0.26,13.76,1808 - Radolfzell JC 70789,Anas platyrhynchos
2012-09-11T00:00:38Z,47.7415418,8.9827097,1.71,103.55,1808 - Radolfzell JC 70789,Anas platyrhynchos
2012-09-12T00:00:38Z,47.7415306,8.9822308,0.02,17.69,1808 - Radolfzell JC 70789,Anas platyrhynchos
2012-09-13T00:00:56Z,47.7415807,8.9823019,0.07,4.59,1808 - Radolfzell JC 70789,Anas platyrhynchos
2012-09-14T00:00:32Z,47.7417501,8.982344,0.38,2.62,1808 - Radolfzell JC 70789,Anas platyrhynchos
2012-09-15T00:00:15Z,47.741558,8.9823081,0.1,17.04,1808 - Radolfzell JC 70789,Anas platyrhynchos
2012-09-16T00:00:36Z,47.7667571,8.9972722,0.19,97.65,1808 - Radolfzell JC 70789,Anas platyrhynchos
2012-09-17T00:00:55Z,47.7665049,8.997339,0.17,20.97,1808 - Radolfzell JC 70789,Anas platyrhynchos
2012-09-18T00:01:13Z,47.766938,8.9974254,0.41,220.86,1808 - Radolfzell JC 70789,Anas platyrhynchos
2012-09-19T00:01:13Z,47.766452,8.9974864,0.4,50.46,1808 - Radolfzell JC 70789,Anas platyrhynchos
2012-09-20T00:00:49Z,47.7666309,8.9972676,0.2,2.62,1808 - Radolfzell JC 70789,Anas platyrhynchos
2012-09-21T00:00:49Z,47.7666625,8.9972372,1.13,131.73,1808 - Radolfzell JC 70789,Anas platyrhynchos
2012-09-22T00:00:56Z,47.7666628,8.9972591,1.54,340.13,1808 - Radolfzell JC 70789,Anas platyrhynchos
2012-09-23T00:01:44Z,47.7669296,8.9971488,2.18,331.61,1808 - Radolfzell JC 70789,Anas platyrhynchos
2012-09-24T00:00:49Z,47.7668509,8.9970916,0.33,11.8,1808 - Radolfzell JC 70789,Anas platyrhynchos
2012-09-25T00:00:55Z,47.7504511,9.0108943,0.13,353.24,1808 - Radolfzell JC 70789,Anas platyrhynchos
2012-09-26T00:00:56Z,47.7504637,9.0109201,0.38,3.93,1808 - Radolfzell JC 70789,Anas platyrhynchos
2012-09-27T00:00:55Z,47.750507,9.011117,0.08,353.89,1808 - Radolfzell JC 70789,Anas platyrhynchos
2012-09-28T00:00:56Z,47.7504395,9.01105,0.07,354.55,1808 - Radolfzell JC 70789,Anas platyrhynchos
2012-09-29T00:00:38Z,47.7492898,9.0125429,0.09,26.87,1808 - Radolfzell JC 70789,Anas platyrhynchos
2012-09-30T00:00:56Z,47.749436,9.0123997,0.11,2.62,1808 - Radolfzell JC 70789,Anas platyrhynchos
2012-10-01T00:01:19Z,47.7514426,9.0102696,0.14,354.55,1808 - Radolfzell JC 70789,Anas platyrhynchos
2012-10-02T00:01:26Z,47.7514599,9.0103156,0.02,351.93,1808 - Radolfzell JC 70789,Anas platyrhynchos
2012-10-03T00:00:53Z,47.7514248,9.0102375,0.22,3.28,1808 - Radolfzell JC 70789,Anas platyrhynchos
2012-10-04T00:01:13Z,47.7526203,9.009445,0.25,1.31,1808 - Radolfzell JC 70789,Anas platyrhynchos
2012-10-05T00:00:56Z,47.7526709,9.0094733,0.11,24.9,1808 - Radolfzell JC 70789,Anas platyrhynchos
2012-10-21T15:01:20Z,47.752963,9.0094693,0.23,338.82,1808 - Radolfzell JC 70789,Anas platyrhynchos
2012-05-12T07:31:55Z,47.7670167,8.9954966,0.92,327.68,1809 - Radolfzell JC 62429,Anas platyrhynchos
2012-05-13T02:00:56Z,47.7665493,8.9948164,0.08,8.52,1809 - Radolfzell JC 62429,Anas platyrhynchos
2012-05-14T00:00:21Z,47.7670347,8.9962372,0.39,349.31,1809 - Radolfzell JC 62429,Anas platyrhynchos
2012-05-15T02:01:14Z,47.7669953,8.9960467,0.2,338.17,1809 - Radolfzell JC 62429,Anas platyrhynchos
2012-05-16T00:01:20Z,47.7670069,8.9960074,0.74,353.89,1809 - Radolfzell JC 62429,Anas platyrhynchos
2012-05-17T01:00:43Z,47.7665254,8.9953033,0.38,358.48,1809 - Radolfzell JC 62429,Anas platyrhynchos
2012-08-29T11:55:30Z,47.726865599999996,8.9991221,0,19.01,1809b - Radolfzell JC 72002,Anas platyrhynchos
2012-09-14T07:53:31Z,47.7667518,8.9954905,0.01,300.81,2311 - Radolfzell JC 70799,Anas platyrhynchos
2012-09-15T00:01:02Z,47.7666763,8.9954027,0.65,328.99,2311 - Radolfzell JC 70799,Anas platyrhynchos
2012-09-16T00:00:56Z,47.7667063,8.9953596,0.06,8.52,2311 - Radolfzell JC 70799,Anas platyrhynchos
2012-09-17T00:02:26Z,47.7666182,8.9954294,0.59,356.52,2311 - Radolfzell JC 70799,Anas platyrhynchos
2012-09-18T00:01:26Z,47.7666245,8.9951177,0.37,335.54,2311 - Radolfzell JC 70799,Anas platyrhynchos
2012-09-20T15:00:43Z,47.7680568,8.9893645,0.08,21.63,2311 - Radolfzell JC 70799,Anas platyrhynchos
2012-09-21T00:01:26Z,47.7682458,8.9895297,0.34,50.46,2311 - Radolfzell JC 70799,Anas platyrhynchos
2012-09-23T15:00:43Z,47.7679975,8.9893695,0.74,79.95,2311 - Radolfzell JC 70799,Anas platyrhynchos
2012-09-24T00:01:50Z,47.7679951,8.9894209,0.38,352.58,2311 - Radolfzell JC 70799,Anas platyrhynchos
2012-09-25T00:02:19Z,47.768154,8.9894272,0.55,51.12,2311 - Radolfzell JC 70799,Anas platyrhynchos
2012-09-26T00:01:14Z,47.7681476,8.9892914,0.51,351.93,2311 - Radolfzell JC 70799,Anas platyrhynchos
2012-09-27T15:01:14Z,47.7682482,8.9893364,1.37,178.26,2311 - Radolfzell JC 70799,Anas platyrhynchos
2012-09-28T03:02:24Z,47.7680109,8.9893231,0.22,186.12,2311 - Radolfzell JC 70799,Anas platyrhynchos
2012-09-29T06:01:50Z,47.768224,8.9892747,12.74,5.24,2311 - Radolfzell JC 70799,Anas platyrhynchos
2012-09-30T21:02:25Z,47.7681042,8.9893117,0.11,39.98,2311 - Radolfzell JC 70799,Anas platyrhynchos
2012-10-01T06:02:25Z,47.7679116,8.9893362,0.5,7.86,2311 - Radolfzell JC 70799,Anas platyrhynchos
2012-10-02T15:01:56Z,47.768214,8.9894514,0.11,178.26,2311 - Radolfzell JC 70799,Anas platyrhynchos
2012-10-03T03:01:26Z,47.7682859,8.9894284,0.26,194.64,2311 - Radolfzell JC 70799,Anas platyrhynchos
2012-10-04T00:00:57Z,47.7681041,8.9893148,0.27,24.25,2311 - Radolfzell JC 70799,Anas platyrhynchos
2012-09-03T16:24:24Z,47.7376019,9.0030387,0.07,25.56,2312 - Radolfzell JC 72051,Anas platyrhynchos
2012-09-04T00:00:55Z,47.7362273,9.0054295,0.28,344.72,2312 - Radolfzell JC 72051,Anas platyrhynchos
2012-09-05T00:00:25Z,47.7372403,9.0034945,0.17,351.27,2312 - Radolfzell JC 72051,Anas platyrhynchos
2012-09-06T00:00:34Z,47.7374582,9.0032474,0.61,26.21,2312 - Radolfzell JC 72051,Anas platyrhynchos
2012-09-07T00:00:44Z,47.7374804,9.0032173,0.45,1.31,2312 - Radolfzell JC 72051,Anas platyrhynchos
2012-09-08T00:00:32Z,47.7368515,9.0010584,0.26,332.27,2312 - Radolfzell JC 72051,Anas platyrhynchos
2012-09-09T00:00:49Z,47.7377617,9.0020166,0.04,355.86,2312 - Radolfzell JC 72051,Anas platyrhynchos
2012-09-10T00:00:14Z,47.7368442,9.0011655,0.07,356.52,2312 - Radolfzell JC 72051,Anas platyrhynchos
2012-09-11T00:00:29Z,47.7377429,9.0019857,0.17,25.56,2312 - Radolfzell JC 72051,Anas platyrhynchos
2012-09-12T00:00:29Z,47.7379283,9.0021149,0.33,352.58,2312 - Radolfzell JC 72051,Anas platyrhynchos
2012-09-13T00:00:22Z,47.7379788,9.0020834,0.36,354.55,2312 - Radolfzell JC 72051,Anas platyrhynchos
2012-09-14T00:01:13Z,47.7368179,9.0012344,0.43,208.4,2312 - Radolfzell JC 72051,Anas platyrhynchos
2012-09-15T00:00:11Z,47.7377239,9.0020399,0.24,36.7,2312 - Radolfzell JC 72051,Anas platyrhynchos
2012-09-16T00:00:25Z,47.7369802,9.0016832,0.24,32.11,2312 - Radolfzell JC 72051,Anas platyrhynchos
2012-09-17T00:00:43Z,47.7369933,9.0016982,0.1,350.62,2312 - Radolfzell JC 72051,Anas platyrhynchos
2012-09-18T00:00:14Z,47.736977,9.0016968,0.28,350.62,2312 - Radolfzell JC 72051,Anas platyrhynchos
2012-09-19T00:00:18Z,47.738076,9.0021253,0.22,14.42,2312 - Radolfzell JC 72051,Anas platyrhynchos
2012-09-20T00:00:50Z,47.7369297,9.0017608,0.08,0,2312 - Radolfzell JC 72051,Anas platyrhynchos
2012-09-21T00:00:11Z,47.738272,9.0028102,0.34,27.53,2312 - Radolfzell JC 72051,Anas platyrhynchos
2012-09-22T00:00:49Z,47.7381856,9.0018194,0.42,37.36,2312 - Radolfzell JC 72051,Anas platyrhynchos
2012-09-23T00:00:31Z,47.7369878,9.0016541,0.18,30.8,2312 - Radolfzell JC 72051,Anas platyrhynchos
2012-09-24T00:00:43Z,47.737031,9.0015885,0.09,349.31,2312 - Radolfzell JC 72051,Anas platyrhynchos
2012-09-25T00:00:13Z,47.7370113,9.0016653,0.69,316.54,2312 - Radolfzell JC 72051,Anas platyrhynchos
2012-09-26T00:00:11Z,47.7377629,9.0019745,0.11,331.61,2312 - Radolfzell JC 72051,Anas platyrhynchos
2012-09-27T00:00:50Z,47.7382391,9.0021951,0.15,30.15,2312 - Radolfzell JC 72051,Anas platyrhynchos
2012-09-28T00:00:44Z,47.7369599,9.0017302,0.09,35.39,2312 - Radolfzell JC 72051,Anas platyrhynchos
2012-09-29T00:00:50Z,47.7369936,9.0016872,0.13,12.45,2312 - Radolfzell JC 72051,Anas platyrhynchos
2012-09-30T00:00:17Z,47.7369992,9.0017324,0.3,348,2312 - Radolfzell JC 72051,Anas platyrhynchos
2012-10-01T00:00:14Z,47.7369248,9.0017125,0.19,39.98,2312 - Radolfzell JC 72051,Anas platyrhynchos
2012-10-02T00:00:43Z,47.7369856,9.0016611,0.15,36.04,2312 - Radolfzell JC 72051,Anas platyrhynchos
2012-10-03T00:00:27Z,47.7370763,9.0015157,0.2,26.21,2312 - Radolfzell JC 72051,Anas platyrhynchos
2012-10-04T00:00:16Z,47.7382049,9.0026233,0.12,7.21,2312 - Radolfzell JC 72051,Anas platyrhynchos
2012-10-05T00:00:14Z,47.7370437,9.0016375,0.13,22.94,2312 - Radolfzell JC 72051,Anas platyrhynchos
2012-10-06T00:00:49Z,47.7369699,9.001672,0.1,332.27,2312 - Radolfzell JC 72051,Anas platyrhynchos
2012-10-07T00:00:44Z,47.736959,9.0017076,0.13,15.07,2312 - Radolfzell JC 72051,Anas platyrhynchos
2012-10-08T00:00:29Z,47.7378587,9.0020344,0.18,2.62,2312 - Radolfzell JC 72051,Anas platyrhynchos
2012-10-09T00:00:35Z,47.7378317,9.0020629,0.94,332.27,2312 - Radolfzell JC 72051,Anas platyrhynchos
2012-10-10T00:00:13Z,47.7560098,9.0072465,0.41,3.28,2312 - Radolfzell JC 72051,Anas platyrhynchos
2012-10-11T00:00:43Z,47.7548506,9.0077871,0.24,314.57,2312 - Radolfzell JC 72051,Anas platyrhynchos
2012-10-12T00:00:55Z,47.736962,9.0017729,0.04,3.28,2312 - Radolfzell JC 72051,Anas platyrhynchos
2012-10-13T00:00:19Z,47.732714,8.9953879,0.23,357.17,2312 - Radolfzell JC 72051,Anas platyrhynchos
2012-10-14T00:00:55Z,47.7370037,9.0017267,0.09,348,2312 - Radolfzell JC 72051,Anas platyrhynchos
2012-10-15T00:00:56Z,47.7556746,9.0069291,0.23,35.39,2312 - Radolfzell JC 72051,Anas platyrhynchos
2012-10-16T00:00:30Z,47.7552429,9.0067405,0,348,2312 - Radolfzell JC 72051,Anas platyrhynchos
2012-10-17T00:00:13Z,47.7551877,9.0068442,0.27,1.97,2312 - Radolfzell JC 72051,Anas platyrhynchos
2012-10-18T00:00:14Z,47.7551786,9.0068209,0.13,18.35,2312 - Radolfzell JC 72051,Anas platyrhynchos
2012-10-19T00:00:11Z,47.7552012,9.0067013,0.19,17.69,2312 - Radolfzell JC 72051,Anas platyrhynchos
2012-10-21T08:00:55Z,47.7376254,9.0030974,0.18,17.04,2312 - Radolfzell JC 72051,Anas platyrhynchos
2012-10-22T00:00:15Z,47.7374269,9.0021824,0.13,10.49,2312 - Radolfzell JC 72051,Anas platyrhynchos
2012-10-23T00:00:50Z,47.7374397,9.002052,0.07,6.55,2312 - Radolfzell JC 72051,Anas platyrhynchos
2012-10-24T00:00:43Z,47.7374158,9.0020576,0.07,330.3,2312 - Radolfzell JC 72051,Anas platyrhynchos
2012-10-25T00:00:18Z,47.7374584,9.002034,0.24,341.44,2312 - Radolfzell JC 72051,Anas platyrhynchos
2012-10-26T00:00:44Z,47.7374051,9.0019682,0.17,43.25,2312 - Radolfzell JC 72051,Anas platyrhynchos
2012-10-27T00:00:55Z,47.7382931,9.0013641,0.26,1.97,2312 - Radolfzell JC 72051,Anas platyrhynchos
2012-10-28T00:00:50Z,47.73774,9.0020014,0.18,16.38,2312 - Radolfzell JC 72051,Anas platyrhynchos
2012-10-29T00:00:57Z,47.7374161,9.0020595,0.02,17.69,2312 - Radolfzell JC 72051,Anas platyrhynchos
2012-10-30T00:00:44Z,47.7377461,9.001972,0.13,188.74,2312 - Radolfzell JC 72051,Anas platyrhynchos
2012-10-31T00:00:56Z,47.7377244,9.0019708,0.26,41.29,2312 - Radolfzell JC 72051,Anas platyrhynchos
2012-11-01T00:00:29Z,47.7508563,9.0129825,0.12,35.39,2312 - Radolfzell JC 72051,Anas platyrhynchos
2012-11-02T00:00:55Z,47.7378112,9.0020265,0.08,1.97,2312 - Radolfzell JC 72051,Anas platyrhynchos
2012-11-03T00:00:44Z,47.7374151,9.0020234,0.11,348.65,2312 - Radolfzell JC 72051,Anas platyrhynchos
2012-11-04T00:00:30Z,47.7373864,9.0019906,0.2,344.72,2312 - Radolfzell JC 72051,Anas platyrhynchos
2012-11-05T00:00:27Z,47.73767,9.0019918,0.38,169.08,2312 - Radolfzell JC 72051,Anas platyrhynchos
2012-11-06T00:00:49Z,47.7504475,9.0111761,0.21,13.76,2312 - Radolfzell JC 72051,Anas platyrhynchos
2012-11-07T00:00:55Z,47.7505016,9.0111265,0.1,345.37,2312 - Radolfzell JC 72051,Anas platyrhynchos
2012-11-08T00:00:56Z,47.7503107,9.0135094,0.08,7.86,2312 - Radolfzell JC 72051,Anas platyrhynchos
2012-11-09T00:00:50Z,47.7504271,9.0111026,0.13,314.57,2312 - Radolfzell JC 72051,Anas platyrhynchos
2012-11-10T00:00:16Z,47.7504487,9.0111689,0.08,292.29,2312 - Radolfzell JC 72051,Anas platyrhynchos
2012-11-11T00:00:49Z,47.7504679,9.0111263,0.08,5.24,2312 - Radolfzell JC 72051,Anas platyrhynchos
2012-11-12T00:01:14Z,47.7513887,9.0125914,0.12,359.79,2312 - Radolfzell JC 72051,Anas platyrhynchos
2012-11-13T00:00:50Z,47.7513899,9.0126173,0.26,9.18,2312 - Radolfzell JC 72051,Anas platyrhynchos
2012-11-14T00:00:49Z,47.7504677,9.0109882,0.15,34.73,2312 - Radolfzell JC 72051,Anas platyrhynchos
2012-11-15T00:00:56Z,47.7509351,9.0106948,0.05,337.51,2312 - Radolfzell JC 72051,Anas platyrhynchos
2012-11-16T00:00:49Z,47.7501167,9.0118222,0.21,5.24,2312 - Radolfzell JC 72051,Anas platyrhynchos
2012-11-17T00:00:49Z,47.7503871,9.0109078,0.15,341.44,2312 - Radolfzell JC 72051,Anas platyrhynchos
2012-11-18T00:00:44Z,47.750681,9.0108291,0.09,344.06,2312 - Radolfzell JC 72051,Anas platyrhynchos
2012-11-19T00:00:55Z,47.7504759,9.0110166,0.11,357.83,2312 - Radolfzell JC 72051,Anas platyrhynchos
2012-11-20T00:00:56Z,47.7504643,9.0111355,0.05,4.59,2312 - Radolfzell JC 72051,Anas platyrhynchos
2012-11-21T00:00:50Z,47.7503033,9.0134633,0.16,8.52,2312 - Radolfzell JC 72051,Anas platyrhynchos
2012-11-22T00:02:13Z,47.749778,9.0144485,0.04,299.5,2312 - Radolfzell JC 72051,Anas platyrhynchos
2012-11-23T00:00:49Z,47.7504431,9.0111451,0.05,356.52,2312 - Radolfzell JC 72051,Anas platyrhynchos
2012-11-24T00:00:56Z,47.7545355,9.0071616,0.18,41.29,2312 - Radolfzell JC 72051,Anas platyrhynchos
2012-11-25T00:00:44Z,47.7504956,9.011158,0.05,29.49,2312 - Radolfzell JC 72051,Anas platyrhynchos
2012-11-26T00:00:55Z,47.7504862,9.0111199,0.15,351.93,2312 - Radolfzell JC 72051,Anas platyrhynchos
2012-11-27T00:00:50Z,47.737651,9.0020249,0.06,13.76,2312 - Radolfzell JC 72051,Anas platyrhynchos
2012-11-28T00:00:55Z,47.7504972,9.0111497,0.11,332.92,2312 - Radolfzell JC 72051,Anas platyrhynchos
2012-11-29T00:00:57Z,47.7507921,9.0110539,1,337.51,2312 - Radolfzell JC 72051,Anas platyrhynchos
2012-11-30T00:00:45Z,47.7376003,9.0019661,0.22,7.86,2312 - Radolfzell JC 72051,Anas platyrhynchos
2012-12-01T00:00:56Z,47.7382552,9.0029059,0.49,3.28,2312 - Radolfzell JC 72051,Anas platyrhynchos
2012-12-02T00:00:49Z,47.7375919,9.0019512,0.03,359.14,2312 - Radolfzell JC 72051,Anas platyrhynchos
2012-12-03T00:00:55Z,47.7446233,9.009498,0.1,1.31,2312 - Radolfzell JC 72051,Anas platyrhynchos
2012-12-04T00:00:56Z,47.758327800000004,9.0108509,0.15,346.69,2312 - Radolfzell JC 72051,Anas platyrhynchos
2012-12-05T00:00:56Z,47.7583066,9.0108903,0.07,17.04,2312 - Radolfzell JC 72051,Anas platyrhynchos
2012-12-06T00:00:55Z,47.758311,9.0108876,0.05,7.86,2312 - Radolfzell JC 72051,Anas platyrhynchos
2012-12-07T00:00:49Z,47.7583008,9.0108701,0.14,13.76,2312 - Radolfzell JC 72051,Anas platyrhynchos
2012-12-08T00:00:56Z,47.7583074,9.0108471,0.18,338.82,2312 - Radolfzell JC 72051,Anas platyrhynchos
2012-12-09T00:00:56Z,47.7582997,9.0108834,0.1,7.86,2312 - Radolfzell JC 72051,Anas platyrhynchos
2012-12-10T00:00:56Z,47.7377202,9.0020398,0.19,23.59,2312 - Radolfzell JC 72051,Anas platyrhynchos
2012-12-11T00:01:21Z,47.7666669,8.9971015,0.54,13.11,2312 - Radolfzell JC 72051,Anas platyrhynchos
2012-12-12T00:01:14Z,47.7666852,8.997163,0.42,356.52,2312 - Radolfzell JC 72051,Anas platyrhynchos
2012-12-13T00:00:44Z,47.7582778,9.0109316,0.26,15.73,2312 - Radolfzell JC 72051,Anas platyrhynchos
2012-12-14T00:00:55Z,47.737573,9.0022633,0.08,358.48,2312 - Radolfzell JC 72051,Anas platyrhynchos
2012-12-15T00:01:15Z,47.7376879,9.0016341,0.12,353.89,2312 - Radolfzell JC 72051,Anas platyrhynchos
2012-12-16T00:00:50Z,47.7570442,9.0070262,0.32,0,2312 - Radolfzell JC 72051,Anas platyrhynchos
2012-12-17T00:00:57Z,47.7577153,9.0053271,0.2,4.59,2312 - Radolfzell JC 72051,Anas platyrhynchos
2012-12-18T00:00:51Z,47.7577161,9.0054418,0.21,10.49,2312 - Radolfzell JC 72051,Anas platyrhynchos
2012-12-19T00:00:43Z,47.7569311,9.0068039,0.01,1.31,2312 - Radolfzell JC 72051,Anas platyrhynchos
2012-12-20T00:00:51Z,47.7578703,9.0110569,0.33,355.86,2312 - Radolfzell JC 72051,Anas platyrhynchos
2012-12-21T00:01:55Z,47.7579322,9.010924,0.96,328.99,2312 - Radolfzell JC 72051,Anas platyrhynchos
2012-12-22T00:00:55Z,47.7554758,9.008932,1,5.24,2312 - Radolfzell JC 72051,Anas platyrhynchos
2012-12-23T00:00:55Z,47.75573,9.0089482,0.09,24.25,2312 - Radolfzell JC 72051,Anas platyrhynchos
2012-12-24T00:00:57Z,47.7556198,9.0090625,0.19,37.36,2312 - Radolfzell JC 72051,Anas platyrhynchos
2012-12-25T00:01:50Z,47.7556647,9.0087031,0.39,325.71,2312 - Radolfzell JC 72051,Anas platyrhynchos
2012-12-26T00:00:50Z,47.7556692,9.0088953,0.1,32.77,2312 - Radolfzell JC 72051,Anas platyrhynchos
2012-12-27T00:00:57Z,47.7556237,9.0088601,0.38,9.18,2312 - Radolfzell JC 72051,Anas platyrhynchos
2012-12-28T00:00:56Z,47.7556392,9.008948,0.09,338.82,2312 - Radolfzell JC 72051,Anas platyrhynchos
2012-12-29T00:01:26Z,47.7556918,9.008798,0.2,335.54,2312 - Radolfzell JC 72051,Anas platyrhynchos
2012-12-30T00:01:56Z,47.7559247,9.0082251,0.52,325.71,2312 - Radolfzell JC 72051,Anas platyrhynchos
2012-12-31T00:00:50Z,47.7559547,9.0085185,0.53,13.76,2312 - Radolfzell JC 72051,Anas platyrhynchos
2013-01-01T00:00:50Z,47.7581493,9.0108266,0.18,193.99,2312 - Radolfzell JC 72051,Anas platyrhynchos
2013-01-02T06:00:56Z,47.758951,9.0110098,0.14,344.06,2312 - Radolfzell JC 72051,Anas platyrhynchos
2013-01-03T00:00:43Z,47.7375866,9.0024329,0.16,327.68,2312 - Radolfzell JC 72051,Anas platyrhynchos
2013-01-04T00:00:57Z,47.7582805,9.0108269,0.08,351.93,2312 - Radolfzell JC 72051,Anas platyrhynchos
2013-01-05T00:00:56Z,47.7579528,9.0110261,0.06,311.95,2312 - Radolfzell JC 72051,Anas platyrhynchos
2013-01-06T00:00:56Z,47.7556417,9.0089987,0.32,20.32,2312 - Radolfzell JC 72051,Anas platyrhynchos
2013-01-07T00:00:56Z,47.7556634,9.0090415,0.11,344.72,2312 - Radolfzell JC 72051,Anas platyrhynchos
2013-01-08T00:00:56Z,47.7557015,9.0089306,0.11,330.96,2312 - Radolfzell JC 72051,Anas platyrhynchos
2013-01-09T00:00:55Z,47.7583301,9.0109246,1.19,354.55,2312 - Radolfzell JC 72051,Anas platyrhynchos
2013-01-10T00:00:44Z,47.7557857,9.0090326,0.21,315.23,2312 - Radolfzell JC 72051,Anas platyrhynchos
2013-01-11T00:00:56Z,47.7556758,9.0089938,0.16,344.72,2312 - Radolfzell JC 72051,Anas platyrhynchos
2013-01-12T00:00:56Z,47.7556492,9.0089382,0.34,347.34,2312 - Radolfzell JC 72051,Anas platyrhynchos
2013-01-13T00:00:56Z,47.7558017,9.0089994,0.21,16.38,2312 - Radolfzell JC 72051,Anas platyrhynchos
2013-01-14T00:01:25Z,47.7555375,9.0096425,0.15,344.72,2312 - Radolfzell JC 72051,Anas platyrhynchos
2013-01-15T00:00:50Z,47.7496587,9.0135178,0.12,359.14,2312 - Radolfzell JC 72051,Anas platyrhynchos
2013-01-16T00:01:13Z,47.7590273,9.0106772,0.32,195.95,2312 - Radolfzell JC 72051,Anas platyrhynchos
2013-01-17T00:00:56Z,47.766911,8.9968032,0.3,357.83,2312 - Radolfzell JC 72051,Anas platyrhynchos
2013-01-18T00:01:15Z,47.7668653,8.9972086,1.71,204.47,2312 - Radolfzell JC 72051,Anas platyrhynchos
2013-01-19T00:01:26Z,47.7670429,8.9961451,0.03,346.03,2312 - Radolfzell JC 72051,Anas platyrhynchos
2013-01-20T00:01:26Z,47.7668061,8.997347,0.46,237.9,2312 - Radolfzell JC 72051,Anas platyrhynchos
2013-01-21T00:00:49Z,47.7375747,9.0021828,0.15,299.5,2312 - Radolfzell JC 72051,Anas platyrhynchos
2013-01-22T00:00:56Z,47.7671204,8.9962901,0.06,351.27,2312 - Radolfzell JC 72051,Anas platyrhynchos
2013-01-23T00:00:56Z,47.766771,8.9971553,0.23,351.27,2312 - Radolfzell JC 72051,Anas platyrhynchos
2013-01-24T00:00:56Z,47.7665496,8.9971335,0.24,18.35,2312 - Radolfzell JC 72051,Anas platyrhynchos
2013-01-25T00:00:49Z,47.7667703,8.9972486,0.3,319.82,2312 - Radolfzell JC 72051,Anas platyrhynchos
2013-01-26T00:00:57Z,47.7669568,8.9968732,0.36,344.06,2312 - Radolfzell JC 72051,Anas platyrhynchos
2013-01-27T00:00:49Z,47.7667441,8.9971767,0.24,357.17,2312 - Radolfzell JC 72051,Anas platyrhynchos
2013-01-28T00:00:56Z,47.7670942,8.997264,0.16,338.82,2312 - Radolfzell JC 72051,Anas platyrhynchos
2013-01-29T00:00:57Z,47.7666897,8.997132,0.15,41.29,2312 - Radolfzell JC 72051,Anas platyrhynchos
2013-01-30T00:00:50Z,47.7666977,8.9972127,0.1,26.87,2312 - Radolfzell JC 72051,Anas platyrhynchos
2013-01-31T00:00:45Z,47.7511912,9.0128355,0.54,203.82,2312 - Radolfzell JC 72051,Anas platyrhynchos
2013-02-01T00:00:50Z,47.7557472,9.0090015,0.31,23.59,2312 - Radolfzell JC 72051,Anas platyrhynchos
2013-02-02T00:01:14Z,47.7556362,9.0089692,0.38,339.48,2312 - Radolfzell JC 72051,Anas platyrhynchos
2013-02-03T00:00:56Z,47.7579954,9.0109994,0.1,7.21,2312 - Radolfzell JC 72051,Anas platyrhynchos
2013-02-04T00:01:44Z,47.7580302,9.011061,0.66,313.92,2312 - Radolfzell JC 72051,Anas platyrhynchos
2013-02-05T00:00:49Z,47.7577357,9.0109368,0.14,11.8,2312 - Radolfzell JC 72051,Anas platyrhynchos
2013-02-06T03:00:50Z,47.7581981,9.0108365,0.42,40.63,2312 - Radolfzell JC 72051,Anas platyrhynchos
2013-02-07T00:00:56Z,47.7580512,9.0108709,0.05,19.66,2312 - Radolfzell JC 72051,Anas platyrhynchos
2013-02-08T00:02:21Z,47.7666661,8.9972287,0.84,347.34,2312 - Radolfzell JC 72051,Anas platyrhynchos
2013-02-09T00:01:15Z,47.7668564,8.9970715,0.26,34.08,2312 - Radolfzell JC 72051,Anas platyrhynchos
2013-02-10T00:00:16Z,47.7668521,8.9968729,0.44,17.69,2312 - Radolfzell JC 72051,Anas platyrhynchos
2013-02-11T00:00:19Z,47.7669341,8.9965167,0.12,2.62,2312 - Radolfzell JC 72051,Anas platyrhynchos
2013-02-12T00:01:44Z,47.7669542,8.9969032,1.21,64.88,2312 - Radolfzell JC 72051,Anas platyrhynchos
2013-02-13T00:00:44Z,47.7667491,8.9970743,0.97,64.23,2312 - Radolfzell JC 72051,Anas platyrhynchos
2013-02-14T00:00:17Z,47.7669071,8.9967474,1.78,201.85,2312 - Radolfzell JC 72051,Anas platyrhynchos
2013-02-15T00:00:47Z,47.7663278,8.9965967,3.95,184.16,2312 - Radolfzell JC 72051,Anas platyrhynchos
2013-02-16T00:01:19Z,47.7667629,8.9969853,0.02,7.86,2312 - Radolfzell JC 72051,Anas platyrhynchos
2013-02-17T00:00:55Z,47.766866,8.99703,0.22,0,2312 - Radolfzell JC 72051,Anas platyrhynchos
2013-02-18T00:01:02Z,47.7671598,8.9971763,0.68,348,2312 - Radolfzell JC 72051,Anas platyrhynchos
2013-02-19T00:00:45Z,47.7669177,8.9971784,1.68,5.9,2312 - Radolfzell JC 72051,Anas platyrhynchos
2013-02-20T00:01:06Z,47.7649018,8.9964713,2.38,182.85,2312 - Radolfzell JC 72051,Anas platyrhynchos
2013-02-21T00:00:43Z,47.7665887,8.9972045,0.39,21.63,2312 - Radolfzell JC 72051,Anas platyrhynchos
2013-02-22T00:01:03Z,47.7666832,8.9970536,0.83,209.06,2312 - Radolfzell JC 72051,Anas platyrhynchos
2013-02-23T00:00:56Z,47.7668435,8.9973157,0.48,327.02,2312 - Radolfzell JC 72051,Anas platyrhynchos
2013-02-24T00:00:44Z,47.7375559,9.0022579,0.14,355.21,2312 - Radolfzell JC 72051,Anas platyrhynchos
2013-02-25T00:00:55Z,47.7668503,8.9971846,0.6,352.58,2312 - Radolfzell JC 72051,Anas platyrhynchos
2013-02-26T00:00:57Z,47.7667493,8.9971788,0.38,357.17,2312 - Radolfzell JC 72051,Anas platyrhynchos
2013-02-27T00:00:14Z,47.7376498,9.0015477,0.53,334.89,2312 - Radolfzell JC 72051,Anas platyrhynchos
2013-02-28T00:00:25Z,47.7664083,8.9970593,5.96,164.5,2312 - Radolfzell JC 72051,Anas platyrhynchos
2013-03-01T00:00:13Z,47.7508945,9.0120491,0.77,1.97,2312 - Radolfzell JC 72051,Anas platyrhynchos
2013-03-02T00:00:44Z,47.7514251,9.0116338,0.04,55.71,2312 - Radolfzell JC 72051,Anas platyrhynchos
2013-03-03T00:00:56Z,47.7664659,8.9971855,0.18,34.73,2312 - Radolfzell JC 72051,Anas platyrhynchos
2013-03-04T00:00:19Z,47.7375436,9.0016869,0.22,335.54,2312 - Radolfzell JC 72051,Anas platyrhynchos
2013-03-05T00:00:44Z,47.7667907,8.9972624,1.3,218.23,2312 - Radolfzell JC 72051,Anas platyrhynchos
2013-03-06T00:00:30Z,47.7668148,8.9972017,0.05,7.86,2312 - Radolfzell JC 72051,Anas platyrhynchos
2013-03-07T00:00:49Z,47.7667512,8.9969485,0.32,8.52,2312 - Radolfzell JC 72051,Anas platyrhynchos
2013-03-08T00:00:50Z,47.7329522,9.0008874,0.09,359.14,2312 - Radolfzell JC 72051,Anas platyrhynchos
2013-03-09T00:00:50Z,47.7514312,9.0120396,0.11,348,2312 - Radolfzell JC 72051,Anas platyrhynchos
2013-03-10T00:00:15Z,47.755834,9.0090032,0.17,334.23,2312 - Radolfzell JC 72051,Anas platyrhynchos
2013-03-11T00:00:32Z,47.755766,9.0089988,0.25,60.95,2312 - Radolfzell JC 72051,Anas platyrhynchos
2013-03-12T00:00:32Z,47.7556714,9.0090392,0.05,352.58,2312 - Radolfzell JC 72051,Anas platyrhynchos
2013-03-13T00:00:27Z,47.7496977,9.0127615,0.08,37.36,2312 - Radolfzell JC 72051,Anas platyrhynchos
2013-03-14T00:00:18Z,47.74959,9.0125889,0.19,7.86,2312 - Radolfzell JC 72051,Anas platyrhynchos
2013-03-15T00:01:05Z,47.7665401,8.9974851,0.52,323.09,2312 - Radolfzell JC 72051,Anas platyrhynchos
2013-03-16T00:00:35Z,47.7666133,8.9972015,0.93,359.14,2312 - Radolfzell JC 72051,Anas platyrhynchos
2013-03-17T00:00:23Z,47.7496639,9.0125707,0.15,19.66,2312 - Radolfzell JC 72051,Anas platyrhynchos
2013-03-18T00:00:49Z,47.7501809,9.0126687,0.04,20.32,2312 - Radolfzell JC 72051,Anas platyrhynchos
2013-03-19T00:00:44Z,47.7496098,9.0126127,0.3,349.96,2312 - Radolfzell JC 72051,Anas platyrhynchos
2013-03-20T00:00:23Z,47.7496237,9.0126484,0.21,356.52,2312 - Radolfzell JC 72051,Anas platyrhynchos
2013-03-21T00:00:28Z,47.7495932,9.0126498,0.1,325.06,2312 - Radolfzell JC 72051,Anas platyrhynchos
2013-03-22T00:00:43Z,47.7497408,9.0137257,0.06,345.37,2312 - Radolfzell JC 72051,Anas platyrhynchos
2013-03-23T00:00:33Z,47.7496713,9.0127371,0.11,328.34,2312 - Radolfzell JC 72051,Anas platyrhynchos
2013-03-24T00:00:18Z,47.7496971,9.0126756,0.87,15.73,2312 - Radolfzell JC 72051,Anas platyrhynchos
2013-03-25T00:00:15Z,47.7496111,9.0126692,0.16,340.79,2312 - Radolfzell JC 72051,Anas platyrhynchos
2013-03-26T00:01:55Z,47.7496571,9.0127269,0.16,8.52,2312 - Radolfzell JC 72051,Anas platyrhynchos
2013-03-27T00:00:35Z,47.7431329,9.0013076,21.6,182.19,2312 - Radolfzell JC 72051,Anas platyrhynchos
2013-03-28T00:00:19Z,47.749613600000004,9.01263,0.25,349.31,2312 - Radolfzell JC 72051,Anas platyrhynchos
2013-03-29T00:00:29Z,47.7495726,9.0127846,0.21,346.69,2312 - Radolfzell JC 72051,Anas platyrhynchos
2013-03-30T00:00:30Z,47.7496388,9.0126802,0.14,38.01,2312 - Radolfzell JC 72051,Anas platyrhynchos
2013-03-31T00:00:13Z,47.7497117,9.0127164,0.1,357.83,2312 - Radolfzell JC 72051,Anas platyrhynchos
2013-04-01T00:00:15Z,47.7496674,9.0126985,0.03,9.83,2312 - Radolfzell JC 72051,Anas platyrhynchos
2013-04-02T00:00:16Z,47.7495695,9.0126017,0.12,192.68,2312 - Radolfzell JC 72051,Anas platyrhynchos
2013-04-03T00:00:25Z,47.7495943,9.0126404,0.11,340.13,2312 - Radolfzell JC 72051,Anas platyrhynchos
2013-04-04T00:00:16Z,47.7496113,9.0126487,0.1,341.44,2312 - Radolfzell JC 72051,Anas platyrhynchos
2013-04-05T00:00:20Z,47.7496231,9.0126015,0.24,352.58,2312 - Radolfzell JC 72051,Anas platyrhynchos
2013-04-06T00:00:23Z,47.7495542,9.0126227,0.43,7.21,2312 - Radolfzell JC 72051,Anas platyrhynchos
2013-04-07T00:00:55Z,47.7498113,9.0125458,0.27,3.28,2312 - Radolfzell JC 72051,Anas platyrhynchos
2013-04-08T00:00:15Z,47.7495122,9.0127106,1.21,319.82,2312 - Radolfzell JC 72051,Anas platyrhynchos
2013-04-09T00:00:55Z,47.7496377,9.0127454,0.35,351.93,2312 - Radolfzell JC 72051,Anas platyrhynchos
2013-04-10T00:00:56Z,47.7496094,9.0126588,0.28,334.23,2312 - Radolfzell JC 72051,Anas platyrhynchos
2013-04-11T00:00:22Z,47.7496083,9.0126773,0.21,349.31,2312 - Radolfzell JC 72051,Anas platyrhynchos
2013-04-12T19:00:19Z,47.7624637,8.9934085,0.25,359.14,2312 - Radolfzell JC 72051,Anas platyrhynchos
2013-04-13T00:00:55Z,47.7504526,9.0111271,0.01,351.93,2312 - Radolfzell JC 72051,Anas platyrhynchos
2013-04-14T00:00:55Z,47.7375198,9.0017611,0.17,349.31,2312 - Radolfzell JC 72051,Anas platyrhynchos
2013-04-15T00:00:28Z,47.7361646,9.0010621,0.48,21.63,2312 - Radolfzell JC 72051,Anas platyrhynchos
2013-04-16T00:00:18Z,47.7377151,9.0020317,0.18,29.49,2312 - Radolfzell JC 72051,Anas platyrhynchos
2013-04-17T00:00:28Z,47.7375634,9.0018288,0.07,353.89,2312 - Radolfzell JC 72051,Anas platyrhynchos
2013-04-18T00:00:23Z,47.7375572,9.0022168,0.38,353.24,2312 - Radolfzell JC 72051,Anas platyrhynchos
2013-04-19T00:00:09Z,47.7382535,9.002033,0.65,24.9,2312 - Radolfzell JC 72051,Anas platyrhynchos
2013-04-20T00:00:30Z,47.7375827,9.0019677,0.17,342.1,2312 - Radolfzell JC 72051,Anas platyrhynchos
2013-04-21T00:00:27Z,47.7376342,9.0019951,0.19,344.06,2312 - Radolfzell JC 72051,Anas platyrhynchos
2013-04-22T00:00:13Z,47.7612697,8.9955801,0.16,349.96,2312 - Radolfzell JC 72051,Anas platyrhynchos
2013-04-23T00:00:16Z,47.7377077,9.0019361,0.5,311.3,2312 - Radolfzell JC 72051,Anas platyrhynchos
2013-05-17T10:19:26Z,48.7088861,8.0655238,0.27,354.55,2312 - Radolfzell JC 72051,Anas platyrhynchos
2012-09-03T17:59:13Z,47.6964599,9.0431929,0.37,349.96,2318 - Radolfzell JC 72053,Anas platyrhynchos
2012-09-04T00:00:56Z,47.7064159,9.0402834,0.25,7.86,2318 - Radolfzell JC 72053,Anas platyrhynchos
2012-09-05T00:01:13Z,47.7064262,9.0402018,0.17,353.24,2318 - Radolfzell JC 72053,Anas platyrhynchos
2012-09-06T00:00:56Z,47.7015935,9.0421108,0.17,355.86,2318 - Radolfzell JC 72053,Anas platyrhynchos
2012-09-07T00:01:14Z,47.707031,9.0395804,0.26,331.61,2318 - Radolfzell JC 72053,Anas platyrhynchos
2012-09-08T00:00:34Z,47.7070785,9.0395571,0.53,11.14,2318 - Radolfzell JC 72053,Anas platyrhynchos
2012-09-09T00:00:38Z,47.7235602,9.0140115,0.4,350.62,2318 - Radolfzell JC 72053,Anas platyrhynchos
2012-09-10T00:00:29Z,47.7070286,9.0399297,0.02,6.55,2318 - Radolfzell JC 72053,Anas platyrhynchos
2012-09-11T00:00:55Z,47.7069187,9.0396427,0.16,29.49,2318 - Radolfzell JC 72053,Anas platyrhynchos
2012-09-12T00:00:20Z,47.707096,9.0400021,0.34,36.04,2318 - Radolfzell JC 72053,Anas platyrhynchos
2012-09-13T00:00:10Z,47.7015989,9.0421704,0.45,346.69,2318 - Radolfzell JC 72053,Anas platyrhynchos
2012-09-14T00:00:12Z,47.7016487,9.0421105,0.12,7.21,2318 - Radolfzell JC 72053,Anas platyrhynchos
2012-09-15T00:00:12Z,47.7015672,9.0421289,0.18,342.1,2318 - Radolfzell JC 72053,Anas platyrhynchos
2012-09-16T00:00:38Z,47.7070722,9.039668,0.16,182.85,2318 - Radolfzell JC 72053,Anas platyrhynchos
2012-09-17T00:00:21Z,47.7015086,9.0422676,0.23,323.09,2318 - Radolfzell JC 72053,Anas platyrhynchos
2012-09-18T00:00:12Z,47.7015118,9.0421353,0.08,277.87,2318 - Radolfzell JC 72053,Anas platyrhynchos
2012-09-19T00:00:50Z,47.7015436,9.0421474,0.01,24.25,2318 - Radolfzell JC 72053,Anas platyrhynchos
2012-09-20T00:00:26Z,47.7070524,9.0400294,0.18,317.85,2318 - Radolfzell JC 72053,Anas platyrhynchos
2012-09-21T00:00:24Z,47.7070405,9.0399919,0.04,11.14,2318 - Radolfzell JC 72053,Anas platyrhynchos
2012-09-22T00:00:51Z,47.7064899,9.040295,0.67,175.64,2318 - Radolfzell JC 72053,Anas platyrhynchos
2012-09-23T00:00:13Z,47.7033435,9.0400548,0.34,121.24,2318 - Radolfzell JC 72053,Anas platyrhynchos
2012-09-24T00:00:55Z,47.7016197,9.0421669,0.11,341.44,2318 - Radolfzell JC 72053,Anas platyrhynchos
2012-09-25T00:00:18Z,47.6981623,9.0440917,0.89,323.09,2318 - Radolfzell JC 72053,Anas platyrhynchos
2012-09-26T00:00:43Z,47.7070518,9.0399391,0.16,357.83,2318 - Radolfzell JC 72053,Anas platyrhynchos
2012-09-27T00:00:26Z,47.7014972,9.0421,0.05,330.3,2318 - Radolfzell JC 72053,Anas platyrhynchos
2012-09-28T00:00:49Z,47.701569,9.0421934,0.61,1.97,2318 - Radolfzell JC 72053,Anas platyrhynchos
2012-09-29T00:00:14Z,47.7070254,9.0396259,0.12,327.02,2318 - Radolfzell JC 72053,Anas platyrhynchos
2012-09-30T00:00:21Z,47.7016193,9.0420708,0.62,301.47,2318 - Radolfzell JC 72053,Anas platyrhynchos
2012-10-01T00:00:40Z,47.7068751,9.0396679,0.45,120.59,2318 - Radolfzell JC 72053,Anas platyrhynchos
2012-10-02T00:00:55Z,47.6978151,9.04353,0.13,29.49,2318 - Radolfzell JC 72053,Anas platyrhynchos
2012-10-03T00:01:14Z,47.697791,9.043513,0.3,0.66,2318 - Radolfzell JC 72053,Anas platyrhynchos
2012-10-04T00:00:56Z,47.7070439,9.0399104,0.24,105.51,2318 - Radolfzell JC 72053,Anas platyrhynchos
2012-10-05T00:00:14Z,47.6978572,9.0433808,0.13,1.97,2318 - Radolfzell JC 72053,Anas platyrhynchos
2012-10-06T00:00:55Z,47.6697469,9.1253164,0.06,22.94,2318 - Radolfzell JC 72053,Anas platyrhynchos
2012-10-07T00:01:12Z,47.6706622,9.1221118,0.25,24.9,2318 - Radolfzell JC 72053,Anas platyrhynchos
2012-10-08T00:00:56Z,47.6982965,9.0449245,0.48,6.55,2318 - Radolfzell JC 72053,Anas platyrhynchos
2012-10-09T00:00:49Z,47.6978603,9.0435362,0.3,353.24,2318 - Radolfzell JC 72053,Anas platyrhynchos
2012-10-10T00:00:38Z,47.69789,9.0432548,0.05,350.62,2318 - Radolfzell JC 72053,Anas platyrhynchos
2012-10-11T00:00:13Z,47.697883,9.0433567,0.3,7.21,2318 - Radolfzell JC 72053,Anas platyrhynchos
2012-10-12T00:00:27Z,47.6977797,9.0434895,0.31,62.91,2318 - Radolfzell JC 72053,Anas platyrhynchos
2012-10-13T00:00:22Z,47.7027753,9.0524106,0.15,5.24,2318 - Radolfzell JC 72053,Anas platyrhynchos
2012-10-14T00:00:11Z,47.7273771,9.0540008,0.18,356.52,2318 - Radolfzell JC 72053,Anas platyrhynchos
2012-10-15T00:00:26Z,47.7016325,9.0421563,0.36,110.76,2318 - Radolfzell JC 72053,Anas platyrhynchos
2012-10-16T00:00:50Z,47.7365277,9.0491159,0.02,9.18,2318 - Radolfzell JC 72053,Anas platyrhynchos
2012-10-17T00:00:36Z,47.6978739,9.0433321,0.21,147.46,2318 - Radolfzell JC 72053,Anas platyrhynchos
2012-10-21T08:00:26Z,47.7014455,9.0428822,0.36,339.48,2318 - Radolfzell JC 72053,Anas platyrhynchos
2012-10-22T00:00:44Z,47.6978428,9.0433877,0.23,337.51,2318 - Radolfzell JC 72053,Anas platyrhynchos
2012-10-23T00:00:25Z,47.7015869,9.0420676,0.48,45.88,2318 - Radolfzell JC 72053,Anas platyrhynchos
2012-10-24T00:00:49Z,47.6974081,9.0441349,0.12,12.45,2318 - Radolfzell JC 72053,Anas platyrhynchos
2012-10-25T00:00:28Z,47.6973452,9.0442193,0.6,120.59,2318 - Radolfzell JC 72053,Anas platyrhynchos
2012-10-26T00:00:37Z,47.7014685,9.0411779,0.01,343.41,2318 - Radolfzell JC 72053,Anas platyrhynchos
2012-10-27T00:00:55Z,47.6974433,9.0441008,0.09,30.15,2318 - Radolfzell JC 72053,Anas platyrhynchos
2012-10-28T00:01:01Z,47.7362483,9.0495433,0.52,352.58,2318 - Radolfzell JC 72053,Anas platyrhynchos
2012-10-29T00:00:55Z,47.6973662,9.044119,0.01,316.54,2318 - Radolfzell JC 72053,Anas platyrhynchos
2012-10-30T00:00:24Z,47.6974027,9.0440922,0.07,30.15,2318 - Radolfzell JC 72053,Anas platyrhynchos
2012-10-31T00:00:45Z,47.7271326,9.0537843,0.39,321.78,2318 - Radolfzell JC 72053,Anas platyrhynchos
2012-11-01T00:00:11Z,47.7029151,9.0521089,0.19,5.9,2318 - Radolfzell JC 72053,Anas platyrhynchos
2012-11-02T00:00:50Z,47.7029012,9.0521473,0.12,353.89,2318 - Radolfzell JC 72053,Anas platyrhynchos
2012-11-03T00:00:20Z,47.7029201,9.0520905,0.27,106.82,2318 - Radolfzell JC 72053,Anas platyrhynchos
2012-11-04T00:00:55Z,47.7029176,9.0520954,0.12,22.94,2318 - Radolfzell JC 72053,Anas platyrhynchos
2012-11-05T00:00:56Z,47.7029212,9.0521304,0.2,38.01,2318 - Radolfzell JC 72053,Anas platyrhynchos
2012-11-06T00:00:25Z,47.7029213,9.05215,0.38,17.04,2318 - Radolfzell JC 72053,Anas platyrhynchos
2012-11-07T00:00:21Z,47.7029096,9.0521053,0.32,15.73,2318 - Radolfzell JC 72053,Anas platyrhynchos
2012-11-08T00:00:56Z,47.7029086,9.0521165,0.28,3.93,2318 - Radolfzell JC 72053,Anas platyrhynchos
2012-11-09T00:00:56Z,47.6973902,9.0440047,0.2,20.32,2318 - Radolfzell JC 72053,Anas platyrhynchos
2012-11-10T00:00:14Z,47.7029124,9.0520808,0.13,1.31,2318 - Radolfzell JC 72053,Anas platyrhynchos
2012-11-11T00:00:14Z,47.7029203,9.0520601,0.03,326.37,2318 - Radolfzell JC 72053,Anas platyrhynchos
2012-11-12T00:00:50Z,47.7029273,9.052127,0.13,353.89,2318 - Radolfzell JC 72053,Anas platyrhynchos
2012-11-13T00:00:17Z,47.7029046,9.0521153,0.14,355.21,2318 - Radolfzell JC 72053,Anas platyrhynchos
2012-11-14T00:00:15Z,47.6975504,9.0437982,0.62,277.22,2318 - Radolfzell JC 72053,Anas platyrhynchos
2012-11-15T00:00:43Z,47.6974339,9.0440408,0.11,351.27,2318 - Radolfzell JC 72053,Anas platyrhynchos
2012-11-16T00:00:44Z,47.7029211,9.0522479,0.51,355.21,2318 - Radolfzell JC 72053,Anas platyrhynchos
2012-11-17T00:00:49Z,47.7029364,9.0521178,0.11,344.72,2318 - Radolfzell JC 72053,Anas platyrhynchos
2012-11-18T00:00:55Z,47.7028799,9.0521135,0.26,315.88,2318 - Radolfzell JC 72053,Anas platyrhynchos
2012-11-19T00:00:16Z,47.7028466,9.0520394,0.23,346.69,2318 - Radolfzell JC 72053,Anas platyrhynchos
2012-11-20T00:00:20Z,47.6974238,9.0440537,0.05,351.27,2318 - Radolfzell JC 72053,Anas platyrhynchos
2012-11-21T00:00:55Z,47.7029326,9.052134,0.18,10.49,2318 - Radolfzell JC 72053,Anas platyrhynchos
2012-11-22T00:00:50Z,47.7029771,9.0521351,0.21,325.71,2318 - Radolfzell JC 72053,Anas platyrhynchos
2012-11-23T00:00:55Z,47.7029322,9.0521122,0.05,334.23,2318 - Radolfzell JC 72053,Anas platyrhynchos
2012-11-24T00:00:45Z,47.6973994,9.0440165,0.37,46.53,2318 - Radolfzell JC 72053,Anas platyrhynchos
2012-11-25T00:00:33Z,47.6991067,9.0040429,0.16,10.49,2318 - Radolfzell JC 72053,Anas platyrhynchos
2012-11-26T00:00:23Z,47.7033462,9.0430312,0.41,348,2318 - Radolfzell JC 72053,Anas platyrhynchos
2012-11-27T00:00:30Z,47.7029512,9.052228,0.33,9.18,2318 - Radolfzell JC 72053,Anas platyrhynchos
2012-11-28T00:00:55Z,47.7029339,9.0521187,0.22,51.77,2318 - Radolfzell JC 72053,Anas platyrhynchos
2012-11-29T00:01:43Z,47.7029269,9.0521407,0.25,19.01,2318 - Radolfzell JC 72053,Anas platyrhynchos
2012-11-30T00:00:55Z,47.702911,9.0521462,0.2,330.96,2318 - Radolfzell JC 72053,Anas platyrhynchos
2012-12-01T00:00:56Z,47.6979281,9.0440922,0.47,243.79,2318 - Radolfzell JC 72053,Anas platyrhynchos
2012-12-02T00:00:57Z,47.7034266,9.0431014,0.09,345.37,2318 - Radolfzell JC 72053,Anas platyrhynchos
2012-12-03T00:00:56Z,47.702911,9.0521363,0.11,7.86,2318 - Radolfzell JC 72053,Anas platyrhynchos
2012-12-04T00:00:15Z,47.7029164,9.0521404,0.1,341.44,2318 - Radolfzell JC 72053,Anas platyrhynchos
2012-12-05T00:00:16Z,47.702941,9.0521833,0.13,320.47,2318 - Radolfzell JC 72053,Anas platyrhynchos
2012-12-06T00:00:43Z,47.7029062,9.052167,0.21,28.84,2318 - Radolfzell JC 72053,Anas platyrhynchos
2012-12-07T00:00:29Z,47.702907,9.052135,0.15,26.87,2318 - Radolfzell JC 72053,Anas platyrhynchos
2012-12-08T00:00:13Z,47.6974277,9.0439855,0.12,338.82,2318 - Radolfzell JC 72053,Anas platyrhynchos
2012-12-09T00:00:30Z,47.6974227,9.043917,0.1,326.37,2318 - Radolfzell JC 72053,Anas platyrhynchos
2012-12-10T00:00:55Z,47.7013327,9.042156,0.24,14.42,2318 - Radolfzell JC 72053,Anas platyrhynchos
2012-12-11T00:00:17Z,47.7029143,9.0522686,0.46,336.86,2318 - Radolfzell JC 72053,Anas platyrhynchos
2012-12-12T00:00:13Z,47.6974431,9.0439678,0.14,352.58,2318 - Radolfzell JC 72053,Anas platyrhynchos
2012-12-13T00:00:19Z,47.6974121,9.0439533,0.26,336.86,2318 - Radolfzell JC 72053,Anas platyrhynchos
2012-12-14T00:00:44Z,47.6974252,9.0439437,0.18,1.31,2318 - Radolfzell JC 72053,Anas platyrhynchos
2012-12-15T00:00:36Z,47.6978515,9.0441359,0.23,353.89,2318 - Radolfzell JC 72053,Anas platyrhynchos
2012-12-16T00:00:57Z,47.7028989,9.0521452,0.1,20.97,2318 - Radolfzell JC 72053,Anas platyrhynchos
2012-12-17T00:02:25Z,47.7028872,9.0521656,0.42,14.42,2318 - Radolfzell JC 72053,Anas platyrhynchos
2012-12-18T00:00:26Z,47.7029271,9.0522118,0.26,238.55,2318 - Radolfzell JC 72053,Anas platyrhynchos
2012-12-19T00:00:44Z,47.7029152,9.0521456,0.15,11.14,2318 - Radolfzell JC 72053,Anas platyrhynchos
2012-12-20T00:00:30Z,47.6974263,9.0439837,0.06,7.21,2318 - Radolfzell JC 72053,Anas platyrhynchos
2012-12-21T00:00:49Z,47.6974009,9.0440346,0.25,155.32,2318 - Radolfzell JC 72053,Anas platyrhynchos
2012-12-22T00:00:55Z,47.7029085,9.052127,0.05,5.9,2318 - Radolfzell JC 72053,Anas platyrhynchos
2012-12-23T00:00:55Z,47.7029119,9.0521313,0.27,256.9,2318 - Radolfzell JC 72053,Anas platyrhynchos
2012-12-24T00:00:44Z,47.7029592,9.0521287,0.02,321.13,2318 - Radolfzell JC 72053,Anas platyrhynchos
2012-12-25T00:00:44Z,47.6974567,9.0440313,0.15,22.94,2318 - Radolfzell JC 72053,Anas platyrhynchos
2012-12-26T00:00:55Z,47.7029811,9.0522343,0.8,281.15,2318 - Radolfzell JC 72053,Anas platyrhynchos
2012-12-27T00:00:30Z,47.7028997,9.0521007,0.27,352.58,2318 - Radolfzell JC 72053,Anas platyrhynchos
2012-12-28T00:00:57Z,47.7029263,9.0521004,0.29,359.79,2318 - Radolfzell JC 72053,Anas platyrhynchos
2012-12-29T00:00:16Z,47.6974734,9.0439643,0.05,12.45,2318 - Radolfzell JC 72053,Anas platyrhynchos
2012-12-30T00:00:55Z,47.6974276,9.044045,0.2,317.19,2318 - Radolfzell JC 72053,Anas platyrhynchos
2012-12-31T00:00:12Z,47.6975408,9.0442338,0.31,15.73,2318 - Radolfzell JC 72053,Anas platyrhynchos
2013-01-01T00:00:29Z,47.7029304,9.0520734,0.31,13.11,2318 - Radolfzell JC 72053,Anas platyrhynchos
2013-01-02T00:00:56Z,47.7029504,9.0521143,0.06,336.2,2318 - Radolfzell JC 72053,Anas platyrhynchos
2013-01-03T00:01:19Z,47.6974366,9.0440522,0.28,12.45,2318 - Radolfzell JC 72053,Anas platyrhynchos
2013-01-04T00:00:51Z,47.702881,9.0520674,1.58,206.44,2318 - Radolfzell JC 72053,Anas platyrhynchos
2013-01-05T00:00:56Z,47.7029222,9.0521161,0.6,34.08,2318 - Radolfzell JC 72053,Anas platyrhynchos
2013-01-06T00:00:50Z,47.7028953,9.0520089,0.21,284.43,2318 - Radolfzell JC 72053,Anas platyrhynchos
2013-01-07T00:00:55Z,47.7029618,9.0521464,0.6,333.58,2318 - Radolfzell JC 72053,Anas platyrhynchos
2013-01-08T00:00:51Z,47.7030006,9.0521335,0.21,31.46,2318 - Radolfzell JC 72053,Anas platyrhynchos
2013-01-09T00:01:46Z,47.7006016,9.0434732,33.11,145.49,2318 - Radolfzell JC 72053,Anas platyrhynchos
2013-01-10T00:00:44Z,47.7029021,9.0521219,0.34,61.6,2318 - Radolfzell JC 72053,Anas platyrhynchos
2013-01-11T00:00:49Z,47.7030523,9.05223,0.15,4.59,2318 - Radolfzell JC 72053,Anas platyrhynchos
2013-01-12T00:00:43Z,47.7029476,9.0521816,0.16,342.75,2318 - Radolfzell JC 72053,Anas platyrhynchos
2013-01-13T00:00:49Z,47.7029281,9.0521698,0.31,18.35,2318 - Radolfzell JC 72053,Anas platyrhynchos
2013-01-14T00:00:57Z,47.6974157,9.0440039,0.3,10.49,2318 - Radolfzell JC 72053,Anas platyrhynchos
2013-01-15T00:00:51Z,47.7029546,9.0521682,0.22,30.15,2318 - Radolfzell JC 72053,Anas platyrhynchos
2013-01-16T00:00:56Z,47.7031248,9.0522092,0.74,3.28,2318 - Radolfzell JC 72053,Anas platyrhynchos
2013-01-17T00:01:19Z,47.703127,9.0434415,0.09,13.76,2318 - Radolfzell JC 72053,Anas platyrhynchos
2013-01-18T00:01:30Z,47.6974549,9.0440468,0.13,25.56,2318 - Radolfzell JC 72053,Anas platyrhynchos
2013-01-19T00:00:32Z,47.6946493,9.0427501,0.21,27.53,2318 - Radolfzell JC 72053,Anas platyrhynchos
2013-01-20T00:00:22Z,47.6945656,9.0427171,0.33,315.88,2318 - Radolfzell JC 72053,Anas platyrhynchos
2013-01-21T00:01:25Z,47.6969468,9.0441991,0.38,199.88,2318 - Radolfzell JC 72053,Anas platyrhynchos
2013-01-22T00:00:44Z,47.6974621,9.0439652,0.06,345.37,2318 - Radolfzell JC 72053,Anas platyrhynchos
2013-01-23T00:00:44Z,47.6974425,9.0439896,0.18,1.31,2318 - Radolfzell JC 72053,Anas platyrhynchos
2013-01-24T00:00:56Z,47.6978219,9.0441461,0.09,11.14,2318 - Radolfzell JC 72053,Anas platyrhynchos
2013-01-25T00:00:56Z,47.6974605,9.0440355,0.29,324.4,2318 - Radolfzell JC 72053,Anas platyrhynchos
2013-01-26T00:00:18Z,47.6947951,9.0427031,0.03,190.71,2318 - Radolfzell JC 72053,Anas platyrhynchos
2013-01-27T00:00:20Z,47.6973993,9.0439576,0.11,353.24,2318 - Radolfzell JC 72053,Anas platyrhynchos
2013-01-28T00:00:25Z,47.6974302,9.043921,0.08,0,2318 - Radolfzell JC 72053,Anas platyrhynchos
2013-01-29T00:00:55Z,47.6974052,9.0439329,0.04,336.86,2318 - Radolfzell JC 72053,Anas platyrhynchos
2013-01-30T00:00:17Z,47.697433,9.0439791,0.19,351.27,2318 - Radolfzell JC 72053,Anas platyrhynchos
2013-01-31T00:00:31Z,47.7028976,9.0521728,0.14,308.67,2318 - Radolfzell JC 72053,Anas platyrhynchos
2013-02-01T00:00:29Z,47.7028592,9.0521985,0.1,349.96,2318 - Radolfzell JC 72053,Anas platyrhynchos
2013-02-02T00:00:55Z,47.702821,9.0522593,2.04,317.85,2318 - Radolfzell JC 72053,Anas platyrhynchos
2013-02-03T00:00:56Z,47.6974186,9.044117,0.26,357.83,2318 - Radolfzell JC 72053,Anas platyrhynchos
2013-02-04T00:00:26Z,47.7363848,9.0482679,0.07,345.37,2318 - Radolfzell JC 72053,Anas platyrhynchos
2013-02-05T00:00:16Z,47.7028665,9.0521499,0.66,157.94,2318 - Radolfzell JC 72053,Anas platyrhynchos
2013-02-06T00:00:50Z,47.7029164,9.0521258,0.04,114.69,2318 - Radolfzell JC 72053,Anas platyrhynchos
2013-02-07T00:00:55Z,47.7028431,9.0521054,0.41,349.31,2318 - Radolfzell JC 72053,Anas platyrhynchos
2013-02-08T00:00:50Z,47.735575,9.0496112,0.24,157.94,2318 - Radolfzell JC 72053,Anas platyrhynchos
2013-02-09T00:00:49Z,47.7027942,9.0520851,1.03,15.07,2318 - Radolfzell JC 72053,Anas platyrhynchos
2013-02-10T00:00:29Z,47.6973694,9.0439843,0.57,41.29,2318 - Radolfzell JC 72053,Anas platyrhynchos
2013-02-11T00:00:44Z,47.6980229,9.0439398,0.04,74.06,2318 - Radolfzell JC 72053,Anas platyrhynchos
2013-02-12T00:00:44Z,47.6974136,9.0439148,0.02,354.55,2318 - Radolfzell JC 72053,Anas platyrhynchos
2013-02-13T00:00:10Z,47.6977284,9.0441454,0.06,348,2318 - Radolfzell JC 72053,Anas platyrhynchos
2013-02-14T00:00:15Z,47.6973807,9.0439826,0.31,334.89,2318 - Radolfzell JC 72053,Anas platyrhynchos
2013-02-15T00:00:56Z,47.6974771,9.0440134,0.63,47.84,2318 - Radolfzell JC 72053,Anas platyrhynchos
2013-02-16T00:00:56Z,47.6974042,9.043962,0.27,15.73,2318 - Radolfzell JC 72053,Anas platyrhynchos
2013-02-17T00:00:12Z,47.6984579,9.0436616,0.3,252.97,2318 - Radolfzell JC 72053,Anas platyrhynchos
2013-02-18T00:00:16Z,47.6974331,9.0438394,0.63,324.4,2318 - Radolfzell JC 72053,Anas platyrhynchos
2013-02-19T00:00:51Z,47.7035666,9.0430142,0.22,189.4,2318 - Radolfzell JC 72053,Anas platyrhynchos
2013-02-20T00:00:56Z,47.6974617,9.0440214,0.26,17.04,2318 - Radolfzell JC 72053,Anas platyrhynchos
2013-02-21T00:00:55Z,47.7007077,9.0408497,0.16,352.58,2318 - Radolfzell JC 72053,Anas platyrhynchos
2013-02-22T00:00:24Z,47.6995628,9.0426373,0.27,358.48,2318 - Radolfzell JC 72053,Anas platyrhynchos
2013-02-23T00:00:56Z,47.6942633,9.0426448,0.29,19.01,2318 - Radolfzell JC 72053,Anas platyrhynchos
2013-02-24T00:00:55Z,47.6934595,9.0437096,0.05,347.34,2318 - Radolfzell JC 72053,Anas platyrhynchos
2013-02-25T00:00:45Z,47.6974492,9.0440218,0.04,331.61,2318 - Radolfzell JC 72053,Anas platyrhynchos
2013-02-26T00:00:27Z,47.6945441,9.0425766,0.07,353.24,2318 - Radolfzell JC 72053,Anas platyrhynchos
2013-02-27T00:00:23Z,47.697434199999996,9.043823,0.29,351.27,2318 - Radolfzell JC 72053,Anas platyrhynchos
2013-02-28T00:00:43Z,47.7034261,9.0429603,0.22,325.06,2318 - Radolfzell JC 72053,Anas platyrhynchos
2013-03-01T00:00:44Z,47.698473,9.0437222,0.13,343.41,2318 - Radolfzell JC 72053,Anas platyrhynchos
2013-03-02T00:00:56Z,47.6974411,9.0438586,0.04,330.3,2318 - Radolfzell JC 72053,Anas platyrhynchos
2013-03-03T00:00:25Z,47.6974396,9.0438935,0.01,35.39,2318 - Radolfzell JC 72053,Anas platyrhynchos
2013-03-04T00:00:44Z,47.6978057,9.043992,0.12,0.66,2318 - Radolfzell JC 72053,Anas platyrhynchos
2013-03-05T00:00:28Z,47.6981462,9.0438306999999991,0.33,317.19,2318 - Radolfzell JC 72053,Anas platyrhynchos
2013-03-06T00:00:44Z,47.6993923,9.0038018,0.1,33.42,2318 - Radolfzell JC 72053,Anas platyrhynchos
2013-03-07T00:00:20Z,47.6979505,9.0437056,0.76,58.33,2318 - Radolfzell JC 72053,Anas platyrhynchos
2013-03-08T00:00:44Z,47.703692,9.0511577,0.12,9.83,2318 - Radolfzell JC 72053,Anas platyrhynchos
2013-03-09T00:00:55Z,47.6973424,9.0438925,0.45,327.02,2318 - Radolfzell JC 72053,Anas platyrhynchos
2013-03-10T00:00:49Z,47.7037208,9.0511512,0.25,359.79,2318 - Radolfzell JC 72053,Anas platyrhynchos
2013-03-11T00:00:49Z,47.7358446,9.0491949,0.18,346.03,2318 - Radolfzell JC 72053,Anas platyrhynchos
2013-03-12T00:00:28Z,47.7356816,9.0496239,0.3,329.65,2318 - Radolfzell JC 72053,Anas platyrhynchos
2013-03-13T00:00:23Z,47.7357038,9.0492508,4.56,344.72,2318 - Radolfzell JC 72053,Anas platyrhynchos
2013-03-14T00:00:32Z,47.7038601,9.0508942,0.15,355.21,2318 - Radolfzell JC 72053,Anas platyrhynchos
2013-03-15T00:00:37Z,47.7358522,9.0492414,0.01,341.44,2318 - Radolfzell JC 72053,Anas platyrhynchos
2013-03-16T00:00:38Z,47.6974029,9.0438326,0.01,104.86,2318 - Radolfzell JC 72053,Anas platyrhynchos
2013-03-17T00:00:12Z,47.7037043,9.0510754,0.13,342.1,2318 - Radolfzell JC 72053,Anas platyrhynchos
2013-03-18T00:00:29Z,47.7361037,9.0493801,0.09,11.14,2318 - Radolfzell JC 72053,Anas platyrhynchos
2013-03-19T00:00:14Z,47.7357988,9.0491756,0.16,48.5,2318 - Radolfzell JC 72053,Anas platyrhynchos
2013-03-20T00:00:43Z,47.7358724,9.0490662,0.09,23.59,2318 - Radolfzell JC 72053,Anas platyrhynchos
2013-03-21T00:00:15Z,47.7363297,9.0498032,0.16,22.94,2318 - Radolfzell JC 72053,Anas platyrhynchos
2013-03-22T00:00:15Z,47.7369248,9.04763,2.04,331.61,2318 - Radolfzell JC 72053,Anas platyrhynchos
2013-03-23T00:00:55Z,47.7358419,9.0493111,0.02,323.75,2318 - Radolfzell JC 72053,Anas platyrhynchos
2013-03-24T00:00:45Z,47.7364554,9.0480545,0,193.33,2318 - Radolfzell JC 72053,Anas platyrhynchos
2013-03-25T00:00:25Z,47.6981996,9.0437527,0.15,4.59,2318 - Radolfzell JC 72053,Anas platyrhynchos
2013-03-26T00:01:01Z,47.6981434,9.0438836,0.04,66.85,2318 - Radolfzell JC 72053,Anas platyrhynchos
2013-03-27T00:00:29Z,47.6944441,9.0424403,0.15,0,2318 - Radolfzell JC 72053,Anas platyrhynchos
2013-03-28T00:00:09Z,47.6970287,9.0437497,0.06,15.07,2318 - Radolfzell JC 72053,Anas platyrhynchos
2013-03-29T00:00:56Z,47.7014501,9.0417884,0.02,7.21,2318 - Radolfzell JC 72053,Anas platyrhynchos
2013-03-30T00:00:50Z,47.7015836,9.0410444,0.31,348,2318 - Radolfzell JC 72053,Anas platyrhynchos
2013-03-31T00:00:50Z,47.6978347,9.0442117,0.51,229.38,2318 - Radolfzell JC 72053,Anas platyrhynchos
2013-04-01T00:00:32Z,47.6976952,9.0442607,0.21,239.21,2318 - Radolfzell JC 72053,Anas platyrhynchos
2013-04-02T00:00:27Z,47.698131,9.0438069,0.2,355.86,2318 - Radolfzell JC 72053,Anas platyrhynchos
2013-04-03T00:00:24Z,47.6983783,9.0437842,0.04,355.86,2318 - Radolfzell JC 72053,Anas platyrhynchos
2013-04-04T00:00:49Z,47.6983564,9.0437877,0.82,249.04,2318 - Radolfzell JC 72053,Anas platyrhynchos
2013-04-05T00:01:01Z,47.6980418,9.0437362,0.23,309.33,2318 - Radolfzell JC 72053,Anas platyrhynchos
2013-04-06T00:00:56Z,47.6976784,9.0440373,0.17,336.2,2318 - Radolfzell JC 72053,Anas platyrhynchos
2013-04-07T00:00:27Z,47.698176,9.0437718,0.24,1.97,2318 - Radolfzell JC 72053,Anas platyrhynchos
2013-04-08T00:00:50Z,47.6981848,9.0437955,0.14,346.69,2318 - Radolfzell JC 72053,Anas platyrhynchos
2013-04-09T00:00:44Z,47.6980619,9.0439923,0.21,17.04,2318 - Radolfzell JC 72053,Anas platyrhynchos
2013-04-10T00:00:56Z,47.697346,9.043859,0.54,347.34,2318 - Radolfzell JC 72053,Anas platyrhynchos
2013-04-11T00:00:25Z,47.697425,9.0438419,0.18,159.91,2318 - Radolfzell JC 72053,Anas platyrhynchos
2013-04-12T00:00:29Z,47.6974035,9.043896,0.16,340.13,2318 - Radolfzell JC 72053,Anas platyrhynchos
2013-04-13T00:00:49Z,47.6974274,9.0439217,0.15,8.52,2318 - Radolfzell JC 72053,Anas platyrhynchos
2013-04-14T00:00:56Z,47.697429,9.0437774,0.03,337.51,2318 - Radolfzell JC 72053,Anas platyrhynchos
2013-04-15T00:00:43Z,47.6974366,9.0438943,0.27,354.55,2318 - Radolfzell JC 72053,Anas platyrhynchos
2013-04-16T00:00:21Z,47.6973717,9.0437691,0.3,309.99,2318 - Radolfzell JC 72053,Anas platyrhynchos
2013-04-17T00:00:49Z,47.6974398,9.0438597,0.1,359.14,2318 - Radolfzell JC 72053,Anas platyrhynchos
2013-04-18T00:00:24Z,47.6982715,9.0438407,0.08,17.69,2318 - Radolfzell JC 72053,Anas platyrhynchos
2013-04-19T00:00:50Z,47.6973851,9.0439092,0.26,340.79,2318 - Radolfzell JC 72053,Anas platyrhynchos
2013-04-20T00:00:28Z,47.6973476,9.0441288,0.45,332.92,2318 - Radolfzell JC 72053,Anas platyrhynchos
2013-04-21T00:00:22Z,47.6974794,9.0442313,0.22,338.17,2318 - Radolfzell JC 72053,Anas platyrhynchos
2013-04-22T12:00:56Z,47.7044827,9.0478989,0.79,100.27,2318 - Radolfzell JC 72053,Anas platyrhynchos
2013-04-23T00:00:51Z,47.7043143,9.0478281,0.11,16.38,2318 - Radolfzell JC 72053,Anas platyrhynchos
2013-04-24T00:00:55Z,47.7043402,9.0478308,0.09,0.66,2318 - Radolfzell JC 72053,Anas platyrhynchos
2013-04-25T00:00:50Z,47.7043108,9.0477958,0.14,351.93,2318 - Radolfzell JC 72053,Anas platyrhynchos
2013-04-26T00:00:30Z,47.7043441,9.047792,0.12,7.21,2318 - Radolfzell JC 72053,Anas platyrhynchos
2013-04-27T00:00:20Z,47.7042341,9.0479138,0.11,351.93,2318 - Radolfzell JC 72053,Anas platyrhynchos
2013-04-28T00:00:55Z,47.7043665,9.0477951,0.25,355.21,2318 - Radolfzell JC 72053,Anas platyrhynchos
2013-04-29T00:00:56Z,47.7043504,9.047799,0.12,1.31,2318 - Radolfzell JC 72053,Anas platyrhynchos
2013-04-30T00:00:45Z,47.7043481,9.0478011,0.15,16.38,2318 - Radolfzell JC 72053,Anas platyrhynchos
2013-05-01T00:00:45Z,47.7043483,9.0478025,0.23,336.86,2318 - Radolfzell JC 72053,Anas platyrhynchos
2013-05-02T00:00:57Z,47.7044514,9.0478845,0.3,22.28,2318 - Radolfzell JC 72053,Anas platyrhynchos
2013-05-03T00:00:50Z,47.7043213,9.0477935,0.29,20.32,2318 - Radolfzell JC 72053,Anas platyrhynchos
2012-09-04T14:58:49Z,47.767064,8.9964161,0.01,286.39,2339 - Radolfzell JC 72018,Anas platyrhynchos
2012-09-05T00:00:56Z,47.7539066,9.0142994,8,184.16,2339 - Radolfzell JC 72018,Anas platyrhynchos
2012-09-06T00:00:45Z,47.7403514,8.9257996,0.65,34.08,2339 - Radolfzell JC 72018,Anas platyrhynchos
2012-09-07T00:30:56Z,47.7398992,8.9252056,0.68,0,2339 - Radolfzell JC 72018,Anas platyrhynchos
2012-09-08T00:00:51Z,47.7201962,8.956965,0.03,27.53,2339 - Radolfzell JC 72018,Anas platyrhynchos
2012-09-09T00:00:43Z,47.7411234,8.9248242,0.16,11.14,2339 - Radolfzell JC 72018,Anas platyrhynchos
2012-09-10T00:00:44Z,47.7413843,8.9261172,0.35,17.69,2339 - Radolfzell JC 72018,Anas platyrhynchos
2012-09-11T00:00:56Z,47.7409295,8.9249656,0.24,15.07,2339 - Radolfzell JC 72018,Anas platyrhynchos
2012-09-12T00:00:43Z,47.738038,8.9235382,1,5.24,2339 - Radolfzell JC 72018,Anas platyrhynchos
2012-09-13T00:00:56Z,47.7403671,8.9278205,0.28,342.75,2339 - Radolfzell JC 72018,Anas platyrhynchos
2012-09-14T00:00:56Z,47.740351,8.9278378,0.19,358.48,2339 - Radolfzell JC 72018,Anas platyrhynchos
2012-09-15T00:00:51Z,47.7403542,8.9278287,0.17,1.31,2339 - Radolfzell JC 72018,Anas platyrhynchos
2012-09-16T00:00:57Z,47.7403257,8.9278228,0.24,353.89,2339 - Radolfzell JC 72018,Anas platyrhynchos
2012-09-17T00:00:57Z,47.718101,8.9616336,0.16,355.21,2339 - Radolfzell JC 72018,Anas platyrhynchos
2012-09-18T00:00:57Z,47.7378421,8.923246,0.25,25.56,2339 - Radolfzell JC 72018,Anas platyrhynchos
2012-09-19T00:00:50Z,47.7181085,8.9616217,0.14,354.55,2339 - Radolfzell JC 72018,Anas platyrhynchos
2012-09-20T00:00:15Z,47.7182148,8.9615877,0.65,346.69,2339 - Radolfzell JC 72018,Anas platyrhynchos
2012-09-21T00:00:26Z,47.7378437,8.9232342,0.08,335.54,2339 - Radolfzell JC 72018,Anas platyrhynchos
2012-09-22T00:00:20Z,47.7231359,8.9183453,0.16,338.82,2339 - Radolfzell JC 72018,Anas platyrhynchos
2012-09-23T00:00:22Z,47.7378894,8.9232129,0.92,44.56,2339 - Radolfzell JC 72018,Anas platyrhynchos
2012-09-24T00:01:15Z,47.7391803,8.9298859,0.27,353.24,2339 - Radolfzell JC 72018,Anas platyrhynchos
2012-09-25T00:00:30Z,47.7392511,8.9297797,0.35,71.43,2339 - Radolfzell JC 72018,Anas platyrhynchos
2012-09-26T00:00:44Z,47.7392642,8.929681,0.26,8.52,2339 - Radolfzell JC 72018,Anas platyrhynchos
2012-09-27T00:00:12Z,47.7408356,8.9275126,0.62,332.27,2339 - Radolfzell JC 72018,Anas platyrhynchos
2012-09-28T00:00:18Z,47.7378369,8.923269,0.92,331.61,2339 - Radolfzell JC 72018,Anas platyrhynchos
2012-09-29T00:00:14Z,47.7380328,8.9231725,0.29,13.76,2339 - Radolfzell JC 72018,Anas platyrhynchos
2012-09-30T00:00:44Z,47.7402789,8.927691,0.25,64.23,2339 - Radolfzell JC 72018,Anas platyrhynchos
2012-10-01T00:00:50Z,47.7402292,8.9276846,0.76,355.86,2339 - Radolfzell JC 72018,Anas platyrhynchos
2012-10-02T00:00:50Z,47.74035,8.9276709,0.19,19.01,2339 - Radolfzell JC 72018,Anas platyrhynchos
2012-10-03T00:00:56Z,47.7381984,8.9289043,0.8,14.42,2339 - Radolfzell JC 72018,Anas platyrhynchos
2012-10-04T00:00:44Z,47.7402299,8.9276619,0.27,349.31,2339 - Radolfzell JC 72018,Anas platyrhynchos
2012-10-05T00:01:26Z,47.740308,8.9276864,0.38,10.49,2339 - Radolfzell JC 72018,Anas platyrhynchos
2012-10-06T00:00:56Z,47.727658,8.9923065,0.05,5.9,2339 - Radolfzell JC 72018,Anas platyrhynchos
2012-10-07T00:00:20Z,47.74034,8.9278086,0.04,5.9,2339 - Radolfzell JC 72018,Anas platyrhynchos
2012-10-08T00:00:19Z,47.7403444,8.9277785,0.15,1.97,2339 - Radolfzell JC 72018,Anas platyrhynchos
2012-10-09T00:00:43Z,47.7402586,8.9277293,0.18,18.35,2339 - Radolfzell JC 72018,Anas platyrhynchos
2012-10-10T00:00:55Z,47.7402242,8.9276755,0.15,15.73,2339 - Radolfzell JC 72018,Anas platyrhynchos
2012-10-11T00:00:50Z,47.740323,8.927703,0.06,20.32,2339 - Radolfzell JC 72018,Anas platyrhynchos
2012-10-12T00:00:57Z,47.7402887,8.9276482,0.12,15.07,2339 - Radolfzell JC 72018,Anas platyrhynchos
2012-10-13T00:00:49Z,47.7393862,8.9291579,0.11,5.9,2339 - Radolfzell JC 72018,Anas platyrhynchos
2012-10-14T00:00:43Z,47.7403383,8.9277273,0.1,36.7,2339 - Radolfzell JC 72018,Anas platyrhynchos
2012-10-15T00:00:44Z,47.7402258,8.9277062,0.52,358.48,2339 - Radolfzell JC 72018,Anas platyrhynchos
2012-10-16T00:00:56Z,47.7402519,8.9276004,0.71,211.68,2339 - Radolfzell JC 72018,Anas platyrhynchos
2012-10-17T00:00:49Z,47.7309691,8.9923829,0.15,14.42,2339 - Radolfzell JC 72018,Anas platyrhynchos
2012-10-18T00:00:50Z,47.7402923,8.9277285,0.1,347.34,2339 - Radolfzell JC 72018,Anas platyrhynchos
2012-10-19T00:00:50Z,47.740282,8.9277097,0.2,3.93,2339 - Radolfzell JC 72018,Anas platyrhynchos
2012-10-20T18:00:56Z,47.7402492,8.9277013,0.03,20.97,2339 - Radolfzell JC 72018,Anas platyrhynchos
2012-10-21T00:01:09Z,47.7402934,8.927821,1.69,290.32,2339 - Radolfzell JC 72018,Anas platyrhynchos
2012-10-22T00:00:55Z,47.7402723,8.9276658,0.52,3.28,2339 - Radolfzell JC 72018,Anas platyrhynchos
2012-10-23T00:00:56Z,47.7393639,8.9291325,0.13,348,2339 - Radolfzell JC 72018,Anas platyrhynchos
2012-10-24T00:01:14Z,47.7392429,8.9296827,0.03,351.27,2339 - Radolfzell JC 72018,Anas platyrhynchos
2012-10-25T00:00:49Z,47.7392628,8.9296828,0.03,0,2339 - Radolfzell JC 72018,Anas platyrhynchos
2012-10-26T00:00:50Z,47.7392806,8.9297149,0.05,359.14,2339 - Radolfzell JC 72018,Anas platyrhynchos
2012-10-27T00:00:43Z,47.739458,8.9292737,0.14,17.04,2339 - Radolfzell JC 72018,Anas platyrhynchos
2012-10-28T00:00:57Z,47.7392693,8.9297819,0.08,20.32,2339 - Radolfzell JC 72018,Anas platyrhynchos
2012-10-29T00:00:44Z,47.7392925,8.9297843,0.23,3.93,2339 - Radolfzell JC 72018,Anas platyrhynchos
2012-10-30T00:00:57Z,47.7681917,8.9811764,0.17,336.86,2339 - Radolfzell JC 72018,Anas platyrhynchos
2012-10-31T00:00:56Z,47.7392759,8.9297403,0.21,5.9,2339 - Radolfzell JC 72018,Anas platyrhynchos
2012-11-01T00:00:44Z,47.7392588,8.9297186,0.16,19.66,2339 - Radolfzell JC 72018,Anas platyrhynchos
2012-11-02T00:00:44Z,47.7393429,8.9290993,0.12,348.65,2339 - Radolfzell JC 72018,Anas platyrhynchos
2012-11-03T00:00:56Z,47.7393811,8.9290938,0.23,1.97,2339 - Radolfzell JC 72018,Anas platyrhynchos
2012-11-04T00:00:56Z,47.7392405,8.9296907,0.12,332.92,2339 - Radolfzell JC 72018,Anas platyrhynchos
2012-11-05T00:00:57Z,47.7393648,8.9291313,0.12,13.11,2339 - Radolfzell JC 72018,Anas platyrhynchos
2012-11-06T00:00:55Z,47.7394027,8.9291544,0.19,348,2339 - Radolfzell JC 72018,Anas platyrhynchos
2012-11-07T00:00:55Z,47.7392725,8.9297352,0.03,359.14,2339 - Radolfzell JC 72018,Anas platyrhynchos
2012-11-08T00:00:56Z,47.7390835,8.9295861,0.31,323.09,2339 - Radolfzell JC 72018,Anas platyrhynchos
2012-11-09T00:00:55Z,47.7391533,8.9296964,0.97,335.54,2339 - Radolfzell JC 72018,Anas platyrhynchos
2012-11-10T00:00:44Z,47.7180272,8.9618177,0.07,325.06,2339 - Radolfzell JC 72018,Anas platyrhynchos
2012-11-11T00:00:56Z,47.7181478,8.9616265,0.14,351.27,2339 - Radolfzell JC 72018,Anas platyrhynchos
2012-11-12T00:00:44Z,47.7393773,8.9291576,0.06,0,2339 - Radolfzell JC 72018,Anas platyrhynchos
2012-11-13T00:00:56Z,47.7393885,8.9291013,0.31,353.89,2339 - Radolfzell JC 72018,Anas platyrhynchos
2012-11-14T00:00:50Z,47.7393962,8.928652,0.14,359.14,2339 - Radolfzell JC 72018,Anas platyrhynchos
2012-11-15T00:00:43Z,47.7393669,8.9290637,0.29,329.65,2339 - Radolfzell JC 72018,Anas platyrhynchos
2012-11-16T00:00:55Z,47.7393106,8.9291014,0.09,13.76,2339 - Radolfzell JC 72018,Anas platyrhynchos
2012-11-17T00:00:50Z,47.7393948,8.9290927,0.22,325.71,2339 - Radolfzell JC 72018,Anas platyrhynchos
2012-11-18T00:00:44Z,47.7392404,8.9297573,0.24,171.05,2339 - Radolfzell JC 72018,Anas platyrhynchos
2012-11-19T00:00:49Z,47.7181209,8.9616272,0.14,330.3,2339 - Radolfzell JC 72018,Anas platyrhynchos
2012-11-20T00:01:14Z,47.7392881,8.9297677,0.1,352.58,2339 - Radolfzell JC 72018,Anas platyrhynchos
2012-11-21T00:00:50Z,47.7392044,8.9296985,0.07,11.8,2339 - Radolfzell JC 72018,Anas platyrhynchos
2012-11-22T00:00:44Z,47.7392449,8.9297005,0.1,27.53,2339 - Radolfzell JC 72018,Anas platyrhynchos
2012-11-23T00:00:55Z,47.7392868,8.9293068,0.05,7.21,2339 - Radolfzell JC 72018,Anas platyrhynchos
2012-11-24T00:00:49Z,47.7393194,8.9293703,0.2,357.17,2339 - Radolfzell JC 72018,Anas platyrhynchos
2012-11-25T00:00:55Z,47.7392794,8.9296897,0.12,344.06,2339 - Radolfzell JC 72018,Anas platyrhynchos
2012-11-26T00:00:56Z,47.7392377,8.9296591,0.25,328.99,2339 - Radolfzell JC 72018,Anas platyrhynchos
2012-11-27T00:00:56Z,47.7181227,8.9617346,0.08,340.13,2339 - Radolfzell JC 72018,Anas platyrhynchos
2012-11-28T00:00:50Z,47.7180925,8.9616832,0.1,9.18,2339 - Radolfzell JC 72018,Anas platyrhynchos
2012-11-29T00:00:57Z,47.7392475,8.92966,0.1,330.96,2339 - Radolfzell JC 72018,Anas platyrhynchos
2012-11-30T00:00:45Z,47.7174314,8.9612666,0.07,329.65,2339 - Radolfzell JC 72018,Anas platyrhynchos
2012-12-01T00:00:44Z,47.7181597,8.9616279,0.05,322.44,2339 - Radolfzell JC 72018,Anas platyrhynchos
2012-12-02T00:00:56Z,47.7320267,8.9410779,0.21,351.93,2339 - Radolfzell JC 72018,Anas platyrhynchos
2012-12-03T00:00:56Z,47.7277366,8.9406562,0.02,5.24,2339 - Radolfzell JC 72018,Anas platyrhynchos
2012-12-04T00:00:57Z,47.7393756,8.9286592,0.02,343.41,2339 - Radolfzell JC 72018,Anas platyrhynchos
2012-12-05T00:00:51Z,47.7392582,8.9298168,0.25,32.77,2339 - Radolfzell JC 72018,Anas platyrhynchos
2012-12-06T00:00:49Z,47.7392731,8.9297892,0.11,28.84,2339 - Radolfzell JC 72018,Anas platyrhynchos
2012-12-07T00:00:55Z,47.7177102,8.9606113,0.14,350.62,2339 - Radolfzell JC 72018,Anas platyrhynchos
2012-12-08T00:00:44Z,47.7277442,8.9406568,0.04,353.24,2339 - Radolfzell JC 72018,Anas platyrhynchos
2012-12-09T00:00:50Z,47.7403148,8.9278962,0.23,357.17,2339 - Radolfzell JC 72018,Anas platyrhynchos
2012-12-10T00:00:57Z,47.7402936,8.9277699,0.17,11.8,2339 - Radolfzell JC 72018,Anas platyrhynchos
2012-12-11T00:00:56Z,47.7403474,8.9277428,0.2,353.24,2339 - Radolfzell JC 72018,Anas platyrhynchos
2012-12-12T00:00:51Z,47.7402612,8.9277627,0.04,1.97,2339 - Radolfzell JC 72018,Anas platyrhynchos
2012-12-13T00:00:56Z,47.7402884,8.92773,0.01,1.97,2339 - Radolfzell JC 72018,Anas platyrhynchos
2012-12-14T00:00:56Z,47.7403919,8.9279864,2.13,48.5,2339 - Radolfzell JC 72018,Anas platyrhynchos
2012-12-15T00:00:55Z,47.7402853,8.9277273,0.08,359.79,2339 - Radolfzell JC 72018,Anas platyrhynchos
2012-12-16T00:00:56Z,47.7276849,8.9408025,0.08,9.18,2339 - Radolfzell JC 72018,Anas platyrhynchos
2012-12-17T00:00:56Z,47.7276963,8.9406875,0.12,9.18,2339 - Radolfzell JC 72018,Anas platyrhynchos
2012-12-18T00:00:57Z,47.7277098,8.940762,0.11,0.66,2339 - Radolfzell JC 72018,Anas platyrhynchos
2012-12-19T00:00:50Z,47.7327795,8.9924157,0.21,38.01,2339 - Radolfzell JC 72018,Anas platyrhynchos
2012-12-20T09:00:50Z,47.7417508,8.926801,1.09,54.39,2339 - Radolfzell JC 72018,Anas platyrhynchos
2012-12-21T09:01:44Z,47.7420827,8.9262711,1.04,142.87,2339 - Radolfzell JC 72018,Anas platyrhynchos
2012-12-22T00:00:56Z,47.727875,8.940053,0.05,18.35,2339 - Radolfzell JC 72018,Anas platyrhynchos
2012-12-24T15:00:26Z,47.7414736,8.9267871,0.31,29.49,2339 - Radolfzell JC 72018,Anas platyrhynchos
2012-12-25T09:00:55Z,47.7419424,8.926761,0.34,1.97,2339 - Radolfzell JC 72018,Anas platyrhynchos
2012-12-26T09:01:44Z,47.7417062,8.9269763,1.42,50.46,2339 - Radolfzell JC 72018,Anas platyrhynchos
2013-01-02T12:01:49Z,47.7417711,8.9267899,0.85,174.33,2339 - Radolfzell JC 72018,Anas platyrhynchos
2013-01-04T15:00:50Z,47.7414647,8.926783,0.22,26.87,2339 - Radolfzell JC 72018,Anas platyrhynchos
2013-01-07T15:00:57Z,47.7416846,8.9266648,0.54,17.04,2339 - Radolfzell JC 72018,Anas platyrhynchos
2013-01-08T12:00:43Z,47.7414284,8.9268741,0.6,258.87,2339 - Radolfzell JC 72018,Anas platyrhynchos
2013-01-10T12:00:49Z,47.7414672,8.9267808,0.08,340.13,2339 - Radolfzell JC 72018,Anas platyrhynchos
2013-01-11T12:00:56Z,47.7415946,8.9266461,0.16,26.87,2339 - Radolfzell JC 72018,Anas platyrhynchos
2013-01-12T00:00:51Z,47.7392919,8.9297437,0.35,326.37,2339 - Radolfzell JC 72018,Anas platyrhynchos
2013-01-13T12:00:55Z,47.7414815,8.926747,1.96,104.86,2339 - Radolfzell JC 72018,Anas platyrhynchos
2013-01-15T09:01:20Z,47.7415719,8.9267354,0.42,348.65,2339 - Radolfzell JC 72018,Anas platyrhynchos
2013-01-16T00:00:56Z,47.740389,8.9279616999999991,0.28,24.25,2339 - Radolfzell JC 72018,Anas platyrhynchos
2013-01-17T00:00:51Z,47.7402895,8.9277868,0.03,9.83,2339 - Radolfzell JC 72018,Anas platyrhynchos
2013-01-18T00:00:56Z,47.7402291,8.9277738,0.11,324.4,2339 - Radolfzell JC 72018,Anas platyrhynchos
2013-01-19T00:00:44Z,47.7411333,8.9269045,0.22,349.31,2339 - Radolfzell JC 72018,Anas platyrhynchos
2013-01-20T00:00:50Z,47.7403218,8.9277408,0.15,357.83,2339 - Radolfzell JC 72018,Anas platyrhynchos
2013-01-21T00:00:44Z,47.7403595,8.9277432,0.63,331.61,2339 - Radolfzell JC 72018,Anas platyrhynchos
2013-01-22T00:00:56Z,47.7403794,8.9277963,0.14,308.02,2339 - Radolfzell JC 72018,Anas platyrhynchos
2013-01-23T00:00:49Z,47.7403096,8.9277431,0.06,340.13,2339 - Radolfzell JC 72018,Anas platyrhynchos
2013-01-24T00:01:14Z,47.7406837,8.9298657,0.19,17.04,2339 - Radolfzell JC 72018,Anas platyrhynchos
2013-01-25T00:01:21Z,47.7406747,8.9298306,0.19,359.14,2339 - Radolfzell JC 72018,Anas platyrhynchos
2013-01-26T00:00:57Z,47.740653,8.9298589,0.11,15.73,2339 - Radolfzell JC 72018,Anas platyrhynchos
2013-01-27T00:00:56Z,47.7406033,8.9298995,0.46,45.22,2339 - Radolfzell JC 72018,Anas platyrhynchos
2013-01-28T00:00:56Z,47.7406217,8.929519,0.38,27.53,2339 - Radolfzell JC 72018,Anas platyrhynchos
2013-01-29T00:00:44Z,47.7277348,8.9405025,0.02,12.45,2339 - Radolfzell JC 72018,Anas platyrhynchos
2013-01-30T00:00:56Z,47.7277497,8.9406107,0.11,37.36,2339 - Radolfzell JC 72018,Anas platyrhynchos
2013-01-31T00:00:56Z,47.7426792,8.9437167,0.18,41.29,2339 - Radolfzell JC 72018,Anas platyrhynchos
2013-02-01T00:00:49Z,47.7426176,8.9438324,0.41,19.01,2339 - Radolfzell JC 72018,Anas platyrhynchos
2013-02-02T00:00:50Z,47.7428066,8.9435797,0.04,317.85,2339 - Radolfzell JC 72018,Anas platyrhynchos
2013-02-03T00:00:56Z,47.7429303,8.9438294,0.16,22.28,2339 - Radolfzell JC 72018,Anas platyrhynchos
2013-02-04T00:01:14Z,47.7396608,8.9427907,0.01,95.68,2339 - Radolfzell JC 72018,Anas platyrhynchos
2013-02-05T00:00:57Z,47.739641,8.9426565,0.29,32.77,2339 - Radolfzell JC 72018,Anas platyrhynchos
2013-02-06T00:00:50Z,47.7395774,8.9426585,0.15,3.28,2339 - Radolfzell JC 72018,Anas platyrhynchos
2013-02-07T00:00:57Z,47.7396168,8.9426426,0.09,320.47,2339 - Radolfzell JC 72018,Anas platyrhynchos
2013-02-08T00:00:56Z,47.7278334,8.9403165,0.09,340.13,2339 - Radolfzell JC 72018,Anas platyrhynchos
2013-02-09T00:00:56Z,47.7405759,8.9300883,0.14,332.27,2339 - Radolfzell JC 72018,Anas platyrhynchos
2013-02-10T00:00:50Z,47.7405457,8.9300112,0.71,315.23,2339 - Radolfzell JC 72018,Anas platyrhynchos
2013-02-11T00:00:57Z,47.7405863,8.930022,0.15,1.97,2339 - Radolfzell JC 72018,Anas platyrhynchos
2013-02-12T00:01:15Z,47.7327741,8.9411803,0.16,319.82,2339 - Radolfzell JC 72018,Anas platyrhynchos
2013-02-13T00:01:15Z,47.7402699,8.9277692,0.6,338.17,2339 - Radolfzell JC 72018,Anas platyrhynchos
2013-02-14T00:00:56Z,47.7404244,8.9269204,0.15,3.93,2339 - Radolfzell JC 72018,Anas platyrhynchos
2013-02-15T00:00:55Z,47.7403731,8.9277629,0.27,305.4,2339 - Radolfzell JC 72018,Anas platyrhynchos
2013-02-16T00:00:56Z,47.7404819,8.9278124,0.85,249.04,2339 - Radolfzell JC 72018,Anas platyrhynchos
2013-02-17T00:01:14Z,47.7402409,8.9276583,0.19,174.33,2339 - Radolfzell JC 72018,Anas platyrhynchos
2013-02-18T00:00:44Z,47.7277761,8.9404099,0.07,358.48,2339 - Radolfzell JC 72018,Anas platyrhynchos
2013-02-19T00:00:56Z,47.7315536,8.9417575,0.06,358.48,2339 - Radolfzell JC 72018,Anas platyrhynchos
2013-02-20T00:00:49Z,47.7403357,8.9278414,0.07,1.31,2339 - Radolfzell JC 72018,Anas platyrhynchos
2013-02-21T00:00:56Z,47.7405797,8.9299525,1.32,316.54,2339 - Radolfzell JC 72018,Anas platyrhynchos
2013-02-22T00:00:55Z,47.7406053,8.9298244,0.03,344.72,2339 - Radolfzell JC 72018,Anas platyrhynchos
2013-02-23T00:00:50Z,47.7406082,8.9298982,0.28,20.32,2339 - Radolfzell JC 72018,Anas platyrhynchos
2013-02-24T00:00:56Z,47.7405917,8.9298199,0.06,2.62,2339 - Radolfzell JC 72018,Anas platyrhynchos
2013-02-25T00:00:55Z,47.7406697,8.9297734,0.08,15.73,2339 - Radolfzell JC 72018,Anas platyrhynchos
2013-02-26T00:00:57Z,47.7404538,8.9296774,0.2,344.06,2339 - Radolfzell JC 72018,Anas platyrhynchos
2013-02-27T00:00:51Z,47.7403416,8.9276923,0.13,26.87,2339 - Radolfzell JC 72018,Anas platyrhynchos
2013-02-28T00:00:56Z,47.7403227,8.9277107,0.09,350.62,2339 - Radolfzell JC 72018,Anas platyrhynchos
2013-03-01T00:00:56Z,47.7277821,8.9404197,0.16,0.66,2339 - Radolfzell JC 72018,Anas platyrhynchos
2013-03-02T00:00:44Z,47.7402839,8.9276763,0.18,289.67,2339 - Radolfzell JC 72018,Anas platyrhynchos
2013-03-03T00:00:57Z,47.7406231,8.9297004,0.05,12.45,2339 - Radolfzell JC 72018,Anas platyrhynchos
2013-03-04T00:00:44Z,47.7405557,8.9297792,0.07,25.56,2339 - Radolfzell JC 72018,Anas platyrhynchos
2013-03-05T00:00:56Z,47.7398757,8.9994433,0.05,9.18,2339 - Radolfzell JC 72018,Anas platyrhynchos
2013-03-06T00:00:44Z,47.7403614,8.9989944,0.21,0,2339 - Radolfzell JC 72018,Anas platyrhynchos
2013-03-07T00:00:37Z,47.7402705,8.9277465,0.11,317.19,2339 - Radolfzell JC 72018,Anas platyrhynchos
2013-03-08T00:00:25Z,47.7433049,8.9890937,0.13,6.55,2339 - Radolfzell JC 72018,Anas platyrhynchos
2013-03-09T00:00:44Z,47.7433395,8.98913,0.07,346.03,2339 - Radolfzell JC 72018,Anas platyrhynchos
2013-03-10T00:00:16Z,47.743341,8.9890519,0.09,353.24,2339 - Radolfzell JC 72018,Anas platyrhynchos
2013-03-11T00:00:55Z,47.7434143,8.9890703,0.23,338.82,2339 - Radolfzell JC 72018,Anas platyrhynchos
2013-03-12T00:00:49Z,47.7309275,8.992215,0.04,332.27,2339 - Radolfzell JC 72018,Anas platyrhynchos
2013-03-13T00:00:10Z,47.7309275,8.9922489,0.12,340.13,2339 - Radolfzell JC 72018,Anas platyrhynchos
2013-03-14T00:00:27Z,47.7393099,8.9297084,0.15,304.09,2339 - Radolfzell JC 72018,Anas platyrhynchos
2013-03-15T00:00:53Z,47.7406254,8.9297366,0.22,1.31,2339 - Radolfzell JC 72018,Anas platyrhynchos
2013-03-16T00:00:09Z,47.7309263,8.9922658,0.34,0,2339 - Radolfzell JC 72018,Anas platyrhynchos
2013-03-17T00:00:11Z,47.7248073,9.0008077,0.16,331.61,2339 - Radolfzell JC 72018,Anas platyrhynchos
2013-03-18T00:00:14Z,47.7309955,8.992164,0.07,3.28,2339 - Radolfzell JC 72018,Anas platyrhynchos
2013-03-19T00:00:25Z,47.7276859,8.9406243,0.43,335.54,2339 - Radolfzell JC 72018,Anas platyrhynchos
2013-03-20T00:00:20Z,47.7675187,8.9801695,0.38,340.79,2339 - Radolfzell JC 72018,Anas platyrhynchos
2013-03-21T00:00:21Z,47.7278087,8.9402587,0.09,321.13,2339 - Radolfzell JC 72018,Anas platyrhynchos
2013-03-22T00:00:54Z,47.7681636,8.9812662,0.18,357.17,2339 - Radolfzell JC 72018,Anas platyrhynchos
2013-03-23T00:00:13Z,47.7434666,8.989072,0.13,8.52,2339 - Radolfzell JC 72018,Anas platyrhynchos
2013-03-24T00:00:25Z,47.7310517,8.9923402,0.17,344.72,2339 - Radolfzell JC 72018,Anas platyrhynchos
2013-03-25T00:00:22Z,47.7432959,8.9890645,0.05,28.18,2339 - Radolfzell JC 72018,Anas platyrhynchos
2013-03-26T00:00:23Z,47.7405811,8.9297171,0.06,11.8,2339 - Radolfzell JC 72018,Anas platyrhynchos
2013-03-27T00:00:56Z,47.7405472,8.9298833,0.09,9.83,2339 - Radolfzell JC 72018,Anas platyrhynchos
2013-03-28T00:00:51Z,47.7406315,8.929844,0.11,13.76,2339 - Radolfzell JC 72018,Anas platyrhynchos
2013-03-29T00:00:28Z,47.7277592,8.9405318,0.02,357.17,2339 - Radolfzell JC 72018,Anas platyrhynchos
2013-03-30T00:00:28Z,47.7277795,8.9403903,0.16,38.67,2339 - Radolfzell JC 72018,Anas platyrhynchos
2013-03-31T00:00:29Z,47.7277383,8.9404237,0.61,355.21,2339 - Radolfzell JC 72018,Anas platyrhynchos
2013-04-01T00:00:28Z,47.7277008,8.9402788,0.29,17.69,2339 - Radolfzell JC 72018,Anas platyrhynchos
2013-04-02T00:00:30Z,47.7277893,8.9403705,0.04,17.69,2339 - Radolfzell JC 72018,Anas platyrhynchos
2013-04-03T00:00:56Z,47.7406511,8.9298472,0.26,209.06,2339 - Radolfzell JC 72018,Anas platyrhynchos
2013-04-04T00:00:50Z,47.7391266,8.9297627,1.04,176.29,2339 - Radolfzell JC 72018,Anas platyrhynchos
2013-04-05T00:00:50Z,47.7314289,8.9423652,0.14,344.06,2339 - Radolfzell JC 72018,Anas platyrhynchos
2013-04-06T00:00:50Z,47.7277733,8.9404842,0.33,348.65,2339 - Radolfzell JC 72018,Anas platyrhynchos
2013-04-07T00:00:27Z,47.7314059,8.9423544,0.15,342.75,2339 - Radolfzell JC 72018,Anas platyrhynchos
2013-04-08T00:00:43Z,47.7277626,8.9403571,0.19,350.62,2339 - Radolfzell JC 72018,Anas platyrhynchos
2013-04-09T00:00:28Z,47.7277492,8.9405307,0.17,64.88,2339 - Radolfzell JC 72018,Anas platyrhynchos
2013-04-10T00:00:50Z,47.731439,8.9423726,0.23,252.97,2339 - Radolfzell JC 72018,Anas platyrhynchos
2013-04-11T00:00:56Z,47.7314298,8.9423626,0.19,12.45,2339 - Radolfzell JC 72018,Anas platyrhynchos
2013-04-12T00:00:14Z,47.7314554,8.9424456,0.45,47.84,2339 - Radolfzell JC 72018,Anas platyrhynchos
2013-04-13T00:00:49Z,47.7248531,9.0009639,0.06,348,2339 - Radolfzell JC 72018,Anas platyrhynchos
2013-04-14T00:00:55Z,47.7247727,9.0015794,0.1,354.55,2339 - Radolfzell JC 72018,Anas platyrhynchos
2013-04-15T00:00:20Z,47.7232946,9.0095529,0.14,318.5,2339 - Radolfzell JC 72018,Anas platyrhynchos
2013-04-16T00:00:16Z,47.7247288,9.0014658,0.16,358.48,2339 - Radolfzell JC 72018,Anas platyrhynchos
2013-04-17T00:00:29Z,47.7247258,9.0010129,0.37,14.42,2339 - Radolfzell JC 72018,Anas platyrhynchos
2013-04-18T00:00:13Z,47.7247309,9.0014099,0.06,339.48,2339 - Radolfzell JC 72018,Anas platyrhynchos
2013-04-19T00:00:11Z,47.7247538,9.0010421,0.03,333.58,2339 - Radolfzell JC 72018,Anas platyrhynchos
2013-04-20T00:00:19Z,47.7308774,8.9923315,0.18,330.3,2339 - Radolfzell JC 72018,Anas platyrhynchos
2013-04-21T00:00:23Z,47.7567104,8.9604689,0.11,335.54,2339 - Radolfzell JC 72018,Anas platyrhynchos
2013-04-22T00:00:44Z,47.7568946,8.960278,0.06,314.57,2339 - Radolfzell JC 72018,Anas platyrhynchos
2013-04-23T00:00:18Z,47.7315238,8.9922751,0.38,28.18,2339 - Radolfzell JC 72018,Anas platyrhynchos
2013-04-24T00:00:50Z,47.7309901,8.9923755,0.18,349.96,2339 - Radolfzell JC 72018,Anas platyrhynchos
2013-04-25T00:00:11Z,47.730859100000004,8.9922925,0.4,351.27,2339 - Radolfzell JC 72018,Anas platyrhynchos
2013-04-26T00:00:27Z,47.7309937,8.9923541,0.25,17.69,2339 - Radolfzell JC 72018,Anas platyrhynchos
2013-04-27T00:00:44Z,47.730995,8.9923436,0.18,351.27,2339 - Radolfzell JC 72018,Anas platyrhynchos
2013-04-28T00:00:25Z,47.7308574,8.9923524,0.13,15.07,2339 - Radolfzell JC 72018,Anas platyrhynchos
2013-04-29T00:00:50Z,47.7308783,8.99233,0.03,4.59,2339 - Radolfzell JC 72018,Anas platyrhynchos
2012-09-01T20:57:00Z,47.7668265,8.9973208,0.02,328.99,2343 - Radolfzell JC 72017,Anas platyrhynchos
2012-09-02T00:01:25Z,47.7666992,8.9972617,0.19,335.54,2343 - Radolfzell JC 72017,Anas platyrhynchos
2012-09-03T00:00:44Z,47.7666352,8.9972781,0.15,323.09,2343 - Radolfzell JC 72017,Anas platyrhynchos
2012-09-04T14:56:54Z,47.7671742,8.9960115,0.88,224.13,2344 - Radolfzell JC 72013,Anas platyrhynchos
2012-09-05T06:02:19Z,47.7669271,8.9955853,0.02,22.28,2344 - Radolfzell JC 72013,Anas platyrhynchos
2012-09-06T00:01:50Z,47.7670372,8.9962158,1.34,55.71,2344 - Radolfzell JC 72013,Anas platyrhynchos
2012-09-07T00:01:20Z,47.7654604,8.9958238,0.4,17.04,2344 - Radolfzell JC 72013,Anas platyrhynchos
2012-09-08T00:00:55Z,47.7669783,8.9961959,0.19,11.14,2344 - Radolfzell JC 72013,Anas platyrhynchos
2012-09-09T21:01:53Z,47.7671043,8.9960215,0.32,18.35,2344 - Radolfzell JC 72013,Anas platyrhynchos
2012-09-10T00:01:26Z,47.767051,8.996357,0.84,178.91,2344 - Radolfzell JC 72013,Anas platyrhynchos
2012-09-11T00:00:51Z,47.767124,8.9962475,0.32,26.87,2344 - Radolfzell JC 72013,Anas platyrhynchos
2012-09-12T00:01:14Z,47.7670745,8.9962571,0.04,339.48,2344 - Radolfzell JC 72013,Anas platyrhynchos
2012-09-13T00:00:56Z,47.7670524,8.9959286,0.98,158.6,2344 - Radolfzell JC 72013,Anas platyrhynchos
2012-09-14T09:01:25Z,47.7668636,8.9961678,0.16,210.37,2344 - Radolfzell JC 72013,Anas platyrhynchos
2012-09-15T00:00:55Z,47.7671408,8.996407,0.43,51.77,2344 - Radolfzell JC 72013,Anas platyrhynchos
2012-09-16T00:00:56Z,47.7670287,8.9961805,0.4,21.63,2344 - Radolfzell JC 72013,Anas platyrhynchos
2012-09-17T00:01:19Z,47.7671018,8.9962296,0.21,347.34,2344 - Radolfzell JC 72013,Anas platyrhynchos
2012-09-18T00:00:56Z,47.7669629,8.9963401,0.4,357.83,2344 - Radolfzell JC 72013,Anas platyrhynchos
2012-09-19T09:01:20Z,47.7670171,8.9963572,0.17,157.94,2344 - Radolfzell JC 72013,Anas platyrhynchos
2012-09-20T00:00:55Z,47.7670323,8.9960422,1.38,226.75,2344 - Radolfzell JC 72013,Anas platyrhynchos
2012-09-21T00:00:56Z,47.7671465,8.996365,0.78,19.66,2344 - Radolfzell JC 72013,Anas platyrhynchos
2012-09-22T00:01:52Z,47.7667305,8.9955521,0.11,351.27,2344 - Radolfzell JC 72013,Anas platyrhynchos
2012-09-03T17:59:13Z,47.7042555,9.0557546,0.01,331.61,2351 - Radolfzell JC 72052,Anas platyrhynchos
2012-09-04T03:00:55Z,47.7019253,9.0635806,0.82,228.07,2351 - Radolfzell JC 72052,Anas platyrhynchos
2012-09-05T00:02:25Z,47.7041747,9.0557391,0.31,31.46,2351 - Radolfzell JC 72052,Anas platyrhynchos
2012-09-06T00:00:27Z,47.7041789,9.0557917,0.38,311.3,2351 - Radolfzell JC 72052,Anas platyrhynchos
2012-09-07T00:02:26Z,47.7018957,9.0636821,0.19,23.59,2351 - Radolfzell JC 72052,Anas platyrhynchos
2012-09-08T00:00:16Z,47.7039539,9.0596156,0.43,45.88,2351 - Radolfzell JC 72052,Anas platyrhynchos
2012-09-09T00:00:21Z,47.7016153,9.0638227,0.14,348,2351 - Radolfzell JC 72052,Anas platyrhynchos
2012-09-10T00:00:55Z,47.7015363,9.0638788,0.06,315.23,2351 - Radolfzell JC 72052,Anas platyrhynchos
2012-09-11T00:00:38Z,47.7015438,9.0638511,0.01,202.51,2351 - Radolfzell JC 72052,Anas platyrhynchos
2012-09-12T00:00:46Z,47.7016561,9.0637762,0.41,275.25,2351 - Radolfzell JC 72052,Anas platyrhynchos
2012-09-13T00:00:37Z,47.7015202,9.0639732,0.32,357.83,2351 - Radolfzell JC 72052,Anas platyrhynchos
2012-09-14T00:00:13Z,47.7017681,9.0638601,0.79,163.18,2351 - Radolfzell JC 72052,Anas platyrhynchos
2012-09-15T00:00:44Z,47.7012842,9.0635731,0.02,62.26,2351 - Radolfzell JC 72052,Anas platyrhynchos
2012-09-16T00:00:43Z,47.7015006,9.0638994,0.33,142.21,2351 - Radolfzell JC 72052,Anas platyrhynchos
2012-09-17T00:00:20Z,47.7014356,9.0636502,0.37,182.19,2351 - Radolfzell JC 72052,Anas platyrhynchos
2012-09-18T00:00:49Z,47.7014155,9.0636098,0.37,0,2351 - Radolfzell JC 72052,Anas platyrhynchos
2012-09-19T00:00:48Z,47.7013895,9.0637457,0.14,40.63,2351 - Radolfzell JC 72052,Anas platyrhynchos
2012-09-20T00:00:17Z,47.7013522,9.0636501,0.85,30.8,2351 - Radolfzell JC 72052,Anas platyrhynchos
2012-09-21T00:00:52Z,47.7013824,9.0636468,0.09,348.65,2351 - Radolfzell JC 72052,Anas platyrhynchos
2012-09-22T00:00:49Z,47.7013758,9.0636694,0.08,5.24,2351 - Radolfzell JC 72052,Anas platyrhynchos
2012-09-23T00:00:26Z,47.7015867,9.0633994,0.35,302.78,2351 - Radolfzell JC 72052,Anas platyrhynchos
2012-09-24T00:00:50Z,47.7012547,9.0635589,0.13,351.93,2351 - Radolfzell JC 72052,Anas platyrhynchos
2012-09-25T00:00:21Z,47.7014955,9.0636159,0.13,330.96,2351 - Radolfzell JC 72052,Anas platyrhynchos
2012-09-26T00:00:20Z,47.7014571,9.0636592,0.34,345.37,2351 - Radolfzell JC 72052,Anas platyrhynchos
2012-09-27T00:00:56Z,47.7012558,9.06351,0.08,351.27,2351 - Radolfzell JC 72052,Anas platyrhynchos
2012-09-28T00:00:28Z,47.7014015,9.0637384,0.1,197.26,2351 - Radolfzell JC 72052,Anas platyrhynchos
2012-09-29T00:00:54Z,47.7014986,9.0637913,0.17,58.98,2351 - Radolfzell JC 72052,Anas platyrhynchos
2012-09-30T00:00:22Z,47.7014407,9.0636485,0.06,11.8,2351 - Radolfzell JC 72052,Anas platyrhynchos
2012-10-01T00:00:53Z,47.7014322,9.0636604,0.01,348.65,2351 - Radolfzell JC 72052,Anas platyrhynchos
2012-10-02T00:00:49Z,47.7015881,9.063905,0.41,351.93,2351 - Radolfzell JC 72052,Anas platyrhynchos
2012-10-03T00:00:43Z,47.7015722,9.0638296,0.27,332.92,2351 - Radolfzell JC 72052,Anas platyrhynchos
2012-10-04T00:00:43Z,47.7016633,9.0640016,0.51,220.2,2351 - Radolfzell JC 72052,Anas platyrhynchos
2012-10-05T00:00:56Z,47.7013314,9.0635441,0.15,313.92,2351 - Radolfzell JC 72052,Anas platyrhynchos
2012-10-06T00:00:26Z,47.7021048,9.0555405,0.36,14.42,2351 - Radolfzell JC 72052,Anas platyrhynchos
2012-10-07T00:00:41Z,47.7015533,9.0637938,0.23,324.4,2351 - Radolfzell JC 72052,Anas platyrhynchos
2012-10-08T00:00:25Z,47.7021931,9.0556923,2.18,56.36,2351 - Radolfzell JC 72052,Anas platyrhynchos
2012-10-09T00:00:17Z,47.7020965,9.0556343,0.42,17.69,2351 - Radolfzell JC 72052,Anas platyrhynchos
2012-10-10T00:00:18Z,47.7021659,9.0555591,0.16,3.28,2351 - Radolfzell JC 72052,Anas platyrhynchos
2012-10-11T00:00:43Z,47.702125,9.0556095,0.06,343.41,2351 - Radolfzell JC 72052,Anas platyrhynchos
2012-10-12T00:00:50Z,47.6977742,9.043471,0.11,333.58,2351 - Radolfzell JC 72052,Anas platyrhynchos
2012-10-13T00:00:21Z,47.7020524,9.0555786,0.04,351.93,2351 - Radolfzell JC 72052,Anas platyrhynchos
2012-10-14T00:00:50Z,47.7015997,9.0638551,0.3,13.11,2351 - Radolfzell JC 72052,Anas platyrhynchos
2012-10-15T00:00:50Z,47.7021285,9.0555513,0.08,28.84,2351 - Radolfzell JC 72052,Anas platyrhynchos
2012-10-16T00:00:56Z,47.7021388,9.0554616,0.14,43.25,2351 - Radolfzell JC 72052,Anas platyrhynchos
2012-10-17T00:00:56Z,47.6978522,9.0433559,0.06,347.34,2351 - Radolfzell JC 72052,Anas platyrhynchos
2012-10-18T00:00:30Z,47.702112,9.055551,0.07,28.84,2351 - Radolfzell JC 72052,Anas platyrhynchos
2012-10-19T00:00:12Z,47.6902229,9.1066159,0.67,0.66,2351 - Radolfzell JC 72052,Anas platyrhynchos
2012-10-21T08:00:29Z,47.7034541,9.0603506,0.18,352.58,2351 - Radolfzell JC 72052,Anas platyrhynchos
2012-10-22T00:00:49Z,47.7010459,9.0642965,0.48,45.88,2351 - Radolfzell JC 72052,Anas platyrhynchos
2012-10-23T00:00:17Z,47.671955,9.1209058,0.35,0.66,2351 - Radolfzell JC 72052,Anas platyrhynchos
2012-10-24T00:00:32Z,47.7020155,9.0555385,0.8,193.99,2351 - Radolfzell JC 72052,Anas platyrhynchos
2012-10-25T00:00:11Z,47.7021393,9.0555187,0.33,21.63,2351 - Radolfzell JC 72052,Anas platyrhynchos
2012-10-26T00:00:26Z,47.7021965,9.0696595,0.35,42.6,2351 - Radolfzell JC 72052,Anas platyrhynchos
2012-10-27T00:00:10Z,47.7020643,9.0555836,0.02,18.35,2351 - Radolfzell JC 72052,Anas platyrhynchos
2012-10-28T00:00:44Z,47.7027548,9.0566944,0.24,41.29,2351 - Radolfzell JC 72052,Anas platyrhynchos
2012-10-29T00:00:44Z,47.7020883,9.0555524,0.1,354.55,2351 - Radolfzell JC 72052,Anas platyrhynchos
2012-10-30T00:00:11Z,47.7021537,9.0554787,0.13,355.21,2351 - Radolfzell JC 72052,Anas platyrhynchos
2012-10-31T00:02:26Z,47.7012019,9.0635537,0.72,43.91,2351 - Radolfzell JC 72052,Anas platyrhynchos
2012-11-01T00:00:56Z,47.7021038,9.055526,0.12,338.17,2351 - Radolfzell JC 72052,Anas platyrhynchos
2012-11-02T00:00:56Z,47.7011366,9.0633708,0.15,24.25,2351 - Radolfzell JC 72052,Anas platyrhynchos
2012-11-03T00:00:16Z,47.7038773,9.0587043,0.32,7.86,2351 - Radolfzell JC 72052,Anas platyrhynchos
2012-11-04T00:00:44Z,47.7021338,9.055706,0.03,14.42,2351 - Radolfzell JC 72052,Anas platyrhynchos
2012-11-05T00:00:10Z,47.7020457,9.0554478,0.35,335.54,2351 - Radolfzell JC 72052,Anas platyrhynchos
2012-11-06T00:00:56Z,47.7021262,9.0555592,0.1,309.99,2351 - Radolfzell JC 72052,Anas platyrhynchos
2012-11-07T00:00:55Z,47.7020743,9.0550644,0.12,5.9,2351 - Radolfzell JC 72052,Anas platyrhynchos
2012-11-08T00:00:57Z,47.702134,9.0555727,0.08,351.27,2351 - Radolfzell JC 72052,Anas platyrhynchos
2012-11-09T00:00:56Z,47.7021177,9.0555078000000009,0.18,357.83,2351 - Radolfzell JC 72052,Anas platyrhynchos
2012-11-10T00:01:43Z,47.7021216,9.0556072,0.24,142.21,2351 - Radolfzell JC 72052,Anas platyrhynchos
2012-11-11T00:00:49Z,47.7038589,9.0587066,0.21,320.47,2351 - Radolfzell JC 72052,Anas platyrhynchos
2012-11-12T00:00:56Z,47.6984244,9.0533512,0.1,346.69,2351 - Radolfzell JC 72052,Anas platyrhynchos
2012-11-13T00:00:56Z,47.7039341,9.0586535,0.21,348.65,2351 - Radolfzell JC 72052,Anas platyrhynchos
2012-11-14T00:01:21Z,47.7021496,9.0554626,0.24,28.18,2351 - Radolfzell JC 72052,Anas platyrhynchos
2012-11-15T00:00:56Z,47.702078,9.0554742,0.16,353.24,2351 - Radolfzell JC 72052,Anas platyrhynchos
2012-11-16T00:00:57Z,47.677144,9.1205437,0.04,336.2,2351 - Radolfzell JC 72052,Anas platyrhynchos
2012-11-17T00:00:49Z,47.7021159,9.0549367,0.38,11.8,2351 - Radolfzell JC 72052,Anas platyrhynchos
2012-11-18T00:00:57Z,47.7039401,9.0586602,0.13,18.35,2351 - Radolfzell JC 72052,Anas platyrhynchos
2012-11-19T00:00:15Z,47.6770125,9.1207135,0.09,9.18,2351 - Radolfzell JC 72052,Anas platyrhynchos
2012-11-20T00:00:56Z,47.6770638,9.120809,0,9.83,2351 - Radolfzell JC 72052,Anas platyrhynchos
2012-11-21T00:00:30Z,47.6771203,9.1205603,0.59,41.29,2351 - Radolfzell JC 72052,Anas platyrhynchos
2012-11-22T00:00:49Z,47.6770655,9.1207251,0.13,10.49,2351 - Radolfzell JC 72052,Anas platyrhynchos
2012-11-23T00:00:44Z,47.6770092,9.1207199,0.03,9.83,2351 - Radolfzell JC 72052,Anas platyrhynchos
2012-11-24T00:00:50Z,47.6770369,9.120711,0.16,340.13,2351 - Radolfzell JC 72052,Anas platyrhynchos
2012-11-25T00:00:18Z,47.6768959,9.1201831,0.05,7.21,2351 - Radolfzell JC 72052,Anas platyrhynchos
2012-11-26T00:00:11Z,47.6768373,9.1202014,0.17,24.9,2351 - Radolfzell JC 72052,Anas platyrhynchos
2012-11-27T00:00:57Z,47.6768696,9.1201706,0.14,291.64,2351 - Radolfzell JC 72052,Anas platyrhynchos
2012-11-28T00:00:49Z,47.6768671,9.1202411,0.12,345.37,2351 - Radolfzell JC 72052,Anas platyrhynchos
2012-11-29T00:00:51Z,47.6768703,9.120338,0.08,22.94,2351 - Radolfzell JC 72052,Anas platyrhynchos
2012-11-30T00:00:56Z,47.7039207,9.0587001,0.07,3.93,2351 - Radolfzell JC 72052,Anas platyrhynchos
2012-12-01T00:00:50Z,47.6769233,9.1200577,0.07,10.49,2351 - Radolfzell JC 72052,Anas platyrhynchos
2012-12-02T00:00:56Z,47.7015445,9.0638637,0.25,335.54,2351 - Radolfzell JC 72052,Anas platyrhynchos
2012-12-03T00:00:49Z,47.6769564,9.1202565,0.07,19.66,2351 - Radolfzell JC 72052,Anas platyrhynchos
2012-12-04T00:00:30Z,47.6769168,9.1202171,0.12,357.17,2351 - Radolfzell JC 72052,Anas platyrhynchos
2012-12-05T00:00:31Z,47.7021852,9.0555902,0.31,45.88,2351 - Radolfzell JC 72052,Anas platyrhynchos
2012-12-06T00:00:14Z,47.7028579,9.0522573,0.03,307.36,2351 - Radolfzell JC 72052,Anas platyrhynchos
2012-12-07T00:00:19Z,47.7029397,9.0522259,0.23,14.42,2351 - Radolfzell JC 72052,Anas platyrhynchos
2012-12-08T00:00:26Z,47.697421,9.043983,0.14,8.52,2351 - Radolfzell JC 72052,Anas platyrhynchos
2012-12-09T00:00:11Z,47.697436,9.0439368000000009,0.08,17.69,2351 - Radolfzell JC 72052,Anas platyrhynchos
2012-12-10T00:00:50Z,47.6744185,9.0839326,0.12,357.17,2351 - Radolfzell JC 72052,Anas platyrhynchos
2012-12-11T00:00:10Z,47.7029075,9.0521374,0.04,341.44,2351 - Radolfzell JC 72052,Anas platyrhynchos
2012-12-12T00:00:18Z,47.6974269,9.04395,0.04,5.24,2351 - Radolfzell JC 72052,Anas platyrhynchos
2012-12-13T00:00:19Z,47.6974377,9.0439376,0.04,30.8,2351 - Radolfzell JC 72052,Anas platyrhynchos
2012-12-14T00:00:55Z,47.6974245,9.0439615,0.02,23.59,2351 - Radolfzell JC 72052,Anas platyrhynchos
2012-12-15T00:00:17Z,47.6978735,9.0441062,0.17,7.86,2351 - Radolfzell JC 72052,Anas platyrhynchos
2012-12-16T00:00:43Z,47.7029299,9.0521447,0.19,15.07,2351 - Radolfzell JC 72052,Anas platyrhynchos
2012-12-17T00:00:12Z,47.7029048,9.0521612,0.12,351.27,2351 - Radolfzell JC 72052,Anas platyrhynchos
2012-12-18T00:00:26Z,47.7028901,9.0521685,0.06,359.14,2351 - Radolfzell JC 72052,Anas platyrhynchos
2012-12-19T00:00:50Z,47.7028995,9.0521233,0.08,26.21,2351 - Radolfzell JC 72052,Anas platyrhynchos
2012-12-20T00:00:17Z,47.6974095,9.0439879,0.15,340.13,2351 - Radolfzell JC 72052,Anas platyrhynchos
2012-12-21T00:00:51Z,47.6974152,9.0440207,0.09,20.97,2351 - Radolfzell JC 72052,Anas platyrhynchos
2012-12-22T00:00:56Z,47.7029106,9.0521238,0.41,348.65,2351 - Radolfzell JC 72052,Anas platyrhynchos
2012-12-23T00:00:56Z,47.7029137,9.0521798,0.53,5.9,2351 - Radolfzell JC 72052,Anas platyrhynchos
2012-12-24T00:00:49Z,47.7029678,9.0521289,0.15,338.82,2351 - Radolfzell JC 72052,Anas platyrhynchos
2012-12-25T00:00:35Z,47.6974637,9.0440234,0.01,348,2351 - Radolfzell JC 72052,Anas platyrhynchos
2012-12-26T00:00:49Z,47.702972,9.0521202,0.38,311.3,2351 - Radolfzell JC 72052,Anas platyrhynchos
2012-12-27T00:00:57Z,47.7029394,9.0521295,0.02,1.97,2351 - Radolfzell JC 72052,Anas platyrhynchos
2012-12-28T00:00:56Z,47.7028699,9.0521059,0.24,6.55,2351 - Radolfzell JC 72052,Anas platyrhynchos
2012-12-29T00:00:50Z,47.7029426,9.0521149,0.12,7.86,2351 - Radolfzell JC 72052,Anas platyrhynchos
2012-12-30T00:00:56Z,47.6974657,9.0441073,0.2,45.22,2351 - Radolfzell JC 72052,Anas platyrhynchos
2012-12-31T00:00:56Z,47.6975511,9.044265,0.09,3.28,2351 - Radolfzell JC 72052,Anas platyrhynchos
2013-01-01T00:00:50Z,47.6932521,9.0296394,0.37,30.15,2351 - Radolfzell JC 72052,Anas platyrhynchos
2013-01-02T00:00:27Z,47.7029339,9.0521249,0.03,319.16,2351 - Radolfzell JC 72052,Anas platyrhynchos
2013-01-03T00:01:26Z,47.6973919,9.0440069,0.2,339.48,2351 - Radolfzell JC 72052,Anas platyrhynchos
2013-01-04T00:01:19Z,47.7029492,9.0521284,0.46,334.89,2351 - Radolfzell JC 72052,Anas platyrhynchos
2013-01-05T00:00:43Z,47.7029335,9.052117,0.22,9.18,2351 - Radolfzell JC 72052,Anas platyrhynchos
2013-01-06T00:00:56Z,47.7029215,9.052156,0.04,356.52,2351 - Radolfzell JC 72052,Anas platyrhynchos
2013-01-07T00:00:50Z,47.7029317,9.0521408,0.14,333.58,2351 - Radolfzell JC 72052,Anas platyrhynchos
2013-01-08T00:00:55Z,47.7029385,9.0521173,0.16,346.69,2351 - Radolfzell JC 72052,Anas platyrhynchos
2013-01-09T00:00:29Z,47.6974376,9.0440898,0.42,313.26,2351 - Radolfzell JC 72052,Anas platyrhynchos
2013-01-10T00:00:44Z,47.7029054,9.0521994,0.08,342.1,2351 - Radolfzell JC 72052,Anas platyrhynchos
2013-01-11T00:00:55Z,47.7029353,9.0521318,0.1,353.89,2351 - Radolfzell JC 72052,Anas platyrhynchos
2013-01-12T00:00:15Z,47.7029804,9.0521291,0.1,327.02,2351 - Radolfzell JC 72052,Anas platyrhynchos
2013-01-13T00:00:16Z,47.702928,9.0521526,0.18,320.47,2351 - Radolfzell JC 72052,Anas platyrhynchos
2013-01-14T00:00:29Z,47.6976022,9.0440739,0.1,323.09,2351 - Radolfzell JC 72052,Anas platyrhynchos
2013-01-15T00:00:56Z,47.7029414,9.0521518,0.06,359.79,2351 - Radolfzell JC 72052,Anas platyrhynchos
2013-01-16T00:00:24Z,47.7029941,9.0521505,0.24,334.89,2351 - Radolfzell JC 72052,Anas platyrhynchos
2013-01-17T00:01:17Z,47.6974444,9.0439284,0.25,23.59,2351 - Radolfzell JC 72052,Anas platyrhynchos
2013-01-18T00:01:01Z,47.7033558,9.0430993,0,3.28,2351 - Radolfzell JC 72052,Anas platyrhynchos
2013-01-19T00:00:26Z,47.6936937,9.0434582,0.07,336.2,2351 - Radolfzell JC 72052,Anas platyrhynchos
2013-01-20T00:00:29Z,47.6945578,9.0430082,0.67,96.34,2351 - Radolfzell JC 72052,Anas platyrhynchos
2013-01-21T00:00:50Z,47.6974458,9.0439806,0.1,336.86,2351 - Radolfzell JC 72052,Anas platyrhynchos
2013-01-22T00:00:24Z,47.6974441,9.0439535,0.14,356.52,2351 - Radolfzell JC 72052,Anas platyrhynchos
2013-01-23T00:00:26Z,47.6974178,9.0439799,0.04,353.24,2351 - Radolfzell JC 72052,Anas platyrhynchos
2013-01-24T00:00:14Z,47.6974507,9.0439389,0.32,347.34,2351 - Radolfzell JC 72052,Anas platyrhynchos
2013-01-25T00:00:12Z,47.6974294,9.044161,0.7,344.72,2351 - Radolfzell JC 72052,Anas platyrhynchos
2013-01-26T00:00:23Z,47.7010835,9.0407459,0.32,9.83,2351 - Radolfzell JC 72052,Anas platyrhynchos
2013-01-27T00:00:44Z,47.697433,9.0439237,0.1,32.11,2351 - Radolfzell JC 72052,Anas platyrhynchos
2013-01-28T00:00:29Z,47.6974195,9.0438947,0.11,0,2351 - Radolfzell JC 72052,Anas platyrhynchos
2013-01-29T00:00:56Z,47.6974596,9.0439284,0.14,6.55,2351 - Radolfzell JC 72052,Anas platyrhynchos
2013-01-30T00:00:44Z,47.7030337,9.0519938,0.24,348.65,2351 - Radolfzell JC 72052,Anas platyrhynchos
2013-01-31T00:00:30Z,47.7029407,9.052129,0.07,43.25,2351 - Radolfzell JC 72052,Anas platyrhynchos
2013-02-01T00:00:50Z,47.7032339,9.0517211,0.14,5.9,2351 - Radolfzell JC 72052,Anas platyrhynchos
2013-02-02T00:00:55Z,47.7028175,9.0522377,0.27,15.07,2351 - Radolfzell JC 72052,Anas platyrhynchos
2013-02-03T00:00:15Z,47.6974276,9.0440292,0.22,355.21,2351 - Radolfzell JC 72052,Anas platyrhynchos
2013-02-04T00:00:50Z,47.736384,9.0483188,0.04,28.18,2351 - Radolfzell JC 72052,Anas platyrhynchos
2013-02-05T00:00:31Z,47.7028711,9.0521074,0.02,348,2351 - Radolfzell JC 72052,Anas platyrhynchos
2013-02-06T00:00:29Z,47.7031638,9.0524406,0.76,222.82,2351 - Radolfzell JC 72052,Anas platyrhynchos
2013-02-07T00:01:14Z,47.702842,9.0520789,0.14,358.48,2351 - Radolfzell JC 72052,Anas platyrhynchos
2013-02-08T00:00:44Z,47.7029388,9.0520395,0.55,7.86,2351 - Radolfzell JC 72052,Anas platyrhynchos
2013-02-09T00:00:21Z,47.6978483,9.0441461,0.07,41.29,2351 - Radolfzell JC 72052,Anas platyrhynchos
2013-02-10T00:00:55Z,47.6974464,9.0440331,0.07,342.1,2351 - Radolfzell JC 72052,Anas platyrhynchos
2013-02-11T00:00:27Z,47.6976687,9.0442043,0.24,320.47,2351 - Radolfzell JC 72052,Anas platyrhynchos
2013-02-12T00:00:44Z,47.6973695,9.0439838,0.28,2.62,2351 - Radolfzell JC 72052,Anas platyrhynchos
2013-02-13T00:00:56Z,47.6978464,9.0440989,0.43,22.28,2351 - Radolfzell JC 72052,Anas platyrhynchos
2013-02-14T00:00:26Z,47.6974161,9.0438526,0.28,354.55,2351 - Radolfzell JC 72052,Anas platyrhynchos
2013-02-15T00:00:22Z,47.6974322,9.0439821,0.09,10.49,2351 - Radolfzell JC 72052,Anas platyrhynchos
2013-02-16T00:00:30Z,47.6974312,9.0438868,0.33,3.28,2351 - Radolfzell JC 72052,Anas platyrhynchos
2013-02-17T00:00:45Z,47.6986289,9.0436947,0,185.47,2351 - Radolfzell JC 72052,Anas platyrhynchos
2013-02-18T00:00:22Z,47.6974693,9.0439238,0.24,11.8,2351 - Radolfzell JC 72052,Anas platyrhynchos
2013-02-19T00:00:22Z,47.7034465,9.0430628,0.06,11.14,2351 - Radolfzell JC 72052,Anas platyrhynchos
2013-02-20T00:00:27Z,47.6974151,9.0439649,1.17,2.62,2351 - Radolfzell JC 72052,Anas platyrhynchos
2013-02-21T00:00:55Z,47.7007693,9.040881,0.06,20.32,2351 - Radolfzell JC 72052,Anas platyrhynchos
2013-02-22T00:00:44Z,47.6996491,9.0427171,0.16,9.83,2351 - Radolfzell JC 72052,Anas platyrhynchos
2013-02-23T00:00:24Z,47.6942175,9.042715,0.05,2.62,2351 - Radolfzell JC 72052,Anas platyrhynchos
2013-02-24T00:01:13Z,47.6934878,9.0438332,0.26,38.67,2351 - Radolfzell JC 72052,Anas platyrhynchos
2013-02-25T00:00:14Z,47.697459,9.0440523,0.41,331.61,2351 - Radolfzell JC 72052,Anas platyrhynchos
2013-02-26T00:00:28Z,47.6946328,9.0426017,0.02,328.99,2351 - Radolfzell JC 72052,Anas platyrhynchos
2013-02-27T00:00:23Z,47.6974293,9.0438591,0.18,358.48,2351 - Radolfzell JC 72052,Anas platyrhynchos
2013-02-28T00:00:19Z,47.7034072,9.042944,0.11,351.93,2351 - Radolfzell JC 72052,Anas platyrhynchos
2013-03-01T00:00:56Z,47.6984802,9.0437189,0.19,353.89,2351 - Radolfzell JC 72052,Anas platyrhynchos
2013-03-02T00:00:09Z,47.7000869,9.0417268,0.18,355.86,2351 - Radolfzell JC 72052,Anas platyrhynchos
2013-03-03T00:00:29Z,47.6775146,9.1167474,0.18,24.25,2351 - Radolfzell JC 72052,Anas platyrhynchos
2013-03-04T00:00:56Z,47.6977385,9.0440063,0.18,354.55,2351 - Radolfzell JC 72052,Anas platyrhynchos
2013-03-05T00:00:32Z,47.6774212,9.1167858,1.49,176.29,2351 - Radolfzell JC 72052,Anas platyrhynchos
2013-03-06T00:00:29Z,47.676317,9.1189996,0.1,22.28,2351 - Radolfzell JC 72052,Anas platyrhynchos
2013-03-07T00:00:50Z,47.6771129,9.1172862,0.01,334.23,2351 - Radolfzell JC 72052,Anas platyrhynchos
2013-03-08T00:00:23Z,47.677336,9.1178864,0.34,352.58,2351 - Radolfzell JC 72052,Anas platyrhynchos
2013-03-09T00:00:44Z,47.6770277,9.1184548,0.12,24.9,2351 - Radolfzell JC 72052,Anas platyrhynchos
2013-03-10T00:00:33Z,47.6777095,9.1169121,0.13,3.28,2351 - Radolfzell JC 72052,Anas platyrhynchos
2013-03-11T00:00:18Z,47.7022416,9.055939,0.1,331.61,2351 - Radolfzell JC 72052,Anas platyrhynchos
2013-03-12T00:00:43Z,47.6978875,9.0440033,0.12,348,2351 - Radolfzell JC 72052,Anas platyrhynchos
2013-03-13T00:00:33Z,47.6778842,9.1175383,0.07,328.34,2351 - Radolfzell JC 72052,Anas platyrhynchos
2013-03-14T00:00:16Z,47.6974466,9.0439247,0.09,17.04,2351 - Radolfzell JC 72052,Anas platyrhynchos
2013-03-15T00:00:27Z,47.6974078,9.0439101,0.32,19.01,2351 - Radolfzell JC 72052,Anas platyrhynchos
2013-03-16T00:00:14Z,47.6974721,9.0438693,0.16,340.13,2351 - Radolfzell JC 72052,Anas platyrhynchos
2013-03-17T00:00:14Z,47.7028149,9.0523544,0.03,323.09,2351 - Radolfzell JC 72052,Anas platyrhynchos
2013-03-18T00:00:56Z,47.7027965,9.0523952,0.05,355.21,2351 - Radolfzell JC 72052,Anas platyrhynchos
2013-03-19T00:00:31Z,47.7028889,9.0523098,0.39,326.37,2351 - Radolfzell JC 72052,Anas platyrhynchos
2013-03-20T00:00:22Z,47.6982192,9.0439238,0.13,353.89,2351 - Radolfzell JC 72052,Anas platyrhynchos
2013-03-21T00:00:44Z,47.7028314,9.0523633,0.03,88.47,2351 - Radolfzell JC 72052,Anas platyrhynchos
2013-03-22T00:00:27Z,47.6974571,9.0438435,0.95,333.58,2351 - Radolfzell JC 72052,Anas platyrhynchos
2013-03-23T00:00:29Z,47.6981393,9.0440175,0.68,358.48,2351 - Radolfzell JC 72052,Anas platyrhynchos
2013-03-24T00:00:28Z,47.6974607,9.0439663,0.13,346.69,2351 - Radolfzell JC 72052,Anas platyrhynchos
2013-03-25T00:00:15Z,47.6971491,9.0437486,3.53,201.2,2351 - Radolfzell JC 72052,Anas platyrhynchos
2013-03-26T00:01:21Z,47.6981998,9.0438988,0.17,357.17,2351 - Radolfzell JC 72052,Anas platyrhynchos
2013-03-27T00:00:33Z,47.6980998,9.0437129,0.42,336.86,2351 - Radolfzell JC 72052,Anas platyrhynchos
2013-03-28T00:00:22Z,47.6969527,9.0437598,0.06,313.92,2351 - Radolfzell JC 72052,Anas platyrhynchos
2013-03-29T00:00:18Z,47.7029669,9.0522292,0.25,344.72,2351 - Radolfzell JC 72052,Anas platyrhynchos
2013-03-30T00:00:50Z,47.6981515,9.0437416,0.38,138.94,2351 - Radolfzell JC 72052,Anas platyrhynchos
2013-03-31T00:01:56Z,47.6980593,9.0439862,0.36,243.79,2351 - Radolfzell JC 72052,Anas platyrhynchos
2013-04-01T00:00:55Z,47.6981487,9.0437794,0.15,11.14,2351 - Radolfzell JC 72052,Anas platyrhynchos
2013-04-02T00:00:50Z,47.6980936,9.0437701,0.5,332.27,2351 - Radolfzell JC 72052,Anas platyrhynchos
2013-04-03T00:00:18Z,47.6979888,9.0437975,0.49,196.61,2351 - Radolfzell JC 72052,Anas platyrhynchos
2013-04-04T00:00:31Z,47.6984394,9.0438032,1.57,6.55,2351 - Radolfzell JC 72052,Anas platyrhynchos
2013-04-05T00:00:44Z,47.6981625,9.0438419,0.28,327.68,2351 - Radolfzell JC 72052,Anas platyrhynchos
2013-04-06T00:00:56Z,47.6981923,9.0438245,0.03,342.1,2351 - Radolfzell JC 72052,Anas platyrhynchos
2013-04-07T00:00:11Z,47.6782469,9.1160715,0.14,5.24,2351 - Radolfzell JC 72052,Anas platyrhynchos
2013-04-08T00:00:50Z,47.6981831,9.0438437,0.39,9.83,2351 - Radolfzell JC 72052,Anas platyrhynchos
2013-04-09T00:00:14Z,47.6967813,9.1033442,0.45,335.54,2351 - Radolfzell JC 72052,Anas platyrhynchos
2013-04-10T00:00:55Z,47.6968527,9.1033995,0.27,17.69,2351 - Radolfzell JC 72052,Anas platyrhynchos
2013-04-11T00:00:12Z,47.6974283,9.0437806,0.04,14.42,2351 - Radolfzell JC 72052,Anas platyrhynchos
2013-04-12T00:00:12Z,47.6964839,9.1035648,0.1,345.37,2351 - Radolfzell JC 72052,Anas platyrhynchos
2013-04-13T00:00:15Z,47.697373,9.0438745,0.09,325.71,2351 - Radolfzell JC 72052,Anas platyrhynchos
2013-04-14T00:00:23Z,47.6974094,9.0438136,0.26,3.28,2351 - Radolfzell JC 72052,Anas platyrhynchos
2013-04-15T00:00:14Z,47.6973778,9.0439703,0.38,24.9,2351 - Radolfzell JC 72052,Anas platyrhynchos
2013-04-16T00:00:26Z,47.6981874,9.0437703,0.27,26.87,2351 - Radolfzell JC 72052,Anas platyrhynchos
2013-04-17T00:00:44Z,47.6974192,9.0438222,0.22,331.61,2351 - Radolfzell JC 72052,Anas platyrhynchos
2013-04-18T00:00:11Z,47.6973846,9.0439016,0.12,6.55,2351 - Radolfzell JC 72052,Anas platyrhynchos
2013-04-19T00:00:44Z,47.6968701,9.1045726,0.09,345.37,2351 - Radolfzell JC 72052,Anas platyrhynchos
2013-04-20T00:00:28Z,47.6972858,9.0440852,0.21,26.87,2351 - Radolfzell JC 72052,Anas platyrhynchos
2013-04-21T00:00:26Z,47.6974164,9.0440085,0.17,5.9,2351 - Radolfzell JC 72052,Anas platyrhynchos
2013-04-22T00:00:44Z,47.6974049,9.0440145,0.23,327.02,2351 - Radolfzell JC 72052,Anas platyrhynchos
2013-04-23T00:00:56Z,47.6974088,9.0440397,0.16,17.04,2351 - Radolfzell JC 72052,Anas platyrhynchos
2013-04-24T00:00:30Z,47.6973881,9.0440723,0.22,334.23,2351 - Radolfzell JC 72052,Anas platyrhynchos
2013-04-25T00:00:31Z,47.7129081,9.0678505,0.09,351.93,2351 - Radolfzell JC 72052,Anas platyrhynchos
2013-04-26T00:01:14Z,47.6974256,9.0440259,1.01,338.17,2351 - Radolfzell JC 72052,Anas platyrhynchos
2013-04-27T00:00:15Z,47.6978445,9.0435928,0.41,12.45,2351 - Radolfzell JC 72052,Anas platyrhynchos
2013-04-28T00:00:13Z,47.697793,9.0435757,0.03,330.96,2351 - Radolfzell JC 72052,Anas platyrhynchos
2013-04-29T00:00:35Z,47.6974254,9.0439766,1.45,154.66,2351 - Radolfzell JC 72052,Anas platyrhynchos
2013-04-30T00:00:18Z,47.6977956,9.0435386,0.16,32.77,2351 - Radolfzell JC 72052,Anas platyrhynchos
2013-05-01T00:00:26Z,47.6973295,9.0441689,0.17,22.28,2351 - Radolfzell JC 72052,Anas platyrhynchos
2013-05-02T00:00:12Z,47.6978895,9.0435394,0.12,16.38,2351 - Radolfzell JC 72052,Anas platyrhynchos
2013-05-03T00:00:13Z,47.6979069,9.0434655,0.77,68.81,2351 - Radolfzell JC 72052,Anas platyrhynchos
2013-05-04T00:00:28Z,47.697879,9.0435392,0.06,338.82,2351 - Radolfzell JC 72052,Anas platyrhynchos
2013-05-05T00:00:30Z,47.69778,9.0434228,0.05,355.86,2351 - Radolfzell JC 72052,Anas platyrhynchos
2013-05-06T00:00:25Z,47.6969965,9.042991,0.22,330.96,2351 - Radolfzell JC 72052,Anas platyrhynchos
2013-05-07T00:00:43Z,47.6978426,9.043578,0.25,3.93,2351 - Radolfzell JC 72052,Anas platyrhynchos
2013-05-08T00:00:31Z,47.6977846,9.0434677,0.64,323.09,2351 - Radolfzell JC 72052,Anas platyrhynchos
2013-05-09T00:00:56Z,47.6978918,9.0434596,0.29,333.58,2351 - Radolfzell JC 72052,Anas platyrhynchos
2013-05-10T00:00:11Z,47.6978496,9.0435811,0.13,8.52,2351 - Radolfzell JC 72052,Anas platyrhynchos
2013-05-11T00:00:25Z,47.6978569,9.0435535,0.15,349.96,2351 - Radolfzell JC 72052,Anas platyrhynchos
2013-05-12T00:00:15Z,47.6976886,9.0438754,1.15,302.78,2351 - Radolfzell JC 72052,Anas platyrhynchos
2013-05-13T00:00:55Z,47.6978944,9.043576,0.15,357.17,2351 - Radolfzell JC 72052,Anas platyrhynchos
2013-05-14T00:00:31Z,47.6978611,9.0435683,0.92,149.42,2351 - Radolfzell JC 72052,Anas platyrhynchos
2013-05-15T00:00:55Z,47.6977964,9.0433674,0.16,0.66,2351 - Radolfzell JC 72052,Anas platyrhynchos
2013-05-16T00:00:43Z,47.6978169,9.0433118,0.34,10.49,2351 - Radolfzell JC 72052,Anas platyrhynchos
2013-05-17T00:00:43Z,47.6978225,9.0435911,0.11,357.17,2351 - Radolfzell JC 72052,Anas platyrhynchos
2013-05-18T00:00:10Z,47.6978975,9.0435358,0.6,344.06,2351 - Radolfzell JC 72052,Anas platyrhynchos
2013-05-19T00:00:30Z,47.6978542,9.0435924,0.04,345.37,2351 - Radolfzell JC 72052,Anas platyrhynchos
2013-05-20T00:00:43Z,47.7014342,9.0636845,0.9,340.79,2351 - Radolfzell JC 72052,Anas platyrhynchos
2013-05-21T00:00:15Z,47.7013426,9.0642608,1.11,226.1,2351 - Radolfzell JC 72052,Anas platyrhynchos
2013-05-22T00:00:43Z,47.70125,9.0640793,0.06,17.04,2351 - Radolfzell JC 72052,Anas platyrhynchos
2013-05-23T00:00:56Z,47.7008406,9.0640807,0.58,200.54,2351 - Radolfzell JC 72052,Anas platyrhynchos
2013-05-24T00:00:19Z,47.700973,9.0640963,0.15,359.14,2351 - Radolfzell JC 72052,Anas platyrhynchos
2013-05-25T00:00:18Z,47.7010577,9.0642309,0.37,55.05,2351 - Radolfzell JC 72052,Anas platyrhynchos
2013-05-26T00:00:49Z,47.7011742,9.0644056,0.06,332.27,2351 - Radolfzell JC 72052,Anas platyrhynchos
2013-05-27T00:00:15Z,47.7011417,9.0642536,0.82,359.14,2351 - Radolfzell JC 72052,Anas platyrhynchos
2013-05-28T00:00:12Z,47.7009398,9.0646345,0.18,5.24,2351 - Radolfzell JC 72052,Anas platyrhynchos
2013-05-29T00:00:50Z,47.7011528,9.064078,0.22,39.32,2351 - Radolfzell JC 72052,Anas platyrhynchos
2013-05-30T00:00:20Z,47.7006556,9.064498,0.46,311.95,2351 - Radolfzell JC 72052,Anas platyrhynchos
2013-05-31T00:00:17Z,47.7011715,9.0644109,0.25,22.94,2351 - Radolfzell JC 72052,Anas platyrhynchos
2013-06-01T00:00:17Z,47.701072,9.0643353,0.28,174.33,2351 - Radolfzell JC 72052,Anas platyrhynchos
2013-06-02T00:00:49Z,47.7010728,9.0642711,0.32,20.32,2351 - Radolfzell JC 72052,Anas platyrhynchos
2013-06-03T00:00:50Z,47.7011505,9.0643542,0.36,355.86,2351 - Radolfzell JC 72052,Anas platyrhynchos
2013-06-04T00:00:11Z,47.7011168,9.064391,0.27,355.21,2351 - Radolfzell JC 72052,Anas platyrhynchos
2013-06-05T00:00:19Z,47.7014287,9.0650157,0.11,221.51,2351 - Radolfzell JC 72052,Anas platyrhynchos
2013-06-06T00:00:55Z,47.7008231,9.0647489,0.44,126.48,2351 - Radolfzell JC 72052,Anas platyrhynchos
2013-06-07T00:00:55Z,47.6999938,9.0640907,1.4,6.55,2351 - Radolfzell JC 72052,Anas platyrhynchos
2013-06-08T00:00:26Z,47.7035466,9.0604243,0.29,353.24,2351 - Radolfzell JC 72052,Anas platyrhynchos
2013-06-09T00:00:18Z,47.7035392,9.0603476,0.1,0.66,2351 - Radolfzell JC 72052,Anas platyrhynchos
2013-06-10T00:00:15Z,47.7035746,9.0603487,0.91,29.49,2351 - Radolfzell JC 72052,Anas platyrhynchos
2013-06-12T17:00:16Z,47.7039383,9.0578405,0.13,315.88,2351 - Radolfzell JC 72052,Anas platyrhynchos
2013-06-13T00:00:15Z,47.7036142,9.0603283,0.04,1.31,2351 - Radolfzell JC 72052,Anas platyrhynchos
2013-06-14T00:00:29Z,47.7011357,9.0642253,0.14,332.27,2351 - Radolfzell JC 72052,Anas platyrhynchos
2013-06-15T00:00:14Z,47.7036505,9.0603115,0.27,352.58,2351 - Radolfzell JC 72052,Anas platyrhynchos
2013-06-16T00:00:22Z,47.7035988,9.0603396,0.24,346.03,2351 - Radolfzell JC 72052,Anas platyrhynchos
2013-06-17T00:00:49Z,47.7035944,9.0603542,0.04,3.93,2351 - Radolfzell JC 72052,Anas platyrhynchos
2013-06-18T00:00:19Z,47.703574,9.0603644,0.19,344.06,2351 - Radolfzell JC 72052,Anas platyrhynchos
2013-06-19T00:00:17Z,47.7035624,9.0603902,0.07,356.52,2351 - Radolfzell JC 72052,Anas platyrhynchos
2013-06-20T00:00:26Z,47.7036304,9.0603694,0.11,37.36,2351 - Radolfzell JC 72052,Anas platyrhynchos
2013-06-21T00:00:55Z,47.7036028,9.0603116,0.13,14.42,2351 - Radolfzell JC 72052,Anas platyrhynchos
2013-06-22T00:00:31Z,47.7035053,9.0604187,0.28,219.55,2351 - Radolfzell JC 72052,Anas platyrhynchos
2013-06-23T00:00:17Z,47.7036117,9.0603463,0.1,7.86,2351 - Radolfzell JC 72052,Anas platyrhynchos
2013-06-24T00:00:16Z,47.7036156,9.0603392,0.34,336.86,2351 - Radolfzell JC 72052,Anas platyrhynchos
2013-06-25T00:00:44Z,47.7036118,9.0603456,0.13,7.21,2351 - Radolfzell JC 72052,Anas platyrhynchos
2013-06-26T00:00:30Z,47.7035307,9.0602002,0.16,289.67,2351 - Radolfzell JC 72052,Anas platyrhynchos
2013-06-27T00:00:50Z,47.7035848,9.0603034,0.14,336.2,2351 - Radolfzell JC 72052,Anas platyrhynchos
2013-06-28T00:00:16Z,47.7036307,9.0603253,0.05,351.93,2351 - Radolfzell JC 72052,Anas platyrhynchos
2013-06-29T00:00:17Z,47.7036196,9.0603779,0.47,348,2351 - Radolfzell JC 72052,Anas platyrhynchos
2013-06-30T00:00:17Z,47.7036257,9.0603162,0.09,17.04,2351 - Radolfzell JC 72052,Anas platyrhynchos
2013-07-01T00:00:43Z,47.7036281,9.0603323,0.36,47.19,2351 - Radolfzell JC 72052,Anas platyrhynchos
2013-07-02T00:00:29Z,47.7035917,9.0602575,0.08,6.55,2351 - Radolfzell JC 72052,Anas platyrhynchos
2013-07-03T00:00:18Z,47.703487,9.0602913,0.12,347.34,2351 - Radolfzell JC 72052,Anas platyrhynchos
2013-07-04T00:00:30Z,47.7036363,9.0602418,0.01,261.49,2351 - Radolfzell JC 72052,Anas platyrhynchos
2013-07-05T00:00:56Z,47.7036058,9.0602956,0.15,20.32,2351 - Radolfzell JC 72052,Anas platyrhynchos
2013-07-06T00:00:53Z,47.7036609,9.0602444,0.13,348.65,2351 - Radolfzell JC 72052,Anas platyrhynchos
2013-07-07T00:00:17Z,47.7036188,9.0602925,0.14,357.17,2351 - Radolfzell JC 72052,Anas platyrhynchos
2013-07-08T00:00:18Z,47.7036111,9.060315,0.3,342.75,2351 - Radolfzell JC 72052,Anas platyrhynchos
2013-07-09T00:00:49Z,47.7035624,9.0603203,0.14,346.03,2351 - Radolfzell JC 72052,Anas platyrhynchos
2013-07-10T00:00:20Z,47.7035959,9.060309,0.14,7.21,2351 - Radolfzell JC 72052,Anas platyrhynchos
2013-07-11T00:00:17Z,47.703624,9.0603599,0.11,349.31,2351 - Radolfzell JC 72052,Anas platyrhynchos
2013-07-12T00:00:16Z,47.7041189,9.0556601,0.17,17.04,2351 - Radolfzell JC 72052,Anas platyrhynchos
2013-07-13T00:00:25Z,47.7036523,9.0600835,1.45,102.89,2351 - Radolfzell JC 72052,Anas platyrhynchos
2013-07-14T00:00:18Z,47.703647,9.0602817,0.12,330.96,2351 - Radolfzell JC 72052,Anas platyrhynchos
2013-07-15T00:00:27Z,47.7035458,9.0568585,0.12,335.54,2351 - Radolfzell JC 72052,Anas platyrhynchos
2013-07-17T13:00:33Z,47.7019762,9.055355,0.18,11.14,2351 - Radolfzell JC 72052,Anas platyrhynchos
2013-07-18T00:00:16Z,47.7020459,9.0553274,0.27,140.9,2351 - Radolfzell JC 72052,Anas platyrhynchos
2013-07-19T00:00:20Z,47.7020616,9.0553,0.36,340.79,2351 - Radolfzell JC 72052,Anas platyrhynchos
2013-07-20T00:00:50Z,47.702019,9.0553048,0.15,137.63,2351 - Radolfzell JC 72052,Anas platyrhynchos
2013-07-21T00:00:18Z,47.7021117,9.0552881,0.05,6.55,2351 - Radolfzell JC 72052,Anas platyrhynchos
2013-07-22T00:00:54Z,47.7020229,9.0553255,0.11,16.38,2351 - Radolfzell JC 72052,Anas platyrhynchos
2013-07-23T00:00:27Z,47.7041828,9.0556604,0.36,23.59,2351 - Radolfzell JC 72052,Anas platyrhynchos
2013-07-24T00:00:55Z,47.7019079,9.0553416,0.27,33.42,2351 - Radolfzell JC 72052,Anas platyrhynchos
2013-07-25T00:00:55Z,47.7020233,9.0552039,0.6,15.73,2351 - Radolfzell JC 72052,Anas platyrhynchos
2013-07-26T00:00:50Z,47.7020082,9.0553419,0.27,28.18,2351 - Radolfzell JC 72052,Anas platyrhynchos
2013-07-27T00:00:55Z,47.7020314,9.055311,0.26,347.34,2351 - Radolfzell JC 72052,Anas platyrhynchos
2013-07-28T00:00:43Z,47.701920200000004,9.0553357,0.59,348,2351 - Radolfzell JC 72052,Anas platyrhynchos
2013-07-29T00:00:29Z,47.7043924,9.0558736,0.86,201.2,2351 - Radolfzell JC 72052,Anas platyrhynchos
2013-07-30T00:00:54Z,47.7041662,9.0557881,0.2,19.01,2351 - Radolfzell JC 72052,Anas platyrhynchos
2013-07-31T00:00:30Z,47.7041933,9.0557903,0.28,359.14,2351 - Radolfzell JC 72052,Anas platyrhynchos
2013-08-01T00:01:19Z,47.7041652,9.0557326,0.35,13.11,2351 - Radolfzell JC 72052,Anas platyrhynchos
2013-08-02T00:00:49Z,47.7042112,9.0558754,0.53,90.44,2351 - Radolfzell JC 72052,Anas platyrhynchos
2013-08-03T00:00:20Z,47.7042337,9.0557723,0.19,354.55,2351 - Radolfzell JC 72052,Anas platyrhynchos
2013-08-04T00:00:23Z,47.7041623,9.0557188,0.23,10.49,2351 - Radolfzell JC 72052,Anas platyrhynchos
2013-08-05T00:00:55Z,47.7042033,9.0556961,0.32,349.96,2351 - Radolfzell JC 72052,Anas platyrhynchos
2013-08-06T00:00:54Z,47.7042449,9.0557313,0.17,9.83,2351 - Radolfzell JC 72052,Anas platyrhynchos
2013-08-07T00:00:19Z,47.7040941,9.0557415,1.52,189.4,2351 - Radolfzell JC 72052,Anas platyrhynchos
2013-08-08T00:00:13Z,47.7042489,9.0558027,0.42,20.97,2351 - Radolfzell JC 72052,Anas platyrhynchos
2013-08-09T00:00:17Z,47.7041333,9.0556667,0.4,15.07,2351 - Radolfzell JC 72052,Anas platyrhynchos
2013-08-10T00:00:15Z,47.7043233,9.0557857,0.58,6.55,2351 - Radolfzell JC 72052,Anas platyrhynchos
2013-08-11T00:00:14Z,47.7041959,9.055765,0.97,176.29,2351 - Radolfzell JC 72052,Anas platyrhynchos
2013-08-12T00:00:11Z,47.7041275,9.0557292,0.32,201.85,2351 - Radolfzell JC 72052,Anas platyrhynchos
2013-08-13T00:00:31Z,47.7040747,9.055805,0.06,19.01,2351 - Radolfzell JC 72052,Anas platyrhynchos
2013-08-14T00:00:55Z,47.7041825,9.055723,0.1,24.25,2351 - Radolfzell JC 72052,Anas platyrhynchos
2013-08-15T00:00:50Z,47.7041867,9.0557688,0.18,2.62,2351 - Radolfzell JC 72052,Anas platyrhynchos
2013-08-16T00:00:50Z,47.7041913,9.0557892,0.05,342.75,2351 - Radolfzell JC 72052,Anas platyrhynchos
2013-08-17T00:00:55Z,47.7041663,9.0557361,0.12,330.3,2351 - Radolfzell JC 72052,Anas platyrhynchos
2013-08-18T00:00:22Z,47.7041878,9.0557371,0.06,13.11,2351 - Radolfzell JC 72052,Anas platyrhynchos
2013-08-19T00:00:43Z,47.7042095,9.0557464,0.05,328.99,2351 - Radolfzell JC 72052,Anas platyrhynchos
2013-08-20T00:00:56Z,47.7042058,9.0557781,0.28,1.31,2351 - Radolfzell JC 72052,Anas platyrhynchos
2013-08-21T00:00:44Z,47.7041746,9.0557637,0.11,336.86,2351 - Radolfzell JC 72052,Anas platyrhynchos
2013-08-22T00:00:17Z,47.7041695,9.0557535,0.01,353.24,2351 - Radolfzell JC 72052,Anas platyrhynchos
2013-08-23T00:00:23Z,47.704178,9.0557859,0.31,340.79,2351 - Radolfzell JC 72052,Anas platyrhynchos
2013-08-24T00:00:22Z,47.704186,9.0558225,0.07,347.34,2351 - Radolfzell JC 72052,Anas platyrhynchos
2013-08-25T00:00:13Z,47.7042375,9.05577,0.07,9.83,2351 - Radolfzell JC 72052,Anas platyrhynchos
2013-08-26T00:00:50Z,47.7041707,9.055762,0.08,14.42,2351 - Radolfzell JC 72052,Anas platyrhynchos
2013-08-27T00:00:16Z,47.7039806,9.0571424,1.11,3.93,2351 - Radolfzell JC 72052,Anas platyrhynchos
2013-08-28T00:00:44Z,47.7010162,9.0642779,0.4,205.78,2351 - Radolfzell JC 72052,Anas platyrhynchos
2013-08-29T00:00:22Z,47.7026183,9.0567182,0.22,8.52,2351 - Radolfzell JC 72052,Anas platyrhynchos
2013-08-30T00:00:19Z,47.7011239,9.0642749,0.1,17.04,2351 - Radolfzell JC 72052,Anas platyrhynchos
2013-08-31T00:00:22Z,47.7010793,9.064257,0.2,358.48,2351 - Radolfzell JC 72052,Anas platyrhynchos
2013-09-01T00:00:12Z,47.7010405,9.0643178,0.15,342.1,2351 - Radolfzell JC 72052,Anas platyrhynchos
2013-09-02T00:00:31Z,47.7010294,9.0643492,0.33,10.49,2351 - Radolfzell JC 72052,Anas platyrhynchos
2013-09-03T00:00:17Z,47.7009185,9.0643685,0.51,32.77,2351 - Radolfzell JC 72052,Anas platyrhynchos
2013-09-04T00:00:27Z,47.7011572,9.064367,0.1,43.91,2351 - Radolfzell JC 72052,Anas platyrhynchos
2013-09-05T00:00:20Z,47.7011782,9.0639992,0.21,1.31,2351 - Radolfzell JC 72052,Anas platyrhynchos
2013-09-06T00:00:49Z,47.7011416,9.0639689,0.19,0,2351 - Radolfzell JC 72052,Anas platyrhynchos
2013-09-07T00:00:55Z,47.7015529,9.0638612,0.3,346.69,2351 - Radolfzell JC 72052,Anas platyrhynchos
2013-09-08T00:00:24Z,47.7010519,9.0641823,0.79,336.2,2351 - Radolfzell JC 72052,Anas platyrhynchos
2013-09-09T00:00:33Z,47.7011475,9.0640288000000009,0.19,336.86,2351 - Radolfzell JC 72052,Anas platyrhynchos
2013-09-10T00:00:31Z,47.7010768,9.0640267,1.5,159.91,2351 - Radolfzell JC 72052,Anas platyrhynchos
2013-09-11T00:00:56Z,47.7010536,9.0642015,0.04,0,2351 - Radolfzell JC 72052,Anas platyrhynchos
2013-09-12T00:00:55Z,47.7011413,9.0639041,0.2,15.73,2351 - Radolfzell JC 72052,Anas platyrhynchos
2013-09-13T00:00:15Z,47.701141,9.0639772,1.11,298.84,2351 - Radolfzell JC 72052,Anas platyrhynchos
2013-09-14T00:00:20Z,47.7010029,9.0637843,0.34,15.73,2351 - Radolfzell JC 72052,Anas platyrhynchos
2013-09-15T00:00:43Z,47.701198,9.063964,0.2,343.41,2351 - Radolfzell JC 72052,Anas platyrhynchos
2013-09-16T00:00:56Z,47.7010217,9.064258,0.03,350.62,2351 - Radolfzell JC 72052,Anas platyrhynchos
2013-09-17T00:00:52Z,47.7012363,9.0641039,0.68,28.18,2351 - Radolfzell JC 72052,Anas platyrhynchos
2013-09-18T00:01:00Z,47.7011367,9.0642567,0.64,8.52,2351 - Radolfzell JC 72052,Anas platyrhynchos
2013-09-19T00:00:50Z,47.7010858,9.0641704,0.27,285.08,2351 - Radolfzell JC 72052,Anas platyrhynchos
2013-09-20T00:00:56Z,47.7023914,9.0564977,0.07,3.28,2351 - Radolfzell JC 72052,Anas platyrhynchos
2013-09-21T00:30:56Z,47.7015347,9.0639062,0.24,44.56,2351 - Radolfzell JC 72052,Anas platyrhynchos
2013-09-22T00:00:43Z,47.7022926,9.0563915,0.2,326.37,2351 - Radolfzell JC 72052,Anas platyrhynchos
2013-09-23T00:00:43Z,47.7022688,9.0563125,1.85,58.98,2351 - Radolfzell JC 72052,Anas platyrhynchos
2013-09-24T00:00:43Z,47.702393,9.0565007,0.04,11.8,2351 - Radolfzell JC 72052,Anas platyrhynchos
2013-09-25T00:00:43Z,47.7023807,9.0565256,0.07,355.86,2351 - Radolfzell JC 72052,Anas platyrhynchos
2013-09-26T00:00:50Z,47.7022763,9.05625,0.25,21.63,2351 - Radolfzell JC 72052,Anas platyrhynchos
2013-09-27T00:00:15Z,47.702399,9.056399,0.05,339.48,2351 - Radolfzell JC 72052,Anas platyrhynchos
2013-09-28T00:00:50Z,47.7022679,9.0561862,0.01,11.8,2351 - Radolfzell JC 72052,Anas platyrhynchos
2013-09-29T00:00:15Z,47.7022908,9.0561723,0.07,340.79,2351 - Radolfzell JC 72052,Anas platyrhynchos
2013-09-30T00:00:14Z,47.7021981,9.0560638,0.06,12.45,2351 - Radolfzell JC 72052,Anas platyrhynchos
2013-10-01T00:00:13Z,47.702366,9.0564961,0.05,358.48,2351 - Radolfzell JC 72052,Anas platyrhynchos
2013-10-02T00:00:24Z,47.7024221,9.056359,0.34,108.13,2351 - Radolfzell JC 72052,Anas platyrhynchos
2013-10-03T00:00:14Z,47.7024737,9.0563674,0.54,263.45,2351 - Radolfzell JC 72052,Anas platyrhynchos
2013-10-04T00:00:14Z,47.7011676,9.0640041,0.32,348.65,2351 - Radolfzell JC 72052,Anas platyrhynchos
2013-10-05T00:00:49Z,47.702395,9.0565539,0.12,355.21,2351 - Radolfzell JC 72052,Anas platyrhynchos
2013-10-06T00:00:09Z,47.7022694,9.0561352,0.6,303.43,2351 - Radolfzell JC 72052,Anas platyrhynchos
2013-10-07T00:00:15Z,47.7023989,9.0564958,0.05,349.31,2351 - Radolfzell JC 72052,Anas platyrhynchos
2013-10-08T00:00:44Z,47.7022099,9.0562068,0.08,200.54,2351 - Radolfzell JC 72052,Anas platyrhynchos
2013-10-09T00:00:23Z,47.7022401,9.0562162,0.07,349.96,2351 - Radolfzell JC 72052,Anas platyrhynchos
2013-10-10T00:00:12Z,47.7023308,9.0563523,0.04,1.97,2351 - Radolfzell JC 72052,Anas platyrhynchos
2013-10-11T00:00:56Z,47.7009848,9.0642509,0.12,25.56,2351 - Radolfzell JC 72052,Anas platyrhynchos
2013-10-12T00:00:50Z,47.7022284,9.0562138,0.17,5.9,2351 - Radolfzell JC 72052,Anas platyrhynchos
2013-10-13T00:00:26Z,47.7022384,9.056253,0.14,11.8,2351 - Radolfzell JC 72052,Anas platyrhynchos
2013-10-14T00:00:44Z,47.7023485,9.0564658,0.01,95.68,2351 - Radolfzell JC 72052,Anas platyrhynchos
2013-10-15T00:00:55Z,47.7023552,9.0564574,0.1,349.31,2351 - Radolfzell JC 72052,Anas platyrhynchos
2013-10-16T00:00:44Z,47.6873326,9.1047087,0.24,224.13,2351 - Radolfzell JC 72052,Anas platyrhynchos
2013-10-17T00:00:56Z,47.7023342,9.0564613,0.07,1.31,2351 - Radolfzell JC 72052,Anas platyrhynchos
2013-10-18T00:00:56Z,47.7023398,9.0564283,0.02,341.44,2351 - Radolfzell JC 72052,Anas platyrhynchos
2013-10-19T00:00:30Z,47.7023863,9.0564985,0.09,9.83,2351 - Radolfzell JC 72052,Anas platyrhynchos
2013-10-20T00:00:15Z,47.7028844,9.0612877,0.27,336.2,2351 - Radolfzell JC 72052,Anas platyrhynchos
2013-10-21T00:00:34Z,47.7022537,9.0566715,0.1,144.18,2351 - Radolfzell JC 72052,Anas platyrhynchos
2013-10-22T00:00:38Z,47.7022272,9.0562413,0.02,356.52,2351 - Radolfzell JC 72052,Anas platyrhynchos
2013-10-23T00:00:50Z,47.7022498,9.0562637,0.2,342.75,2351 - Radolfzell JC 72052,Anas platyrhynchos
2013-10-24T00:00:44Z,47.7022131,9.0562623,0.09,7.21,2351 - Radolfzell JC 72052,Anas platyrhynchos
2013-10-25T00:00:56Z,47.7022531,9.0562728,0.09,13.76,2351 - Radolfzell JC 72052,Anas platyrhynchos
2013-10-26T00:00:16Z,47.7021838,9.0558593,1.01,319.16,2351 - Radolfzell JC 72052,Anas platyrhynchos
2013-10-27T00:00:39Z,47.7021342,9.0563519,0.1,212.99,2351 - Radolfzell JC 72052,Anas platyrhynchos
2013-10-28T00:00:13Z,47.7021116,9.055948,0.31,359.14,2351 - Radolfzell JC 72052,Anas platyrhynchos
2013-10-29T00:00:16Z,47.7021831,9.0564005,0.83,24.9,2351 - Radolfzell JC 72052,Anas platyrhynchos
2013-10-30T00:00:50Z,47.7022407,9.0562794,0.2,347.34,2351 - Radolfzell JC 72052,Anas platyrhynchos
2013-10-31T00:00:11Z,47.7022338,9.0561965,0.15,358.48,2351 - Radolfzell JC 72052,Anas platyrhynchos
2013-11-01T00:00:20Z,47.7022986,9.0562354,0.39,186.12,2351 - Radolfzell JC 72052,Anas platyrhynchos
2013-11-02T00:00:38Z,47.6774799,9.1202301,0.02,300.81,2351 - Radolfzell JC 72052,Anas platyrhynchos
2013-11-03T00:00:10Z,47.6773672,9.12037,1.15,196.61,2351 - Radolfzell JC 72052,Anas platyrhynchos
2013-11-04T00:00:44Z,47.7022831,9.0563017,0.01,30.15,2351 - Radolfzell JC 72052,Anas platyrhynchos
2013-11-05T00:00:31Z,47.7022557,9.0561518,0.95,306.71,2351 - Radolfzell JC 72052,Anas platyrhynchos
2013-11-06T00:00:56Z,47.7022374,9.0561981,0.55,348.65,2351 - Radolfzell JC 72052,Anas platyrhynchos
2013-11-07T00:00:35Z,47.7022658,9.0562993,0.18,300.81,2351 - Radolfzell JC 72052,Anas platyrhynchos
2013-11-08T00:00:56Z,47.7021597,9.0559007,0.12,332.92,2351 - Radolfzell JC 72052,Anas platyrhynchos
2013-11-09T00:00:50Z,47.6923126,9.079645,0.25,353.89,2351 - Radolfzell JC 72052,Anas platyrhynchos
2013-11-10T00:00:16Z,47.7023324,9.0563761,0.19,340.13,2351 - Radolfzell JC 72052,Anas platyrhynchos
2013-11-11T00:00:49Z,47.7023177,9.056451,0.12,338.17,2351 - Radolfzell JC 72052,Anas platyrhynchos
2013-11-12T00:00:50Z,47.7022227,9.0562122,0.04,341.44,2351 - Radolfzell JC 72052,Anas platyrhynchos
2013-11-13T00:00:26Z,47.7022351,9.055974,0.4,323.09,2351 - Radolfzell JC 72052,Anas platyrhynchos
2013-11-14T00:00:28Z,47.702248,9.0561896,0.26,327.68,2351 - Radolfzell JC 72052,Anas platyrhynchos
2013-11-15T00:00:43Z,47.6743899,9.122095,0.01,312.61,2351 - Radolfzell JC 72052,Anas platyrhynchos
2013-11-16T00:00:13Z,47.7022398,9.0562004,0.24,218.23,2351 - Radolfzell JC 72052,Anas platyrhynchos
2013-11-17T00:00:50Z,47.7023478,9.0565099,0.08,346.03,2351 - Radolfzell JC 72052,Anas platyrhynchos
2013-11-18T00:00:56Z,47.7023696,9.056532,0.16,7.86,2351 - Radolfzell JC 72052,Anas platyrhynchos
2013-11-19T00:00:57Z,47.7023441,9.0564857,0.1,0.66,2351 - Radolfzell JC 72052,Anas platyrhynchos
2013-11-20T00:00:55Z,47.7023403,9.0564805,0.02,15.07,2351 - Radolfzell JC 72052,Anas platyrhynchos
2013-11-21T00:00:44Z,47.7024108,9.0565014,0.19,316.54,2351 - Radolfzell JC 72052,Anas platyrhynchos
2013-11-22T00:00:49Z,47.7023388,9.0564934,0.1,330.3,2351 - Radolfzell JC 72052,Anas platyrhynchos
2013-11-23T00:00:51Z,47.7023246,9.0565052,0.13,44.56,2351 - Radolfzell JC 72052,Anas platyrhynchos
2013-11-24T00:00:50Z,47.7023251,9.0565006,0.17,11.8,2351 - Radolfzell JC 72052,Anas platyrhynchos
2013-11-25T00:00:50Z,47.7023416,9.0564871,0.12,13.76,2351 - Radolfzell JC 72052,Anas platyrhynchos
2013-11-26T00:00:45Z,47.7023695,9.0564679,0.41,9.18,2351 - Radolfzell JC 72052,Anas platyrhynchos
2013-11-27T00:00:55Z,47.7023553,9.0564783,0.09,358.48,2351 - Radolfzell JC 72052,Anas platyrhynchos
2013-11-28T00:00:22Z,47.7023358,9.0564941,0.13,353.24,2351 - Radolfzell JC 72052,Anas platyrhynchos
2013-11-29T00:00:11Z,47.6974244,9.0440025,0.13,3.28,2351 - Radolfzell JC 72052,Anas platyrhynchos
2013-11-30T00:00:11Z,47.7022849,9.0563382,0.21,19.66,2351 - Radolfzell JC 72052,Anas platyrhynchos
2013-12-01T00:00:26Z,47.7022968,9.0561732,0.72,339.48,2351 - Radolfzell JC 72052,Anas platyrhynchos
2013-12-02T00:00:23Z,47.70229,9.0565066,0.1,330.96,2351 - Radolfzell JC 72052,Anas platyrhynchos
2013-12-03T00:00:56Z,47.6974513,9.0439226,0.05,11.14,2351 - Radolfzell JC 72052,Anas platyrhynchos
2013-12-04T00:00:56Z,47.7023001,9.0564243,0.42,349.96,2351 - Radolfzell JC 72052,Anas platyrhynchos
2013-12-05T00:00:49Z,47.7023753,9.0564945,0.29,18.35,2351 - Radolfzell JC 72052,Anas platyrhynchos
2013-12-06T00:00:11Z,47.7021578,9.0559411,0.04,306.71,2351 - Radolfzell JC 72052,Anas platyrhynchos
2013-12-07T00:00:20Z,47.702086,9.0552837,0.09,11.8,2351 - Radolfzell JC 72052,Anas platyrhynchos
2013-12-08T00:00:50Z,47.7021283,9.0552694,0.17,20.97,2351 - Radolfzell JC 72052,Anas platyrhynchos
2013-12-09T00:00:50Z,47.6974265,9.0438918,0.3,315.88,2351 - Radolfzell JC 72052,Anas platyrhynchos
2013-12-10T00:00:27Z,47.7028264,9.0523194,0.17,9.18,2351 - Radolfzell JC 72052,Anas platyrhynchos
2012-09-04T14:59:02Z,47.7669719,8.9968478,0.63,345.37,2423 - Radolfzell JC 72016,Anas platyrhynchos
2012-09-05T00:01:25Z,47.7661315,8.9977604,3.09,76.02,2423 - Radolfzell JC 72016,Anas platyrhynchos
2012-09-06T00:00:57Z,47.7598605,9.012036,0.12,6.55,2423 - Radolfzell JC 72016,Anas platyrhynchos
2012-09-07T03:01:26Z,47.759229,9.0125149,0.48,334.89,2423 - Radolfzell JC 72016,Anas platyrhynchos
2012-09-08T00:00:25Z,47.7594444,9.0100955,0.03,27.53,2423 - Radolfzell JC 72016,Anas platyrhynchos
2012-09-09T00:00:26Z,47.7541616,9.0109823,0.13,328.99,2423 - Radolfzell JC 72016,Anas platyrhynchos
2012-09-10T00:00:31Z,47.7541562,9.0110319,0.24,222.82,2423 - Radolfzell JC 72016,Anas platyrhynchos
2012-09-11T00:00:14Z,47.7541943,9.011145,0.08,40.63,2423 - Radolfzell JC 72016,Anas platyrhynchos
2012-09-12T00:00:30Z,47.754262,9.0110847,0.22,9.83,2423 - Radolfzell JC 72016,Anas platyrhynchos
2012-09-13T00:00:50Z,47.766577,8.9955549,0.34,355.86,2423 - Radolfzell JC 72016,Anas platyrhynchos
2012-09-14T00:00:36Z,47.7669283,8.9969005,0.34,3.93,2423 - Radolfzell JC 72016,Anas platyrhynchos
2012-09-15T00:00:56Z,47.7664293,8.9953052,0.83,220.2,2423 - Radolfzell JC 72016,Anas platyrhynchos
2012-09-16T00:00:49Z,47.7662798,8.9953263,0.72,353.24,2423 - Radolfzell JC 72016,Anas platyrhynchos
2012-09-17T00:01:11Z,47.7666348,8.9968708,0.48,7.86,2423 - Radolfzell JC 72016,Anas platyrhynchos
2012-09-18T00:00:50Z,47.7665423,8.9956494,0.27,16.38,2423 - Radolfzell JC 72016,Anas platyrhynchos
2012-09-19T00:01:13Z,47.7667607,8.995288,0.14,4.59,2423 - Radolfzell JC 72016,Anas platyrhynchos
2012-09-20T00:01:14Z,47.7665993,8.9953399,1.26,321.13,2423 - Radolfzell JC 72016,Anas platyrhynchos
2012-09-21T00:00:57Z,47.7665268,8.9952336,0.08,30.15,2423 - Radolfzell JC 72016,Anas platyrhynchos
2012-09-29T21:01:57Z,47.767823,8.9899914,0.11,12.45,2423 - Radolfzell JC 72016,Anas platyrhynchos
2012-09-30T00:01:20Z,47.7679064,8.9898929,0.01,114.03,2423 - Radolfzell JC 72016,Anas platyrhynchos
2012-10-01T00:01:08Z,47.7679074,8.9899001,0.02,298.19,2423 - Radolfzell JC 72016,Anas platyrhynchos
2012-10-02T00:01:20Z,47.767916,8.989881,0.07,114.69,2423 - Radolfzell JC 72016,Anas platyrhynchos
2012-10-03T00:00:57Z,47.7678956,8.98991,0.06,54.39,2423 - Radolfzell JC 72016,Anas platyrhynchos
2012-10-04T00:00:49Z,47.7678469,8.9899065,0.07,4.59,2423 - Radolfzell JC 72016,Anas platyrhynchos
2012-10-05T00:00:56Z,47.7678757,8.9899011,0.1,25.56,2423 - Radolfzell JC 72016,Anas platyrhynchos
2012-10-06T00:00:55Z,47.7678579,8.989915,0.29,39.32,2423 - Radolfzell JC 72016,Anas platyrhynchos
2012-10-07T00:00:51Z,47.7678919,8.9898923,0.17,348,2423 - Radolfzell JC 72016,Anas platyrhynchos
2012-10-08T00:01:20Z,47.7678741,8.9898884,0.32,321.78,2423 - Radolfzell JC 72016,Anas platyrhynchos
2012-10-09T00:00:57Z,47.7678703,8.9898783,0.37,342.75,2423 - Radolfzell JC 72016,Anas platyrhynchos
2012-10-10T00:00:57Z,47.7678708,8.9898804,0.28,24.25,2423 - Radolfzell JC 72016,Anas platyrhynchos
2012-10-11T00:00:50Z,47.7678777,8.9898679,0.15,5.24,2423 - Radolfzell JC 72016,Anas platyrhynchos
2012-10-12T00:00:49Z,47.7678578,8.9899219,0.28,345.37,2423 - Radolfzell JC 72016,Anas platyrhynchos
2012-10-13T00:01:00Z,47.767860400000004,8.9899147,0,29.49,2423 - Radolfzell JC 72016,Anas platyrhynchos
2012-10-14T00:01:01Z,47.7678829,8.989904,0.02,5.24,2423 - Radolfzell JC 72016,Anas platyrhynchos
2012-10-15T12:00:43Z,47.7678472,8.9899311,0.43,24.25,2423 - Radolfzell JC 72016,Anas platyrhynchos
2013-07-23T15:11:55Z,47.7079552,9.1929467,0.68,323.09,2489 - Radolfzell JC74412,Anas platyrhynchos
2013-07-24T00:00:15Z,47.7032585,9.1819809,0.16,33.42,2489 - Radolfzell JC74412,Anas platyrhynchos
2013-07-25T00:00:24Z,47.7025051,9.1845152,0.16,339.48,2489 - Radolfzell JC74412,Anas platyrhynchos
2013-07-26T00:00:49Z,47.7025126,9.1844276,0.1,30.8,2489 - Radolfzell JC74412,Anas platyrhynchos
2013-07-27T00:00:20Z,47.7024887,9.1844517,0.14,102.24,2489 - Radolfzell JC74412,Anas platyrhynchos
2013-07-28T00:00:26Z,47.7026601,9.1865262,0.13,332.92,2489 - Radolfzell JC74412,Anas platyrhynchos
2013-07-29T00:01:01Z,47.706374,9.1906506,0.38,54.39,2489 - Radolfzell JC74412,Anas platyrhynchos
2013-07-30T00:00:50Z,47.7025336,9.1842563,0.18,201.85,2489 - Radolfzell JC74412,Anas platyrhynchos
2013-07-31T00:00:48Z,47.7025918,9.1844499,1.12,339.48,2489 - Radolfzell JC74412,Anas platyrhynchos
2013-08-01T00:00:41Z,47.7025157,9.1845224,0.09,342.1,2489 - Radolfzell JC74412,Anas platyrhynchos
2013-08-02T00:00:50Z,47.7083279,9.179994,0.32,25.56,2489 - Radolfzell JC74412,Anas platyrhynchos
2013-08-03T00:00:44Z,47.703298,9.1820235,0.65,75.37,2489 - Radolfzell JC74412,Anas platyrhynchos
2013-08-04T00:00:44Z,47.7032835,9.1819642,0.67,74.06,2489 - Radolfzell JC74412,Anas platyrhynchos
2013-08-05T00:00:34Z,47.7032237,9.1817949,0.61,230.69,2489 - Radolfzell JC74412,Anas platyrhynchos
2013-08-06T00:00:56Z,47.7033366,9.1820747,0.88,243.14,2489 - Radolfzell JC74412,Anas platyrhynchos
2013-08-07T00:00:25Z,47.7032737,9.1820045,1.27,16.38,2489 - Radolfzell JC74412,Anas platyrhynchos
2013-08-08T00:00:50Z,47.7033389,9.1820371,0.55,135.66,2489 - Radolfzell JC74412,Anas platyrhynchos
2013-08-09T00:00:44Z,47.7032458,9.1819742,0.16,325.71,2489 - Radolfzell JC74412,Anas platyrhynchos
2013-08-10T00:00:44Z,47.7033002,9.1820067,0.19,325.71,2489 - Radolfzell JC74412,Anas platyrhynchos
2013-08-11T00:00:56Z,47.7033114,9.1820118,0.14,352.58,2489 - Radolfzell JC74412,Anas platyrhynchos
2013-08-12T00:00:49Z,47.7032923,9.1820932,0.13,321.78,2489 - Radolfzell JC74412,Anas platyrhynchos
2013-08-13T00:00:22Z,47.7033069,9.1820093,0.35,19.66,2489 - Radolfzell JC74412,Anas platyrhynchos
2013-08-14T00:00:50Z,47.703219,9.1819733,1.3,189.4,2489 - Radolfzell JC74412,Anas platyrhynchos
2013-08-15T00:00:55Z,47.7025975,9.1851528,0.14,350.62,2489 - Radolfzell JC74412,Anas platyrhynchos
2013-08-16T00:00:51Z,47.7026061,9.1851022,0.08,28.18,2489 - Radolfzell JC74412,Anas platyrhynchos
2013-08-17T00:00:13Z,47.7025081,9.1851598,0.16,7.86,2489 - Radolfzell JC74412,Anas platyrhynchos
2013-08-18T00:00:49Z,47.70256,9.1849697,0.25,325.71,2489 - Radolfzell JC74412,Anas platyrhynchos
2013-08-19T00:00:23Z,47.7026169,9.1850438,0.12,15.07,2489 - Radolfzell JC74412,Anas platyrhynchos
2013-08-20T00:00:36Z,47.7032619,9.1821285,0.3,216.27,2489 - Radolfzell JC74412,Anas platyrhynchos
2013-08-21T00:00:44Z,47.7024866,9.1850316,0.3,349.96,2489 - Radolfzell JC74412,Anas platyrhynchos
2013-08-22T00:00:50Z,47.7025524,9.1850536,0.46,37.36,2489 - Radolfzell JC74412,Anas platyrhynchos
2013-08-23T00:00:32Z,47.7025168,9.1852002,0.42,341.44,2489 - Radolfzell JC74412,Anas platyrhynchos
2013-08-24T00:00:42Z,47.7025092,9.185104,0.59,79.3,2489 - Radolfzell JC74412,Anas platyrhynchos
2013-08-25T00:00:34Z,47.7025679,9.1850673,0.36,344.06,2489 - Radolfzell JC74412,Anas platyrhynchos
2013-08-26T00:00:50Z,47.7026118,9.1851124,0.95,0,2489 - Radolfzell JC74412,Anas platyrhynchos
2013-08-27T00:00:26Z,47.7025372,9.1850785,0.19,116,2489 - Radolfzell JC74412,Anas platyrhynchos
2013-08-28T00:00:13Z,47.702554,9.1850452,0.43,36.7,2489 - Radolfzell JC74412,Anas platyrhynchos
2013-08-29T00:00:17Z,47.7025222,9.1850515,0.09,5.9,2489 - Radolfzell JC74412,Anas platyrhynchos
2013-08-30T00:00:30Z,47.7025373,9.1850489,0.37,335.54,2489 - Radolfzell JC74412,Anas platyrhynchos
2013-08-31T00:00:26Z,47.702579,9.1850092,0.3,351.27,2489 - Radolfzell JC74412,Anas platyrhynchos
2013-09-01T00:00:15Z,47.7025187,9.1850643,0.62,18.35,2489 - Radolfzell JC74412,Anas platyrhynchos
2013-09-02T00:00:32Z,47.7024586,9.1850345,0.3,339.48,2489 - Radolfzell JC74412,Anas platyrhynchos
2013-09-03T00:00:28Z,47.7025463,9.18505,0.31,2.62,2489 - Radolfzell JC74412,Anas platyrhynchos
2013-09-04T00:00:11Z,47.7025186,9.1850402,0.03,323.09,2489 - Radolfzell JC74412,Anas platyrhynchos
2013-09-05T00:00:29Z,47.7025814,9.1850022,0.13,7.86,2489 - Radolfzell JC74412,Anas platyrhynchos
2013-09-06T00:00:23Z,47.7025348,9.1850258,0.24,351.27,2489 - Radolfzell JC74412,Anas platyrhynchos
2013-09-07T00:00:23Z,47.7025374,9.184991,0.41,351.27,2489 - Radolfzell JC74412,Anas platyrhynchos
2013-09-08T00:00:11Z,47.7025518,9.185055,0.03,21.63,2489 - Radolfzell JC74412,Anas platyrhynchos
2013-09-09T00:00:29Z,47.7025194,9.1850862,0.83,315.88,2489 - Radolfzell JC74412,Anas platyrhynchos
2013-09-10T00:00:35Z,47.7025586,9.1849876,0.56,26.21,2489 - Radolfzell JC74412,Anas platyrhynchos
2013-09-11T00:00:56Z,47.7025193,9.1851601,0.35,40.63,2489 - Radolfzell JC74412,Anas platyrhynchos
2013-09-12T00:00:57Z,47.7025495,9.1850015,0.19,355.21,2489 - Radolfzell JC74412,Anas platyrhynchos
2013-09-13T00:00:55Z,47.702562,9.1845826,0.15,345.37,2489 - Radolfzell JC74412,Anas platyrhynchos
2013-09-14T00:00:56Z,47.7025779,9.184602,1.08,76.68,2489 - Radolfzell JC74412,Anas platyrhynchos
2013-09-15T00:00:50Z,47.7025617,9.184539,0.23,333.58,2489 - Radolfzell JC74412,Anas platyrhynchos
2013-09-16T00:01:21Z,47.7034209,9.1878742,0.11,33.42,2489 - Radolfzell JC74412,Anas platyrhynchos
2013-09-17T00:00:50Z,47.703462,9.1878176,0.14,30.8,2489 - Radolfzell JC74412,Anas platyrhynchos
2013-09-18T00:01:14Z,47.7025146,9.184509,0.57,330.3,2489 - Radolfzell JC74412,Anas platyrhynchos
2013-09-19T00:00:57Z,47.7034178,9.187832,0.08,10.49,2489 - Radolfzell JC74412,Anas platyrhynchos
2013-09-20T00:00:43Z,47.7034365,9.1877598,0.08,13.76,2489 - Radolfzell JC74412,Anas platyrhynchos
2013-09-21T00:01:50Z,47.7033825,9.1936975,0.19,3.28,2489 - Radolfzell JC74412,Anas platyrhynchos
2013-09-22T00:00:56Z,47.7025686,9.1843818,0.1,42.6,2489 - Radolfzell JC74412,Anas platyrhynchos
2013-09-23T00:00:11Z,47.7024954,9.1845057,0.42,21.63,2489 - Radolfzell JC74412,Anas platyrhynchos
2013-09-24T00:00:14Z,47.703344800000004,9.1817841,0.53,114.69,2489 - Radolfzell JC74412,Anas platyrhynchos
2013-07-23T16:31:32Z,47.7076999,9.1925111,0.02,131.07,2490 - Radolfzell JC4416,Anas platyrhynchos
2013-07-24T00:00:13Z,47.7032527,9.1819328,0.41,350.62,2490 - Radolfzell JC4416,Anas platyrhynchos
2013-07-25T00:00:50Z,47.7025198,9.18505,0.13,351.93,2490 - Radolfzell JC4416,Anas platyrhynchos
2013-07-26T00:00:17Z,47.7025803,9.1849753,0.17,304.74,2490 - Radolfzell JC4416,Anas platyrhynchos
2013-07-27T00:00:18Z,47.7025546,9.1850181,0.13,32.11,2490 - Radolfzell JC4416,Anas platyrhynchos
2013-07-28T00:00:21Z,47.7026804,9.1864269,0.86,220.86,2490 - Radolfzell JC4416,Anas platyrhynchos
2013-07-29T00:00:56Z,47.7064379,9.1906256,0.57,146.8,2490 - Radolfzell JC4416,Anas platyrhynchos
2013-07-30T00:00:23Z,47.7025457,9.184183,0.7,353.89,2490 - Radolfzell JC4416,Anas platyrhynchos
2013-07-31T00:00:17Z,47.7025742,9.1849934,0.34,339.48,2490 - Radolfzell JC4416,Anas platyrhynchos
2013-08-01T03:02:16Z,47.7064274,9.1991012,0.43,1.31,2490 - Radolfzell JC4416,Anas platyrhynchos
2013-08-02T12:01:45Z,47.7063294,9.1991041,0.18,359.14,2490 - Radolfzell JC4416,Anas platyrhynchos
2013-08-03T21:01:26Z,47.7063488,9.1992838,0.23,266.08,2490 - Radolfzell JC4416,Anas platyrhynchos
2013-08-04T06:02:27Z,47.706317,9.1988198,1.16,116.65,2490 - Radolfzell JC4416,Anas platyrhynchos
2013-08-05T03:02:20Z,47.7063015,9.19931,0.67,85.85,2490 - Radolfzell JC4416,Anas platyrhynchos
2013-08-06T12:01:26Z,47.7064233,9.1990158,0.88,7.21,2490 - Radolfzell JC4416,Anas platyrhynchos
2013-07-23T15:39:51Z,47.7073777,9.1915506,0.55,21.63,2493 - Radolfzell JC74407,Anas platyrhynchos
2013-07-24T00:00:36Z,47.7023929,9.1854574,0.26,340.13,2493 - Radolfzell JC74407,Anas platyrhynchos
2013-07-25T00:01:13Z,47.7025447,9.1849414,0.42,62.91,2493 - Radolfzell JC74407,Anas platyrhynchos
2013-07-26T00:00:50Z,47.7025225,9.1850553,0.19,4.59,2493 - Radolfzell JC74407,Anas platyrhynchos
2013-07-27T00:00:16Z,47.7025811,9.1848312,0.14,332.92,2493 - Radolfzell JC74407,Anas platyrhynchos
2013-07-28T00:00:22Z,47.7026462,9.1865256,0.53,0.66,2493 - Radolfzell JC74407,Anas platyrhynchos
2013-07-29T00:01:50Z,47.7064276,9.1906973,0.25,162.53,2493 - Radolfzell JC74407,Anas platyrhynchos
2013-07-30T00:01:26Z,47.7037935,9.1985539,0.33,334.23,2493 - Radolfzell JC74407,Anas platyrhynchos
2013-07-31T00:01:56Z,47.7037876,9.1986084,0.17,325.71,2493 - Radolfzell JC74407,Anas platyrhynchos
2013-08-01T00:00:56Z,47.7037594,9.1986252,0.25,9.18,2493 - Radolfzell JC74407,Anas platyrhynchos
2013-08-02T00:00:44Z,47.703869,9.1985927,0.55,2.62,2493 - Radolfzell JC74407,Anas platyrhynchos
2013-08-03T00:01:56Z,47.7038662,9.1986334,0.3,14.42,2493 - Radolfzell JC74407,Anas platyrhynchos
2013-08-04T00:02:20Z,47.7037405,9.1986274,0.33,19.01,2493 - Radolfzell JC74407,Anas platyrhynchos
2013-08-05T00:00:57Z,47.7037876,9.1986301,0.03,11.8,2493 - Radolfzell JC74407,Anas platyrhynchos
2013-08-06T00:00:31Z,47.7037907,9.1986271,0.07,356.52,2493 - Radolfzell JC74407,Anas platyrhynchos
2013-08-07T00:00:53Z,47.7037942,9.1986283,0.52,317.19,2493 - Radolfzell JC74407,Anas platyrhynchos
2013-08-08T00:00:26Z,47.7037489,9.1986156,0.39,338.17,2493 - Radolfzell JC74407,Anas platyrhynchos
2013-08-09T09:01:26Z,47.7067732,9.1915713,0.48,357.83,2493 - Radolfzell JC74407,Anas platyrhynchos
2013-07-23T15:12:16Z,47.7079255,9.1927353,0.77,242.48,2495 - Radolfzell JC74406,Anas platyrhynchos
2013-07-24T00:00:34Z,47.7032596,9.1819692,0.15,25.56,2495 - Radolfzell JC74406,Anas platyrhynchos
2013-07-25T00:00:30Z,47.702551,9.1849764,0.2,21.63,2495 - Radolfzell JC74406,Anas platyrhynchos
2013-07-26T00:00:44Z,47.7025539,9.1850477,0.34,1.31,2495 - Radolfzell JC74406,Anas platyrhynchos
2013-07-27T00:00:43Z,47.7025675,9.1850313,0.11,22.28,2495 - Radolfzell JC74406,Anas platyrhynchos
2013-07-28T00:00:11Z,47.70266,9.1865459,0.44,340.13,2495 - Radolfzell JC74406,Anas platyrhynchos
2013-07-29T00:00:55Z,47.7064047,9.1909447,0.45,8.52,2495 - Radolfzell JC74406,Anas platyrhynchos
2013-07-30T00:00:49Z,47.7032884,9.1819291,0.35,41.94,2495 - Radolfzell JC74406,Anas platyrhynchos
2013-07-31T00:00:26Z,47.7032978,9.181908,0.38,340.13,2495 - Radolfzell JC74406,Anas platyrhynchos
2013-08-01T00:01:50Z,47.7032608,9.1819881,0.15,10.49,2495 - Radolfzell JC74406,Anas platyrhynchos
2013-08-02T00:01:19Z,47.7025552,9.1843122,0.11,8.52,2495 - Radolfzell JC74406,Anas platyrhynchos
2013-08-03T00:00:19Z,47.7024625,9.1850307,0.12,357.17,2495 - Radolfzell JC74406,Anas platyrhynchos
2013-08-04T00:00:13Z,47.703349,9.1818997,0.24,323.09,2495 - Radolfzell JC74406,Anas platyrhynchos
2013-08-05T00:00:49Z,47.7033132,9.1820116,0.08,344.72,2495 - Radolfzell JC74406,Anas platyrhynchos
2013-08-06T00:00:39Z,47.7033082,9.1819717,0.37,352.58,2495 - Radolfzell JC74406,Anas platyrhynchos
2013-08-07T00:00:19Z,47.7031396,9.1819262,0.29,3.28,2495 - Radolfzell JC74406,Anas platyrhynchos
2013-08-08T00:00:50Z,47.7032272,9.1819888,0.83,251,2495 - Radolfzell JC74406,Anas platyrhynchos
2013-08-09T00:00:51Z,47.7033139,9.1820211,0.01,249.04,2495 - Radolfzell JC74406,Anas platyrhynchos
2013-08-10T00:00:23Z,47.7032618,9.1820213,0.21,309.99,2495 - Radolfzell JC74406,Anas platyrhynchos
2013-08-11T00:00:18Z,47.7032901,9.1820292,0.2,339.48,2495 - Radolfzell JC74406,Anas platyrhynchos
2013-08-12T00:00:19Z,47.7031609,9.1821145,0.26,64.23,2495 - Radolfzell JC74406,Anas platyrhynchos
2013-08-13T00:00:49Z,47.7033185,9.1820451,0.22,320.47,2495 - Radolfzell JC74406,Anas platyrhynchos
2013-08-14T00:00:55Z,47.7032528,9.1819946,0.23,6.55,2495 - Radolfzell JC74406,Anas platyrhynchos
2013-08-15T00:00:21Z,47.7025653,9.1850836,0.56,309.33,2495 - Radolfzell JC74406,Anas platyrhynchos
2013-08-16T00:00:13Z,47.7026261,9.1850412,0.13,324.4,2495 - Radolfzell JC74406,Anas platyrhynchos
2013-08-17T00:00:22Z,47.7025286,9.1850293,0.26,332.92,2495 - Radolfzell JC74406,Anas platyrhynchos
2013-08-18T00:00:39Z,47.7024815,9.1851323,1.18,125.83,2495 - Radolfzell JC74406,Anas platyrhynchos
2013-08-19T00:00:30Z,47.7025834,9.1851131,0.05,351.93,2495 - Radolfzell JC74406,Anas platyrhynchos
2013-08-20T00:00:22Z,47.7032458,9.1821365,0.13,340.13,2495 - Radolfzell JC74406,Anas platyrhynchos
2013-08-21T00:00:33Z,47.702475,9.1852147,0.94,337.51,2495 - Radolfzell JC74406,Anas platyrhynchos
2013-08-22T00:00:56Z,47.7025734,9.1850864,0.09,0,2495 - Radolfzell JC74406,Anas platyrhynchos
2013-08-23T00:00:43Z,47.702546,9.1850607,0.31,8.52,2495 - Radolfzell JC74406,Anas platyrhynchos
2013-08-24T00:00:56Z,47.7025329,9.1850136,0.21,359.14,2495 - Radolfzell JC74406,Anas platyrhynchos
2013-08-25T00:00:17Z,47.7025659,9.1850529,0.04,10.49,2495 - Radolfzell JC74406,Anas platyrhynchos
2013-08-26T00:01:10Z,47.7025933,9.185062,0.15,7.21,2495 - Radolfzell JC74406,Anas platyrhynchos
2013-08-27T00:00:55Z,47.7025319,9.185046,0.19,0,2495 - Radolfzell JC74406,Anas platyrhynchos
2013-08-28T00:00:14Z,47.7025769,9.1850422,0.31,30.8,2495 - Radolfzell JC74406,Anas platyrhynchos
2013-08-29T00:00:23Z,47.7025396,9.1851325,0.26,282.46,2495 - Radolfzell JC74406,Anas platyrhynchos
2013-08-30T00:00:41Z,47.7025574,9.1851018,0.05,349.96,2495 - Radolfzell JC74406,Anas platyrhynchos
2013-08-31T00:00:11Z,47.702562,9.1850337,0.02,37.36,2495 - Radolfzell JC74406,Anas platyrhynchos
2013-09-01T00:00:27Z,47.7028077,9.1849769,0.5,30.15,2495 - Radolfzell JC74406,Anas platyrhynchos
2013-09-02T00:00:49Z,47.7025767,9.1846241,0.2,322.44,2495 - Radolfzell JC74406,Anas platyrhynchos
2013-09-03T00:00:30Z,47.702519,9.1850176,0.41,17.04,2495 - Radolfzell JC74406,Anas platyrhynchos
2013-09-04T00:00:33Z,47.7025033,9.1850266,0.06,355.86,2495 - Radolfzell JC74406,Anas platyrhynchos
2013-09-05T00:00:27Z,47.7025595,9.1846204,0.49,305.4,2495 - Radolfzell JC74406,Anas platyrhynchos
2013-09-06T00:00:52Z,47.7025627,9.1850277,0.09,340.79,2495 - Radolfzell JC74406,Anas platyrhynchos
2013-09-07T00:00:56Z,47.702546,9.1850095,0.16,15.73,2495 - Radolfzell JC74406,Anas platyrhynchos
2013-09-08T00:00:20Z,47.7025304,9.1850766,0.25,30.8,2495 - Radolfzell JC74406,Anas platyrhynchos
2013-09-09T00:00:39Z,47.7026108,9.1849452,0.39,152.04,2495 - Radolfzell JC74406,Anas platyrhynchos
2013-09-10T00:00:14Z,47.7025963,9.184607,0.1,359.14,2495 - Radolfzell JC74406,Anas platyrhynchos
2013-09-11T00:00:55Z,47.7025688,9.1850046,0.25,335.54,2495 - Radolfzell JC74406,Anas platyrhynchos
2013-09-12T00:00:31Z,47.7026002,9.1849936,0.14,38.67,2495 - Radolfzell JC74406,Anas platyrhynchos
2013-09-13T00:00:50Z,47.7025797,9.1845538,0.11,30.8,2495 - Radolfzell JC74406,Anas platyrhynchos
2013-09-14T00:00:32Z,47.7025251,9.1845638,1.03,153.35,2495 - Radolfzell JC74406,Anas platyrhynchos
2013-09-15T00:00:29Z,47.7025266,9.1845948,0.31,25.56,2495 - Radolfzell JC74406,Anas platyrhynchos
2013-09-16T00:01:20Z,47.703469,9.1878569,0.2,345.37,2495 - Radolfzell JC74406,Anas platyrhynchos
2013-09-17T00:00:29Z,47.7034809,9.1878108,0.65,334.89,2495 - Radolfzell JC74406,Anas platyrhynchos
2013-09-18T00:00:11Z,47.7025261,9.1844947,0.18,345.37,2495 - Radolfzell JC74406,Anas platyrhynchos
2013-09-19T00:00:12Z,47.703397,9.1878411,0.29,21.63,2495 - Radolfzell JC74406,Anas platyrhynchos
2013-09-20T00:00:34Z,47.7034799,9.1879605,0.78,135,2495 - Radolfzell JC74406,Anas platyrhynchos
2013-09-21T00:01:14Z,47.7033603,9.1935904,0.27,214.3,2495 - Radolfzell JC74406,Anas platyrhynchos
2013-09-22T00:01:13Z,47.7025545,9.1844931,0.19,334.89,2495 - Radolfzell JC74406,Anas platyrhynchos
2013-09-23T00:00:49Z,47.7024678,9.1844998,0.7,351.27,2495 - Radolfzell JC74406,Anas platyrhynchos
2013-09-24T00:00:43Z,47.7032799,9.1820327,0.35,146.8,2495 - Radolfzell JC74406,Anas platyrhynchos
2013-09-25T00:00:49Z,47.7032766,9.1819949,0.07,0,2495 - Radolfzell JC74406,Anas platyrhynchos
2013-09-26T00:00:29Z,47.7024247,9.1845734,0.89,344.72,2495 - Radolfzell JC74406,Anas platyrhynchos
2013-07-23T15:12:19Z,47.7079368,9.1927376,0.76,303.43,2496 - Radolfzell JC74408,Anas platyrhynchos
2013-07-24T00:00:44Z,47.7034118,9.1817025,0.29,0,2496 - Radolfzell JC74408,Anas platyrhynchos
2013-07-25T00:00:23Z,47.7026143,9.1850306,0.09,17.69,2496 - Radolfzell JC74408,Anas platyrhynchos
2013-07-26T00:00:31Z,47.7026261,9.184837,0.29,338.82,2496 - Radolfzell JC74408,Anas platyrhynchos
2013-07-27T00:00:17Z,47.7025956,9.1849605,0.29,344.72,2496 - Radolfzell JC74408,Anas platyrhynchos
2013-07-28T00:00:49Z,47.7026735,9.1865439,0.01,168.43,2496 - Radolfzell JC74408,Anas platyrhynchos
2013-07-29T00:00:49Z,47.7063764,9.190694,0.31,26.21,2496 - Radolfzell JC74408,Anas platyrhynchos
2013-07-30T00:00:25Z,47.7026575,9.1841503,0.05,348,2496 - Radolfzell JC74408,Anas platyrhynchos
2013-07-31T00:01:25Z,47.7025499,9.1850526,0.19,348.65,2496 - Radolfzell JC74408,Anas platyrhynchos
2013-07-23T15:12:21Z,47.7079313,9.192727,0.68,325.06,2497 - Radolfzell JC74415,Anas platyrhynchos
2013-07-24T00:00:13Z,47.7020541,9.1858471,0.27,20.97,2497 - Radolfzell JC74415,Anas platyrhynchos
2013-07-25T00:00:20Z,47.7015655,9.1858488,0.4,268.7,2497 - Radolfzell JC74415,Anas platyrhynchos
2013-07-26T00:00:49Z,47.7017406,9.1857397,0.19,156.63,2497 - Radolfzell JC74415,Anas platyrhynchos
2013-07-27T00:00:56Z,47.701761,9.1857544,0.04,29.49,2497 - Radolfzell JC74415,Anas platyrhynchos
2013-07-28T00:00:38Z,47.7017185,9.1858267,1.18,144.18,2497 - Radolfzell JC74415,Anas platyrhynchos
2013-07-29T00:01:44Z,47.7018005,9.1857253,0.29,3.28,2497 - Radolfzell JC74415,Anas platyrhynchos
2013-07-30T00:01:15Z,47.7017651,9.1858309,0.01,196.61,2497 - Radolfzell JC74415,Anas platyrhynchos
2013-07-31T00:00:50Z,47.702617,9.1850285,0.13,11.14,2497 - Radolfzell JC74415,Anas platyrhynchos
2013-08-01T00:00:16Z,47.7017652,9.1857956,0.12,2.62,2497 - Radolfzell JC74415,Anas platyrhynchos
2013-08-02T00:00:14Z,47.7025591,9.1843289,1.61,205.13,2497 - Radolfzell JC74415,Anas platyrhynchos
2013-08-03T00:00:24Z,47.7025854,9.1850339,0.21,36.7,2497 - Radolfzell JC74415,Anas platyrhynchos
2013-08-04T00:00:49Z,47.7032876,9.1819852,0.04,355.21,2497 - Radolfzell JC74415,Anas platyrhynchos
2013-08-05T00:00:49Z,47.7032669,9.1819776,0.63,6.55,2497 - Radolfzell JC74415,Anas platyrhynchos
2013-08-06T00:00:44Z,47.7033169,9.1820342,0.17,342.75,2497 - Radolfzell JC74415,Anas platyrhynchos
2013-08-07T00:00:17Z,47.7032581,9.1819919,0.15,5.9,2497 - Radolfzell JC74415,Anas platyrhynchos
2013-08-08T00:00:44Z,47.7033371,9.1820542,0.02,69.47,2497 - Radolfzell JC74415,Anas platyrhynchos
2013-08-09T00:00:32Z,47.7034172,9.1819686,0.35,0,2497 - Radolfzell JC74415,Anas platyrhynchos
2013-08-10T00:00:56Z,47.7032473,9.1820094,0.1,11.8,2497 - Radolfzell JC74415,Anas platyrhynchos
2013-08-11T00:00:25Z,47.7033069,9.181995,0.24,19.66,2497 - Radolfzell JC74415,Anas platyrhynchos
2013-08-12T00:00:41Z,47.7030854,9.1821571,0.01,154.01,2497 - Radolfzell JC74415,Anas platyrhynchos
2013-08-13T00:00:21Z,47.7025514,9.1850865,1.18,173.67,2497 - Radolfzell JC74415,Anas platyrhynchos
2013-08-14T00:00:16Z,47.7033097,9.1820153,0.64,129.11,2497 - Radolfzell JC74415,Anas platyrhynchos
2013-08-15T00:00:15Z,47.7026073,9.1850362,0.5,351.27,2497 - Radolfzell JC74415,Anas platyrhynchos
2013-08-16T00:00:14Z,47.7025826,9.1850807,0.3,355.86,2497 - Radolfzell JC74415,Anas platyrhynchos
2013-08-17T00:00:22Z,47.702683,9.1850565,0.42,54.39,2497 - Radolfzell JC74415,Anas platyrhynchos
2013-08-18T00:00:26Z,47.7029623,9.1844293,1.57,313.26,2497 - Radolfzell JC74415,Anas platyrhynchos
2013-08-19T00:00:19Z,47.7026005,9.1850484,0.22,184.16,2497 - Radolfzell JC74415,Anas platyrhynchos
2013-08-20T00:00:46Z,47.7032742,9.1820704,0.15,351.27,2497 - Radolfzell JC74415,Anas platyrhynchos
2013-08-21T00:00:12Z,47.7025853,9.1850154,0.22,11.14,2497 - Radolfzell JC74415,Anas platyrhynchos
2013-08-22T00:00:50Z,47.70255,9.1850519,0.05,22.28,2497 - Radolfzell JC74415,Anas platyrhynchos
2013-08-23T00:00:19Z,47.7025261,9.1850578,0.22,6.55,2497 - Radolfzell JC74415,Anas platyrhynchos
2013-08-24T00:00:18Z,47.702553,9.1850702,0.07,3.93,2497 - Radolfzell JC74415,Anas platyrhynchos
2013-08-25T00:00:56Z,47.7025407,9.1850932,0.1,8.52,2497 - Radolfzell JC74415,Anas platyrhynchos
2013-08-26T00:00:14Z,47.7025526,9.1850527,0.14,354.55,2497 - Radolfzell JC74415,Anas platyrhynchos
2013-08-27T00:00:32Z,47.7025544,9.1850502,0.57,31.46,2497 - Radolfzell JC74415,Anas platyrhynchos
2013-08-28T00:00:23Z,47.702576,9.1850119,0.11,3.28,2497 - Radolfzell JC74415,Anas platyrhynchos
2013-08-29T00:00:14Z,47.7025496,9.1850457,0.15,0,2497 - Radolfzell JC74415,Anas platyrhynchos
2013-08-30T00:00:48Z,47.702472,9.1851195,0.5,130.42,2497 - Radolfzell JC74415,Anas platyrhynchos
2013-08-31T00:00:12Z,47.7025905,9.185025,0.57,356.52,2497 - Radolfzell JC74415,Anas platyrhynchos
2013-09-01T00:00:40Z,47.7026376,9.1849616,0.23,325.71,2497 - Radolfzell JC74415,Anas platyrhynchos
2013-09-02T00:00:20Z,47.7025335,9.1851041,0.71,43.91,2497 - Radolfzell JC74415,Anas platyrhynchos
2013-09-03T00:00:50Z,47.7025919,9.1850305,0.21,357.83,2497 - Radolfzell JC74415,Anas platyrhynchos
2013-09-04T00:00:13Z,47.7025533,9.1850217,0.09,336.86,2497 - Radolfzell JC74415,Anas platyrhynchos
2013-09-05T00:00:10Z,47.7025655,9.1849132,0.31,357.83,2497 - Radolfzell JC74415,Anas platyrhynchos
2013-09-06T00:00:34Z,47.7025533,9.1849879,0.2,131.73,2497 - Radolfzell JC74415,Anas platyrhynchos
2013-09-07T00:00:19Z,47.702515,9.1849842,0.66,121.24,2497 - Radolfzell JC74415,Anas platyrhynchos
2013-09-08T00:00:31Z,47.7025211,9.1850316,0.45,308.02,2497 - Radolfzell JC74415,Anas platyrhynchos
2013-09-09T00:00:29Z,47.7025541,9.1850087,0.17,13.76,2497 - Radolfzell JC74415,Anas platyrhynchos
2013-09-10T00:00:14Z,47.7025668,9.1850077,0.08,24.9,2497 - Radolfzell JC74415,Anas platyrhynchos
2013-09-11T00:00:38Z,47.702509,9.1850256,0.11,80.61,2497 - Radolfzell JC74415,Anas platyrhynchos
2013-09-12T00:00:26Z,47.7025161,9.1850277,0.25,349.96,2497 - Radolfzell JC74415,Anas platyrhynchos
2013-09-13T00:00:27Z,47.7025616,9.184561,0.06,3.28,2497 - Radolfzell JC74415,Anas platyrhynchos
2013-09-14T00:00:55Z,47.7025473,9.1845855,0.11,323.09,2497 - Radolfzell JC74415,Anas platyrhynchos
2013-09-15T00:00:19Z,47.7025748,9.1847647,0.24,5.24,2497 - Radolfzell JC74415,Anas platyrhynchos
2013-09-16T00:00:29Z,47.7036643,9.1877093,0.52,327.68,2497 - Radolfzell JC74415,Anas platyrhynchos
2013-09-17T00:00:26Z,47.703419,9.1878524,0.11,4.59,2497 - Radolfzell JC74415,Anas platyrhynchos
2013-09-18T00:00:50Z,47.7025267,9.18454,0.28,17.69,2497 - Radolfzell JC74415,Anas platyrhynchos
2013-09-19T00:00:17Z,47.703433,9.1878046,0.13,340.79,2497 - Radolfzell JC74415,Anas platyrhynchos
2013-09-20T00:00:56Z,47.7034499,9.1877951,0.1,344.72,2497 - Radolfzell JC74415,Anas platyrhynchos
2013-09-21T00:00:17Z,47.7033414,9.1935597,0.43,227.41,2497 - Radolfzell JC74415,Anas platyrhynchos
2013-09-22T00:00:57Z,47.7025596,9.1845131,0.21,19.66,2497 - Radolfzell JC74415,Anas platyrhynchos
2013-09-23T00:00:56Z,47.7025028,9.1845465,0.12,332.92,2497 - Radolfzell JC74415,Anas platyrhynchos
2013-09-24T00:00:22Z,47.7032703,9.1819881,0.34,337.51,2497 - Radolfzell JC74415,Anas platyrhynchos
2013-09-25T00:00:50Z,47.7032444,9.1820143,0.05,358.48,2497 - Radolfzell JC74415,Anas platyrhynchos
2013-09-26T00:00:13Z,47.7025517,9.1845424,0.11,5.9,2497 - Radolfzell JC74415,Anas platyrhynchos
2013-09-27T00:00:16Z,47.7029853,9.1830694,0.05,9.18,2497 - Radolfzell JC74415,Anas platyrhynchos
2013-09-28T00:00:23Z,47.703018899999996,9.1830505,0.05,352.58,2497 - Radolfzell JC74415,Anas platyrhynchos
2013-09-29T00:00:20Z,47.7030166,9.1830571,0.1,3.93,2497 - Radolfzell JC74415,Anas platyrhynchos
2013-09-30T00:00:51Z,47.7029655,9.1830168,0.19,6.55,2497 - Radolfzell JC74415,Anas platyrhynchos
2013-10-01T00:00:50Z,47.7017094,9.1858926,0.16,121.9,2497 - Radolfzell JC74415,Anas platyrhynchos
2013-10-02T00:00:55Z,47.7016368,9.1859471,0.37,31.46,2497 - Radolfzell JC74415,Anas platyrhynchos
2013-10-03T00:01:00Z,47.701683,9.1859228,0.01,344.06,2497 - Radolfzell JC74415,Anas platyrhynchos
2013-10-04T00:00:24Z,47.7016677,9.185943,0.96,311.3,2497 - Radolfzell JC74415,Anas platyrhynchos
2013-10-05T00:00:10Z,47.7029821,9.1831215,0.08,336.86,2497 - Radolfzell JC74415,Anas platyrhynchos
2013-10-06T00:00:43Z,47.7029721,9.1830882,0.39,348,2497 - Radolfzell JC74415,Anas platyrhynchos
2013-10-07T00:00:24Z,47.7030075,9.1830123,0.64,321.78,2497 - Radolfzell JC74415,Anas platyrhynchos
2013-10-08T00:00:50Z,47.702950800000004,9.1830625,0.1,19.01,2497 - Radolfzell JC74415,Anas platyrhynchos
2013-10-09T00:00:56Z,47.702961,9.1830222,0.09,345.37,2497 - Radolfzell JC74415,Anas platyrhynchos
2013-10-10T00:00:49Z,47.7031989,9.1825722,0.6,334.23,2497 - Radolfzell JC74415,Anas platyrhynchos
2013-10-11T00:00:55Z,47.7029919,9.1830251,0.22,2.62,2497 - Radolfzell JC74415,Anas platyrhynchos
2013-10-12T00:00:56Z,47.7029583,9.1830206,0.22,337.51,2497 - Radolfzell JC74415,Anas platyrhynchos
2013-10-13T00:00:45Z,47.7029953,9.183025,0.24,349.31,2497 - Radolfzell JC74415,Anas platyrhynchos
2013-10-14T00:00:57Z,47.7029995,9.1830557,0.2,353.24,2497 - Radolfzell JC74415,Anas platyrhynchos
2013-10-15T00:00:51Z,47.702982,9.1830628,0.01,56.36,2497 - Radolfzell JC74415,Anas platyrhynchos
2013-10-16T00:00:50Z,47.7029902,9.1830567,0.22,11.14,2497 - Radolfzell JC74415,Anas platyrhynchos
2013-10-17T00:00:43Z,47.702952,9.1830429,0.17,0.66,2497 - Radolfzell JC74415,Anas platyrhynchos
2013-10-18T00:00:58Z,47.7028941,9.1831222,1.05,129.76,2497 - Radolfzell JC74415,Anas platyrhynchos
2013-10-19T00:00:16Z,47.7026282,9.1840145,0.08,357.83,2497 - Radolfzell JC74415,Anas platyrhynchos
2013-10-20T00:00:31Z,47.7029433,9.1830873,0.43,264.11,2497 - Radolfzell JC74415,Anas platyrhynchos
2013-10-21T00:00:13Z,47.702498,9.1846018,0.41,19.66,2497 - Radolfzell JC74415,Anas platyrhynchos
2013-10-22T00:00:28Z,47.7025944,9.1846198,0.08,357.17,2497 - Radolfzell JC74415,Anas platyrhynchos
2013-10-23T00:00:30Z,47.7029801,9.1830283,0.07,161.87,2497 - Radolfzell JC74415,Anas platyrhynchos
2013-10-24T00:30:27Z,47.7028975,9.1832252,0.49,359.14,2497 - Radolfzell JC74415,Anas platyrhynchos
2013-10-25T00:00:26Z,47.7025439,9.1845672,0.05,355.86,2497 - Radolfzell JC74415,Anas platyrhynchos
2013-10-26T00:00:10Z,47.702514,9.1845335,0.12,351.93,2497 - Radolfzell JC74415,Anas platyrhynchos
2013-10-27T00:00:14Z,47.7025287,9.1844637,0.01,356.52,2497 - Radolfzell JC74415,Anas platyrhynchos
2013-10-28T00:00:51Z,47.7029936,9.183056,0.29,348,2497 - Radolfzell JC74415,Anas platyrhynchos
2013-10-29T00:00:27Z,47.7028951,9.183187,0.8,357.83,2497 - Radolfzell JC74415,Anas platyrhynchos
2013-10-30T00:00:47Z,47.7029957,9.1829917,0.35,34.73,2497 - Radolfzell JC74415,Anas platyrhynchos
2013-10-31T00:00:56Z,47.7029745,9.1830515,0.22,9.83,2497 - Radolfzell JC74415,Anas platyrhynchos
2013-11-01T00:00:56Z,47.7029864,9.1830631,0.08,5.24,2497 - Radolfzell JC74415,Anas platyrhynchos
2013-11-02T00:00:55Z,47.7030637,9.1830461,0.25,342.1,2497 - Radolfzell JC74415,Anas platyrhynchos
2013-11-03T00:00:57Z,47.7029851,9.1830283,0.26,331.61,2497 - Radolfzell JC74415,Anas platyrhynchos
2013-11-04T00:00:22Z,47.7029642,9.1830542,0.43,55.05,2497 - Radolfzell JC74415,Anas platyrhynchos
2013-11-05T00:00:49Z,47.7030082,9.1830575,0.28,24.25,2497 - Radolfzell JC74415,Anas platyrhynchos
2013-11-06T00:00:18Z,47.7030449,9.183052,0.08,359.14,2497 - Radolfzell JC74415,Anas platyrhynchos
2013-11-07T00:00:50Z,47.7030474,9.1830541,0.26,330.3,2497 - Radolfzell JC74415,Anas platyrhynchos
2013-11-08T00:00:56Z,47.7026362,9.1844477,0.21,5.9,2497 - Radolfzell JC74415,Anas platyrhynchos
2013-11-09T00:00:50Z,47.7029751,9.18307,0.22,85.2,2497 - Radolfzell JC74415,Anas platyrhynchos
2013-11-10T00:00:44Z,47.7029961,9.1830102,0.19,344.72,2497 - Radolfzell JC74415,Anas platyrhynchos
2013-11-11T00:01:25Z,47.7030175,9.1830858,0.01,322.44,2497 - Radolfzell JC74415,Anas platyrhynchos
2013-11-12T00:00:50Z,47.7029654,9.1830502,0.07,355.21,2497 - Radolfzell JC74415,Anas platyrhynchos
2013-11-13T00:01:00Z,47.7030254,9.1830592,0.02,340.79,2497 - Radolfzell JC74415,Anas platyrhynchos
2013-11-14T00:00:56Z,47.7029841,9.1830617,0.28,319.82,2497 - Radolfzell JC74415,Anas platyrhynchos
2013-11-15T00:01:00Z,47.7029926,9.183062,0.09,338.17,2497 - Radolfzell JC74415,Anas platyrhynchos
2013-11-16T00:01:20Z,47.7029753,9.1830683,0.05,349.31,2497 - Radolfzell JC74415,Anas platyrhynchos
2013-11-17T00:00:55Z,47.7028834,9.1831074,1.29,176.95,2497 - Radolfzell JC74415,Anas platyrhynchos
2013-11-18T00:01:14Z,47.702951,9.1830685,0.09,356.52,2497 - Radolfzell JC74415,Anas platyrhynchos
2013-11-19T00:00:44Z,47.7030284,9.1830144,0.18,13.76,2497 - Radolfzell JC74415,Anas platyrhynchos
2013-11-20T00:00:43Z,47.70413,9.1882128,0.22,346.03,2497 - Radolfzell JC74415,Anas platyrhynchos
2013-11-21T00:00:56Z,47.7029681,9.1830701,0.27,17.69,2497 - Radolfzell JC74415,Anas platyrhynchos
2013-11-22T00:00:57Z,47.7029517,9.1830625,0.1,335.54,2497 - Radolfzell JC74415,Anas platyrhynchos
2013-11-23T00:00:50Z,47.702977,9.1830827,0.18,24.9,2497 - Radolfzell JC74415,Anas platyrhynchos
2013-11-24T00:00:55Z,47.702998,9.1827421,0.08,351.27,2497 - Radolfzell JC74415,Anas platyrhynchos
2013-11-25T00:01:25Z,47.7030192,9.1827212,0,333.58,2497 - Radolfzell JC74415,Anas platyrhynchos
2013-11-26T00:00:54Z,47.7030236,9.1827449,0,325.06,2497 - Radolfzell JC74415,Anas platyrhynchos
2013-11-27T00:00:56Z,47.7029617,9.1827508,0.04,351.93,2497 - Radolfzell JC74415,Anas platyrhynchos
2013-11-28T00:01:01Z,47.7043105,9.1879435,0,321.78,2497 - Radolfzell JC74415,Anas platyrhynchos
2013-11-29T00:00:56Z,47.7029893,9.1830347,0.12,359.14,2497 - Radolfzell JC74415,Anas platyrhynchos
2013-11-30T00:01:00Z,47.7030074,9.1827428,0,39.98,2497 - Radolfzell JC74415,Anas platyrhynchos
2013-12-01T00:00:56Z,47.70304,9.1827119,0.04,21.63,2497 - Radolfzell JC74415,Anas platyrhynchos
2013-12-02T00:00:55Z,47.7042607,9.1879843,0.33,29.49,2497 - Radolfzell JC74415,Anas platyrhynchos
2013-12-03T00:01:25Z,47.7043679,9.1880841,0.15,312.61,2497 - Radolfzell JC74415,Anas platyrhynchos
2013-12-04T00:01:20Z,47.7043685,9.1880437,0.17,323.75,2497 - Radolfzell JC74415,Anas platyrhynchos
2013-12-05T00:00:51Z,47.7043505,9.188123,0.31,106.82,2497 - Radolfzell JC74415,Anas platyrhynchos
2013-12-06T00:01:56Z,47.7043485,9.1879693,0.04,332.92,2497 - Radolfzell JC74415,Anas platyrhynchos
2013-12-07T00:00:45Z,47.7044487,9.1877744,0.78,138.94,2497 - Radolfzell JC74415,Anas platyrhynchos
2013-12-08T00:00:57Z,47.7044722,9.187782,0.19,350.62,2497 - Radolfzell JC74415,Anas platyrhynchos
2013-12-09T00:00:56Z,47.7044373,9.1881618,0.38,39.32,2497 - Radolfzell JC74415,Anas platyrhynchos
2013-12-10T01:00:50Z,47.70445,9.1880341,0.28,344.06,2497 - Radolfzell JC74415,Anas platyrhynchos
2013-07-23T15:14:56Z,47.7077458,9.19283,0.1,7.86,2498 - Radolfzell JC74419,Anas platyrhynchos
2013-07-24T00:00:55Z,47.7032149,9.1819134,0.22,359.79,2498 - Radolfzell JC74419,Anas platyrhynchos
2013-07-25T00:00:54Z,47.7025538,9.1850467,0.4,9.83,2498 - Radolfzell JC74419,Anas platyrhynchos
2013-07-26T00:00:10Z,47.7025493,9.1850067,0.13,22.28,2498 - Radolfzell JC74419,Anas platyrhynchos
2013-07-27T00:00:22Z,47.70257,9.1850397,0.25,348.65,2498 - Radolfzell JC74419,Anas platyrhynchos
2013-07-28T00:00:30Z,47.7026268,9.1865204,0.44,140.9,2498 - Radolfzell JC74419,Anas platyrhynchos
2013-07-29T00:00:40Z,47.7063392,9.1906038,0.15,287.05,2498 - Radolfzell JC74419,Anas platyrhynchos
2013-07-30T00:00:20Z,47.7032502,9.1819866,0.12,10.49,2498 - Radolfzell JC74419,Anas platyrhynchos
2013-07-31T00:00:17Z,47.7032877,9.1818898,0.12,304.74,2498 - Radolfzell JC74419,Anas platyrhynchos
2013-08-01T00:31:14Z,47.7075853,9.1950174,0.39,243.79,2498 - Radolfzell JC74419,Anas platyrhynchos
2013-08-02T03:01:35Z,47.7074811,9.1947279,0.62,106.17,2498 - Radolfzell JC74419,Anas platyrhynchos
2013-08-03T00:01:20Z,47.7074848,9.1945782,0.06,353.89,2498 - Radolfzell JC74419,Anas platyrhynchos
2013-08-04T00:00:55Z,47.7079574,9.195568,0.22,17.69,2498 - Radolfzell JC74419,Anas platyrhynchos
2013-08-05T00:01:14Z,47.7080609,9.1955398,0.73,41.94,2498 - Radolfzell JC74419,Anas platyrhynchos
2013-08-06T00:01:26Z,47.7077683,9.1956934,1.92,148.11,2498 - Radolfzell JC74419,Anas platyrhynchos
2013-08-07T03:01:56Z,47.7079799,9.1956387,0.13,19.66,2498 - Radolfzell JC74419,Anas platyrhynchos
2013-07-23T15:11:18Z,47.708017,9.1933113,0.87,329.65,2500 - Radolfzell JC62421,Anas platyrhynchos
2013-07-23T18:39:57Z,47.707579,9.1925507,0.07,209.72,2501 - Radolfzell JC74418,Anas platyrhynchos
2013-07-24T00:00:50Z,47.7034401,9.1817251,0.05,15.73,2501 - Radolfzell JC74418,Anas platyrhynchos
2013-07-25T00:00:26Z,47.7026526,9.1847478,0.6,296.88,2501 - Radolfzell JC74418,Anas platyrhynchos
2013-07-26T00:00:43Z,47.7025803,9.1850698,0.02,38.67,2501 - Radolfzell JC74418,Anas platyrhynchos
2013-07-27T00:00:25Z,47.7027452,9.1846452,0.51,319.82,2501 - Radolfzell JC74418,Anas platyrhynchos
2013-07-28T00:00:13Z,47.7026259,9.1865218,0.17,349.31,2501 - Radolfzell JC74418,Anas platyrhynchos
2013-07-29T00:00:56Z,47.7065193,9.1905918,0.26,148.77,2501 - Radolfzell JC74418,Anas platyrhynchos
2013-07-30T00:00:33Z,47.7030766,9.1819892,0.25,220.86,2501 - Radolfzell JC74418,Anas platyrhynchos
2013-07-31T00:00:56Z,47.7025678,9.1850609,0.08,1.97,2501 - Radolfzell JC74418,Anas platyrhynchos
2013-08-01T00:01:19Z,47.7046071,9.1870339,0.46,300.81,2501 - Radolfzell JC74418,Anas platyrhynchos
2013-08-02T00:01:26Z,47.702574,9.1850073,0.17,26.21,2501 - Radolfzell JC74418,Anas platyrhynchos
2013-08-03T00:00:49Z,47.7025415,9.1850004,0.11,334.89,2501 - Radolfzell JC74418,Anas platyrhynchos
2013-08-04T00:00:16Z,47.7032584,9.181892,0.47,6.55,2501 - Radolfzell JC74418,Anas platyrhynchos
2013-08-05T00:00:32Z,47.7033139,9.1819106,0.55,237.9,2501 - Radolfzell JC74418,Anas platyrhynchos
2013-08-06T00:00:48Z,47.7030535,9.181903,0.32,13.11,2501 - Radolfzell JC74418,Anas platyrhynchos
2013-08-07T00:00:17Z,47.7032909,9.1819959,0.16,34.08,2501 - Radolfzell JC74418,Anas platyrhynchos
2013-08-08T00:00:43Z,47.7033321,9.1820214,0.07,349.96,2501 - Radolfzell JC74418,Anas platyrhynchos
2013-08-09T00:00:24Z,47.7033545,9.1819771,0.64,0.66,2501 - Radolfzell JC74418,Anas platyrhynchos
2013-08-10T00:00:49Z,47.7032973,9.1820409,0.4,41.29,2501 - Radolfzell JC74418,Anas platyrhynchos
2013-08-11T00:00:15Z,47.7032302,9.1821039,0.78,332.27,2501 - Radolfzell JC74418,Anas platyrhynchos
2013-08-12T00:00:18Z,47.7033471,9.1820395,0.3,24.9,2501 - Radolfzell JC74418,Anas platyrhynchos
2013-08-13T00:00:51Z,47.7032664,9.1820743,0.4,133.04,2501 - Radolfzell JC74418,Anas platyrhynchos
2013-08-14T00:00:36Z,47.7032806,9.1820028,0.23,150.08,2501 - Radolfzell JC74418,Anas platyrhynchos
2013-08-15T00:00:33Z,47.7025758,9.1850423,0.2,341.44,2501 - Radolfzell JC74418,Anas platyrhynchos
2013-08-16T00:00:55Z,47.7024464,9.1852119,0.91,32.11,2501 - Radolfzell JC74418,Anas platyrhynchos
2013-08-17T00:00:20Z,47.7025056,9.1851158,0.21,346.69,2501 - Radolfzell JC74418,Anas platyrhynchos
2013-08-18T00:00:56Z,47.7025314,9.1850432,0.09,9.18,2501 - Radolfzell JC74418,Anas platyrhynchos
2013-08-19T00:00:18Z,47.7025226,9.185129,0.2,0.66,2501 - Radolfzell JC74418,Anas platyrhynchos
2013-08-20T00:00:44Z,47.7025114,9.1851166,0.29,351.93,2501 - Radolfzell JC74418,Anas platyrhynchos
2013-08-21T00:00:45Z,47.7026052,9.185057,0.01,183.5,2501 - Radolfzell JC74418,Anas platyrhynchos
2013-08-22T00:00:32Z,47.7025703,9.1850304,0.12,357.17,2501 - Radolfzell JC74418,Anas platyrhynchos
2013-08-23T00:00:55Z,47.7025678,9.1849954,0.37,18.35,2501 - Radolfzell JC74418,Anas platyrhynchos
2013-08-24T00:00:56Z,47.702625,9.1849271,0.29,37.36,2501 - Radolfzell JC74418,Anas platyrhynchos
2013-08-25T00:00:32Z,47.7025695,9.1850434,0.34,43.91,2501 - Radolfzell JC74418,Anas platyrhynchos
2013-08-26T00:00:56Z,47.7025141,9.185036,0.18,3.93,2501 - Radolfzell JC74418,Anas platyrhynchos
2013-08-27T00:00:45Z,47.7025642,9.1850797,0.27,19.01,2501 - Radolfzell JC74418,Anas platyrhynchos
2013-08-28T00:00:39Z,47.7025544,9.185023,0.18,346.03,2501 - Radolfzell JC74418,Anas platyrhynchos
2013-08-29T00:00:56Z,47.7025371,9.1850488,0.05,20.32,2501 - Radolfzell JC74418,Anas platyrhynchos
2013-08-30T00:01:14Z,47.7025654,9.1850396,0.29,23.59,2501 - Radolfzell JC74418,Anas platyrhynchos
2013-08-31T00:00:30Z,47.7025799,9.1850311,0.01,20.97,2501 - Radolfzell JC74418,Anas platyrhynchos
2013-09-01T00:00:34Z,47.7025896,9.1850285,0.22,14.42,2501 - Radolfzell JC74418,Anas platyrhynchos
2013-09-02T00:00:35Z,47.7025398,9.1849394,0.32,10.49,2501 - Radolfzell JC74418,Anas platyrhynchos
2013-09-03T00:00:56Z,47.7026122,9.1850141,0.1,19.66,2501 - Radolfzell JC74418,Anas platyrhynchos
2013-09-04T00:01:19Z,47.7026066,9.1849973,0.32,3.93,2501 - Radolfzell JC74418,Anas platyrhynchos
2013-09-05T00:00:55Z,47.702562,9.1850298,0.05,2.62,2501 - Radolfzell JC74418,Anas platyrhynchos
2013-09-06T00:00:49Z,47.7025758,9.1850103,0.43,355.86,2501 - Radolfzell JC74418,Anas platyrhynchos
2013-09-07T00:00:23Z,47.7025055,9.185013,0.23,345.37,2501 - Radolfzell JC74418,Anas platyrhynchos
2013-09-08T00:00:50Z,47.7026025,9.1850257,0.29,50.46,2501 - Radolfzell JC74418,Anas platyrhynchos
2013-09-09T00:00:50Z,47.7025472,9.1850271,0.42,1.31,2501 - Radolfzell JC74418,Anas platyrhynchos
2013-09-10T00:00:14Z,47.7026164,9.1846084,0.21,30.15,2501 - Radolfzell JC74418,Anas platyrhynchos
2013-09-11T00:00:56Z,47.702528,9.1850054,0.3,14.42,2501 - Radolfzell JC74418,Anas platyrhynchos
2013-09-12T00:00:38Z,47.7024847,9.1850198,0.29,7.21,2501 - Radolfzell JC74418,Anas platyrhynchos
2013-09-13T00:00:56Z,47.7025531,9.1845561,0.04,0.66,2501 - Radolfzell JC74418,Anas platyrhynchos
2013-09-14T00:00:52Z,47.7025694,9.1846539,1.39,355.86,2501 - Radolfzell JC74418,Anas platyrhynchos
2013-09-15T00:01:14Z,47.7025725,9.1845845,0.39,336.2,2501 - Radolfzell JC74418,Anas platyrhynchos
2013-09-16T00:00:46Z,47.7034201,9.1878994,0.11,38.01,2501 - Radolfzell JC74418,Anas platyrhynchos
2013-09-17T00:00:57Z,47.7034089,9.1878535,0.12,34.08,2501 - Radolfzell JC74418,Anas platyrhynchos
2013-09-18T00:00:43Z,47.7026805,9.1844039,0.21,319.16,2501 - Radolfzell JC74418,Anas platyrhynchos
2013-09-19T00:00:34Z,47.7034707,9.1877972,0.12,341.44,2501 - Radolfzell JC74418,Anas platyrhynchos
2013-09-20T00:00:56Z,47.7033511,9.1877628,0.32,12.45,2501 - Radolfzell JC74418,Anas platyrhynchos
2013-09-21T00:00:44Z,47.7033174,9.1879244,0.29,353.24,2501 - Radolfzell JC74418,Anas platyrhynchos
2013-09-22T00:00:34Z,47.702543,9.1844729,0.09,348.65,2501 - Radolfzell JC74418,Anas platyrhynchos
2013-09-23T00:00:23Z,47.7024347,9.1845466,0.33,163.18,2501 - Radolfzell JC74418,Anas platyrhynchos
2013-09-24T00:00:51Z,47.7032729,9.1819958,0.47,339.48,2501 - Radolfzell JC74418,Anas platyrhynchos
2013-07-23T15:11:55Z,47.7079638,9.1929971,0.88,329.65,2502 - Radolfzell JC74417,Anas platyrhynchos
2013-07-24T00:00:55Z,47.7024203,9.1853385,0.28,270.66,2502 - Radolfzell JC74417,Anas platyrhynchos
2013-07-25T00:00:49Z,47.702449,9.1844827,0.12,132.38,2502 - Radolfzell JC74417,Anas platyrhynchos
2013-07-26T00:01:26Z,47.7024512,9.1844939,0.33,352.58,2502 - Radolfzell JC74417,Anas platyrhynchos
2013-07-27T00:00:56Z,47.7025704,9.1844316,0.29,199.23,2502 - Radolfzell JC74417,Anas platyrhynchos
2013-07-28T00:00:58Z,47.7025023,9.1866035,1.28,167.77,2502 - Radolfzell JC74417,Anas platyrhynchos
2013-07-29T00:01:05Z,47.7063663,9.1906787,1.47,226.75,2502 - Radolfzell JC74417,Anas platyrhynchos
2013-07-30T00:00:12Z,47.7032466,9.1818513,0.17,5.9,2502 - Radolfzell JC74417,Anas platyrhynchos
2013-07-31T00:00:44Z,47.7032249,9.1820199,0.92,68.81,2502 - Radolfzell JC74417,Anas platyrhynchos
2013-08-01T00:00:21Z,47.7031987,9.1817909,0.97,344.72,2502 - Radolfzell JC74417,Anas platyrhynchos
2013-08-02T00:00:44Z,47.7082796,9.1799216,0.11,351.27,2502 - Radolfzell JC74417,Anas platyrhynchos
2013-08-03T00:00:27Z,47.7032107,9.1818151,0.55,21.63,2502 - Radolfzell JC74417,Anas platyrhynchos
2013-08-04T00:00:21Z,47.7030244,9.1830764,0.24,34.08,2502 - Radolfzell JC74417,Anas platyrhynchos
2013-08-05T00:00:24Z,47.7033015,9.1820015,0.3,6.55,2502 - Radolfzell JC74417,Anas platyrhynchos
2013-08-06T00:00:35Z,47.7032654,9.182009,0.12,327.02,2502 - Radolfzell JC74417,Anas platyrhynchos
2013-08-07T00:00:51Z,47.7033167,9.1820095,0.37,348.65,2502 - Radolfzell JC74417,Anas platyrhynchos
2013-08-08T00:00:24Z,47.7033417,9.1820469,0.36,349.31,2502 - Radolfzell JC74417,Anas platyrhynchos
2013-08-09T00:01:25Z,47.7032685,9.1820403,0.28,349.96,2502 - Radolfzell JC74417,Anas platyrhynchos
2013-08-10T00:00:44Z,47.7033201,9.182035,0.64,347.34,2502 - Radolfzell JC74417,Anas platyrhynchos
2013-08-11T00:30:55Z,47.7032831,9.1820878,0.7,340.79,2502 - Radolfzell JC74417,Anas platyrhynchos
2013-08-12T00:00:12Z,47.7034128,9.1820953,1.02,212.34,2502 - Radolfzell JC74417,Anas platyrhynchos
2013-08-13T00:00:56Z,47.7033173,9.1820173,0.24,322.44,2502 - Radolfzell JC74417,Anas platyrhynchos
2013-08-14T00:00:49Z,47.7032675,9.1820315,0.13,357.83,2502 - Radolfzell JC74417,Anas platyrhynchos
2013-08-15T00:00:50Z,47.7025595,9.1851204,0.15,5.24,2502 - Radolfzell JC74417,Anas platyrhynchos
2013-08-16T00:00:55Z,47.7025238,9.1849752,0.2,346.03,2502 - Radolfzell JC74417,Anas platyrhynchos
2013-08-17T00:00:13Z,47.7025715,9.1850233,0.16,346.69,2502 - Radolfzell JC74417,Anas platyrhynchos
2013-08-18T00:00:44Z,47.7024267,9.1852382,0.25,348.65,2502 - Radolfzell JC74417,Anas platyrhynchos
2013-08-19T00:00:51Z,47.7026075,9.1850735,0.48,7.21,2502 - Radolfzell JC74417,Anas platyrhynchos
2013-08-20T00:00:50Z,47.7025358,9.1853349,1.21,68.16,2502 - Radolfzell JC74417,Anas platyrhynchos
2013-08-21T00:00:14Z,47.7025666,9.1851017,0.37,3.28,2502 - Radolfzell JC74417,Anas platyrhynchos
2013-08-22T00:00:16Z,47.7025741,9.1850337,0.57,357.83,2502 - Radolfzell JC74417,Anas platyrhynchos
2013-08-23T00:00:22Z,47.7025482,9.1851441,0.62,19.66,2502 - Radolfzell JC74417,Anas platyrhynchos
2013-08-24T00:00:28Z,47.7025435,9.1850478,0.36,36.04,2502 - Radolfzell JC74417,Anas platyrhynchos
2013-08-25T00:00:21Z,47.7025691,9.1850439,0.09,27.53,2502 - Radolfzell JC74417,Anas platyrhynchos
2013-08-26T00:00:56Z,47.7026357,9.1850981,0.85,5.24,2502 - Radolfzell JC74417,Anas platyrhynchos
2013-08-27T00:00:32Z,47.7025715,9.1850423,0.25,14.42,2502 - Radolfzell JC74417,Anas platyrhynchos
2013-08-28T00:00:18Z,47.702547,9.1850782,0.05,8.52,2502 - Radolfzell JC74417,Anas platyrhynchos
2013-08-29T00:00:30Z,47.7025792,9.1850512,0.25,351.27,2502 - Radolfzell JC74417,Anas platyrhynchos
2013-08-30T00:00:23Z,47.702411,9.1850855,0.7,49.81,2502 - Radolfzell JC74417,Anas platyrhynchos
2013-08-31T00:00:54Z,47.7025637,9.1850269,0.14,334.89,2502 - Radolfzell JC74417,Anas platyrhynchos
2013-09-01T00:00:50Z,47.7025854,9.1849718,0.06,346.69,2502 - Radolfzell JC74417,Anas platyrhynchos
2013-09-02T00:00:16Z,47.7025109,9.1850203,0.18,334.89,2502 - Radolfzell JC74417,Anas platyrhynchos
2013-09-03T00:00:30Z,47.7025865,9.1850238,0.05,351.27,2502 - Radolfzell JC74417,Anas platyrhynchos
2013-09-04T00:00:18Z,47.7024684,9.1850331,0.23,291.64,2502 - Radolfzell JC74417,Anas platyrhynchos
2013-09-05T00:00:57Z,47.702407,9.1845948,0.4,338.82,2502 - Radolfzell JC74417,Anas platyrhynchos
2013-09-06T00:00:19Z,47.7025288,9.1850416,0.17,32.11,2502 - Radolfzell JC74417,Anas platyrhynchos
2013-09-07T00:00:20Z,47.702627,9.1850303,0.41,11.14,2502 - Radolfzell JC74417,Anas platyrhynchos
2013-09-08T00:00:49Z,47.7025589,9.1850263,0.08,348,2502 - Radolfzell JC74417,Anas platyrhynchos
2013-09-09T00:00:27Z,47.7025344,9.1850025,0.56,313.92,2502 - Radolfzell JC74417,Anas platyrhynchos
2013-09-10T00:00:44Z,47.7026066,9.1846148,0.26,325.71,2502 - Radolfzell JC74417,Anas platyrhynchos
2013-09-11T00:00:21Z,47.7026162,9.1849617,0.04,353.89,2502 - Radolfzell JC74417,Anas platyrhynchos
2013-09-12T00:00:43Z,47.7025508,9.1850318,0.06,24.25,2502 - Radolfzell JC74417,Anas platyrhynchos
2013-09-13T00:00:49Z,47.7026101,9.1845639,0.16,0.66,2502 - Radolfzell JC74417,Anas platyrhynchos
2013-09-14T00:00:51Z,47.7025486,9.1845634,0.08,81.26,2502 - Radolfzell JC74417,Anas platyrhynchos
2013-09-15T00:00:50Z,47.7025681,9.1845713,0.05,148.77,2502 - Radolfzell JC74417,Anas platyrhynchos
2013-09-16T00:00:24Z,47.7035041,9.1879409,0.28,315.23,2502 - Radolfzell JC74417,Anas platyrhynchos
2013-09-17T00:00:50Z,47.703443,9.1878553,0.27,12.45,2502 - Radolfzell JC74417,Anas platyrhynchos
2013-09-18T00:00:50Z,47.7024938,9.1845383,0.13,18.35,2502 - Radolfzell JC74417,Anas platyrhynchos
2013-09-19T00:00:44Z,47.7034598,9.1878138,0.39,1.97,2502 - Radolfzell JC74417,Anas platyrhynchos
2013-09-20T00:00:55Z,47.7034719,9.1878125,0.15,348.65,2502 - Radolfzell JC74417,Anas platyrhynchos
2013-09-21T06:00:49Z,47.7037208,9.1879608,0.2,357.83,2502 - Radolfzell JC74417,Anas platyrhynchos
2013-09-22T00:00:22Z,47.7020093,9.1851918,6.84,133.69,2502 - Radolfzell JC74417,Anas platyrhynchos
2013-09-23T00:00:32Z,47.7025729,9.1844954,0.11,187.43,2502 - Radolfzell JC74417,Anas platyrhynchos
2013-09-24T00:00:16Z,47.7032877,9.1819974,0.31,4.59,2502 - Radolfzell JC74417,Anas platyrhynchos
2007-11-23T23:00:00Z,47.73017,8.9995,NA,NA,Argos 77188A,Anas platyrhynchos
2007-11-24T05:00:00Z,47.73017,8.9995,NA,NA,Argos 77188A,Anas platyrhynchos
2007-11-26T05:00:00Z,47.73017,8.9995,NA,NA,Argos 77188A,Anas platyrhynchos
2007-11-27T05:00:00Z,47.73,8.9996,NA,NA,Argos 77188A,Anas platyrhynchos
2007-11-23T09:00:00Z,47.73017,8.9995,NA,NA,Argos 77189A,Anas platyrhynchos
2007-11-24T09:00:00Z,47.73,8.9995,NA,NA,Argos 77189A,Anas platyrhynchos
2007-11-25T05:00:00Z,47.73017,8.9995,NA,NA,Argos 77189A,Anas platyrhynchos
2007-11-26T09:00:00Z,47.73,8.9995,NA,NA,Argos 77189A,Anas platyrhynchos
2007-11-27T09:00:00Z,47.73,8.9995,NA,NA,Argos 77189A,Anas platyrhynchos
2008-02-02T13:00:00Z,47.739,8.9851,NA,NA,Argos 77189A,Anas platyrhynchos
2008-02-04T13:00:00Z,47.696,9.012,NA,NA,Argos 77189A,Anas platyrhynchos
2008-02-17T05:00:00Z,47.7295,8.99,NA,NA,Argos 77189A,Anas platyrhynchos
2008-02-18T05:00:00Z,47.74117,8.9971,NA,NA,Argos 77189A,Anas platyrhynchos
2008-02-19T05:00:00Z,47.741,8.9973,NA,NA,Argos 77189A,Anas platyrhynchos
2008-03-03T17:00:00Z,47.73083,8.9861,NA,NA,Argos 77189A,Anas platyrhynchos
2008-03-04T13:00:00Z,47.73033,8.9873,NA,NA,Argos 77189A,Anas platyrhynchos
2008-03-05T13:00:00Z,47.7295,8.9885,NA,NA,Argos 77189A,Anas platyrhynchos
2008-03-12T09:00:00Z,47.73083,8.993,NA,NA,Argos 77189A,Anas platyrhynchos
2008-03-13T09:00:00Z,47.7295,8.989,NA,NA,Argos 77189A,Anas platyrhynchos
2008-03-14T09:00:00Z,47.72933,8.9891,NA,NA,Argos 77189A,Anas platyrhynchos
2008-03-15T09:00:00Z,47.72933,8.9888,NA,NA,Argos 77189A,Anas platyrhynchos
2008-03-23T09:00:00Z,47.80417,8.6661,NA,NA,Argos 77189A,Anas platyrhynchos
2008-03-24T09:00:00Z,47.79833,8.6706,NA,NA,Argos 77189A,Anas platyrhynchos
2008-03-31T13:00:00Z,47.8065,8.74,NA,NA,Argos 77189A,Anas platyrhynchos
2008-04-03T09:00:00Z,47.8065,8.7398,NA,NA,Argos 77189A,Anas platyrhynchos
2008-04-04T09:00:00Z,47.80617,8.7401,NA,NA,Argos 77189A,Anas platyrhynchos
2008-04-05T09:00:00Z,47.80633,8.7401,NA,NA,Argos 77189A,Anas platyrhynchos
2008-04-06T09:00:00Z,47.8065,8.74,NA,NA,Argos 77189A,Anas platyrhynchos
2008-04-07T09:00:00Z,47.8065,8.693,NA,NA,Argos 77189A,Anas platyrhynchos
2008-04-08T09:00:00Z,47.80817,8.693,NA,NA,Argos 77189A,Anas platyrhynchos
2008-04-09T13:00:00Z,47.806,8.7401,NA,NA,Argos 77189A,Anas platyrhynchos
2008-04-10T09:00:00Z,47.81183,8.6881,NA,NA,Argos 77189A,Anas platyrhynchos
2008-04-11T13:00:00Z,47.80717,8.74,NA,NA,Argos 77189A,Anas platyrhynchos
2008-04-12T23:00:00Z,47.80667,8.7403,NA,NA,Argos 77189A,Anas platyrhynchos
2008-04-13T05:00:00Z,47.79883,8.7456,NA,NA,Argos 77189A,Anas platyrhynchos
2008-04-14T05:00:00Z,47.80667,8.7401,NA,NA,Argos 77189A,Anas platyrhynchos
2008-04-15T05:00:00Z,47.809,8.7346,NA,NA,Argos 77189A,Anas platyrhynchos
2008-04-16T09:00:00Z,47.80517,8.7401,NA,NA,Argos 77189A,Anas platyrhynchos
2008-04-17T09:00:00Z,47.805,8.741,NA,NA,Argos 77189A,Anas platyrhynchos
2008-04-19T09:00:00Z,47.80517,8.7401,NA,NA,Argos 77189A,Anas platyrhynchos
2008-04-20T09:00:00Z,47.80517,8.7405,NA,NA,Argos 77189A,Anas platyrhynchos
2008-04-21T05:00:00Z,47.80517,8.7411,NA,NA,Argos 77189A,Anas platyrhynchos
2008-04-23T13:00:00Z,47.80483,8.7406,NA,NA,Argos 77189A,Anas platyrhynchos
2008-04-24T13:00:00Z,47.805,8.7411,NA,NA,Argos 77189A,Anas platyrhynchos
2008-04-25T05:00:00Z,47.81117,8.7363,NA,NA,Argos 77189A,Anas platyrhynchos
2008-04-26T17:00:00Z,47.8075,8.7443,NA,NA,Argos 77189A,Anas platyrhynchos
2008-04-27T17:00:00Z,47.807,8.7315,NA,NA,Argos 77189A,Anas platyrhynchos
2008-04-30T17:00:00Z,47.804,8.738,NA,NA,Argos 77189A,Anas platyrhynchos
2008-05-06T05:00:00Z,47.804,8.7376,NA,NA,Argos 77189A,Anas platyrhynchos
2008-05-07T17:00:00Z,47.80383,8.7365,NA,NA,Argos 77189A,Anas platyrhynchos
2008-05-08T05:00:00Z,47.8035,8.735,NA,NA,Argos 77189A,Anas platyrhynchos
2008-05-09T05:00:00Z,47.80383,8.734,NA,NA,Argos 77189A,Anas platyrhynchos
2008-05-10T05:00:00Z,47.8035,8.7366,NA,NA,Argos 77189A,Anas platyrhynchos
2008-05-28T17:00:00Z,47.731,8.9923,NA,NA,Argos 77189A,Anas platyrhynchos
2008-05-29T09:00:00Z,47.73267,8.9906,NA,NA,Argos 77189A,Anas platyrhynchos
2008-05-30T09:00:00Z,47.73,8.9936,NA,NA,Argos 77189A,Anas platyrhynchos
2008-05-31T09:00:00Z,47.73867,8.9845,NA,NA,Argos 77189A,Anas platyrhynchos
2008-06-01T05:00:00Z,47.7415,8.9825,NA,NA,Argos 77189A,Anas platyrhynchos
2008-06-02T05:00:00Z,47.7415,8.9825,NA,NA,Argos 77189A,Anas platyrhynchos
2008-06-03T05:00:00Z,47.74133,8.9823,NA,NA,Argos 77189A,Anas platyrhynchos
2008-06-04T09:00:00Z,47.73067,8.992,NA,NA,Argos 77189A,Anas platyrhynchos
2008-06-05T05:00:00Z,47.7385,8.9848,NA,NA,Argos 77189A,Anas platyrhynchos
2008-06-06T05:00:00Z,47.73833,8.9843,NA,NA,Argos 77189A,Anas platyrhynchos
2008-06-07T05:00:00Z,47.739,9.0005,NA,NA,Argos 77189A,Anas platyrhynchos
2008-06-08T05:00:00Z,47.73917,9.0005,NA,NA,Argos 77189A,Anas platyrhynchos
2008-06-09T05:00:00Z,47.73917,9.0005,NA,NA,Argos 77189A,Anas platyrhynchos
2008-06-11T17:00:00Z,47.73917,9.0005,NA,NA,Argos 77189A,Anas platyrhynchos
2008-06-14T17:00:00Z,47.73067,8.9923,NA,NA,Argos 77189A,Anas platyrhynchos
2008-06-15T17:00:00Z,47.7305,8.992,NA,NA,Argos 77189A,Anas platyrhynchos
2008-06-17T05:00:00Z,47.73883,9.0011,NA,NA,Argos 77189A,Anas platyrhynchos
2008-06-18T05:00:00Z,47.731,8.9923,NA,NA,Argos 77189A,Anas platyrhynchos
2008-06-19T05:00:00Z,47.7285,8.9923,NA,NA,Argos 77189A,Anas platyrhynchos
2008-06-20T05:00:00Z,47.731,8.9918,NA,NA,Argos 77189A,Anas platyrhynchos
2008-06-21T09:00:00Z,47.73083,8.9918,NA,NA,Argos 77189A,Anas platyrhynchos
2008-06-22T05:00:00Z,47.73067,8.9921,NA,NA,Argos 77189A,Anas platyrhynchos
2008-06-23T05:00:00Z,47.73083,8.9921,NA,NA,Argos 77189A,Anas platyrhynchos
2008-06-24T05:00:00Z,47.73067,8.992,NA,NA,Argos 77189A,Anas platyrhynchos
2008-06-25T05:00:00Z,47.73083,8.9918,NA,NA,Argos 77189A,Anas platyrhynchos
2008-06-26T05:00:00Z,47.73083,8.9918,NA,NA,Argos 77189A,Anas platyrhynchos
2008-06-27T05:00:00Z,47.73083,8.992,NA,NA,Argos 77189A,Anas platyrhynchos
2008-06-28T05:00:00Z,47.73083,8.992,NA,NA,Argos 77189A,Anas platyrhynchos
2008-06-29T05:00:00Z,47.73067,8.9926,NA,NA,Argos 77189A,Anas platyrhynchos
2008-06-30T09:00:00Z,47.73083,8.9923,NA,NA,Argos 77189A,Anas platyrhynchos
2008-07-01T17:00:00Z,47.73083,8.9923,NA,NA,Argos 77189A,Anas platyrhynchos
2008-07-02T13:00:00Z,47.73033,8.9926,NA,NA,Argos 77189A,Anas platyrhynchos
2008-07-03T05:00:00Z,47.73083,8.9916,NA,NA,Argos 77189A,Anas platyrhynchos
2008-07-04T05:00:00Z,47.73083,8.9913,NA,NA,Argos 77189A,Anas platyrhynchos
2008-07-05T05:00:00Z,47.73067,8.9918,NA,NA,Argos 77189A,Anas platyrhynchos
2008-07-06T05:00:00Z,47.7385,8.9846,NA,NA,Argos 77189A,Anas platyrhynchos
2008-07-07T13:00:00Z,47.73917,8.985,NA,NA,Argos 77189A,Anas platyrhynchos
2008-07-08T05:00:00Z,47.7415,8.9825,NA,NA,Argos 77189A,Anas platyrhynchos
2008-07-09T05:00:00Z,47.74167,8.9823,NA,NA,Argos 77189A,Anas platyrhynchos
2008-07-10T05:00:00Z,47.7385,8.985,NA,NA,Argos 77189A,Anas platyrhynchos
2008-07-11T05:00:00Z,47.7415,8.9825,NA,NA,Argos 77189A,Anas platyrhynchos
2008-07-12T05:00:00Z,47.73867,8.9848,NA,NA,Argos 77189A,Anas platyrhynchos
2008-07-14T05:00:00Z,47.74167,8.9825,NA,NA,Argos 77189A,Anas platyrhynchos
2008-07-15T05:00:00Z,47.73783,8.9856,NA,NA,Argos 77189A,Anas platyrhynchos
2008-07-16T13:00:00Z,47.7415,8.9821,NA,NA,Argos 77189A,Anas platyrhynchos
2008-07-17T09:00:00Z,47.73917,9.0005,NA,NA,Argos 77189A,Anas platyrhynchos
2008-07-18T09:00:00Z,47.7415,8.9828,NA,NA,Argos 77189A,Anas platyrhynchos
2008-07-19T05:00:00Z,47.73783,8.9858,NA,NA,Argos 77189A,Anas platyrhynchos
2008-07-20T05:00:00Z,47.742,8.982,NA,NA,Argos 77189A,Anas platyrhynchos
2008-07-21T05:00:00Z,47.738,8.9858,NA,NA,Argos 77189A,Anas platyrhynchos
2008-07-22T09:00:00Z,47.73833,8.9855,NA,NA,Argos 77189A,Anas platyrhynchos
2008-07-23T05:00:00Z,47.73783,8.9858,NA,NA,Argos 77189A,Anas platyrhynchos
2008-07-24T05:00:00Z,47.74117,8.9823,NA,NA,Argos 77189A,Anas platyrhynchos
2008-07-25T23:00:00Z,47.73083,8.9925,NA,NA,Argos 77189A,Anas platyrhynchos
2008-07-26T05:00:00Z,47.74167,8.9825,NA,NA,Argos 77189A,Anas platyrhynchos
2008-07-27T05:00:00Z,47.74167,8.9825,NA,NA,Argos 77189A,Anas platyrhynchos
2008-07-28T05:00:00Z,47.74167,8.9821,NA,NA,Argos 77189A,Anas platyrhynchos
2008-07-29T05:00:00Z,47.74167,8.9823,NA,NA,Argos 77189A,Anas platyrhynchos
2008-07-30T05:00:00Z,47.7415,8.9821,NA,NA,Argos 77189A,Anas platyrhynchos
2008-08-01T05:00:00Z,47.738,8.9858,NA,NA,Argos 77189A,Anas platyrhynchos
2008-08-04T05:00:00Z,47.73817,8.9853,NA,NA,Argos 77189A,Anas platyrhynchos
2008-08-07T05:00:00Z,47.74133,8.9828,NA,NA,Argos 77189A,Anas platyrhynchos
2008-08-09T05:00:00Z,47.7415,8.982,NA,NA,Argos 77189A,Anas platyrhynchos
2008-08-10T05:00:00Z,47.7415,8.9821,NA,NA,Argos 77189A,Anas platyrhynchos
2008-08-11T05:00:00Z,47.74133,8.982,NA,NA,Argos 77189A,Anas platyrhynchos
2008-08-12T05:00:00Z,47.74133,8.982,NA,NA,Argos 77189A,Anas platyrhynchos
2008-08-13T05:00:00Z,47.7415,8.9821,NA,NA,Argos 77189A,Anas platyrhynchos
2008-08-14T05:00:00Z,47.74133,8.982,NA,NA,Argos 77189A,Anas platyrhynchos
2008-08-27T13:00:00Z,47.73783,8.9858,NA,NA,Argos 77189A,Anas platyrhynchos
2008-08-28T13:00:00Z,47.73767,8.986,NA,NA,Argos 77189A,Anas platyrhynchos
2008-08-29T13:00:00Z,47.73783,8.9858,NA,NA,Argos 77189A,Anas platyrhynchos
2008-08-31T09:00:00Z,47.73783,8.9861,NA,NA,Argos 77189A,Anas platyrhynchos
2008-09-01T05:00:00Z,47.73817,8.9858,NA,NA,Argos 77189A,Anas platyrhynchos
2008-09-02T05:00:00Z,47.73767,8.9856,NA,NA,Argos 77189A,Anas platyrhynchos
2008-09-03T13:00:00Z,47.73767,8.986,NA,NA,Argos 77189A,Anas platyrhynchos
2008-09-04T05:00:00Z,47.73783,8.9858,NA,NA,Argos 77189A,Anas platyrhynchos
2008-09-09T05:00:00Z,47.73783,8.9858,NA,NA,Argos 77189A,Anas platyrhynchos
2008-09-10T17:00:00Z,47.73783,8.9858,NA,NA,Argos 77189A,Anas platyrhynchos
2008-09-11T05:00:00Z,47.74167,8.9825,NA,NA,Argos 77189A,Anas platyrhynchos
2008-09-12T05:00:00Z,47.74167,8.9826,NA,NA,Argos 77189A,Anas platyrhynchos
2008-09-13T05:00:00Z,47.74167,8.9826,NA,NA,Argos 77189A,Anas platyrhynchos
2008-09-19T17:00:00Z,47.7285,8.992,NA,NA,Argos 77189A,Anas platyrhynchos
2008-09-20T13:00:00Z,47.74133,8.9825,NA,NA,Argos 77189A,Anas platyrhynchos
2008-09-21T09:00:00Z,47.7415,8.9825,NA,NA,Argos 77189A,Anas platyrhynchos
2008-09-22T05:00:00Z,47.74133,8.9821,NA,NA,Argos 77189A,Anas platyrhynchos
2008-09-23T05:00:00Z,47.74167,8.9823,NA,NA,Argos 77189A,Anas platyrhynchos
2008-09-24T09:00:00Z,47.7415,8.9823,NA,NA,Argos 77189A,Anas platyrhynchos
2008-09-25T05:00:00Z,47.74167,8.9826,NA,NA,Argos 77189A,Anas platyrhynchos
2008-09-26T09:00:00Z,47.738,8.9851,NA,NA,Argos 77189A,Anas platyrhynchos
2008-09-27T05:00:00Z,47.731,8.9855,NA,NA,Argos 77189A,Anas platyrhynchos
2008-09-28T09:00:00Z,47.72867,8.992,NA,NA,Argos 77189A,Anas platyrhynchos
2008-09-29T05:00:00Z,47.7285,8.992,NA,NA,Argos 77189A,Anas platyrhynchos
2008-10-15T05:00:00Z,47.731,8.9923,NA,NA,Argos 77189A,Anas platyrhynchos
2008-10-18T13:00:00Z,47.72283,9.005,NA,NA,Argos 77189A,Anas platyrhynchos
2008-10-19T05:00:00Z,47.72167,9.006,NA,NA,Argos 77189A,Anas platyrhynchos
2008-10-20T05:00:00Z,47.73233,9.0006,NA,NA,Argos 77189A,Anas platyrhynchos
2008-10-21T17:00:00Z,47.73067,8.993,NA,NA,Argos 77189A,Anas platyrhynchos
2008-10-23T17:00:00Z,47.7305,8.9935,NA,NA,Argos 77189A,Anas platyrhynchos
2008-10-24T05:00:00Z,47.73067,8.9931,NA,NA,Argos 77189A,Anas platyrhynchos
2008-10-25T05:00:00Z,47.7325,9.001,NA,NA,Argos 77189A,Anas platyrhynchos
2008-11-10T23:00:00Z,47.73117,8.9855,NA,NA,Argos 77189A,Anas platyrhynchos
2008-11-11T23:00:00Z,47.73117,8.9856,NA,NA,Argos 77189A,Anas platyrhynchos
2008-11-12T23:00:00Z,47.731,8.9855,NA,NA,Argos 77189A,Anas platyrhynchos
2008-11-13T23:00:00Z,47.731,8.9856,NA,NA,Argos 77189A,Anas platyrhynchos
2008-11-14T23:00:00Z,47.73117,8.9855,NA,NA,Argos 77189A,Anas platyrhynchos
2008-11-15T05:00:00Z,47.731,8.9855,NA,NA,Argos 77189A,Anas platyrhynchos
2008-11-16T05:00:00Z,47.73117,8.9856,NA,NA,Argos 77189A,Anas platyrhynchos
2008-11-17T05:00:00Z,47.731,8.9855,NA,NA,Argos 77189A,Anas platyrhynchos
2008-11-18T05:00:00Z,47.73117,8.9855,NA,NA,Argos 77189A,Anas platyrhynchos
2008-11-19T05:00:00Z,47.73117,8.9856,NA,NA,Argos 77189A,Anas platyrhynchos
2008-11-20T05:00:00Z,47.731,8.9856,NA,NA,Argos 77189A,Anas platyrhynchos
2008-11-21T05:00:00Z,47.73117,8.9856,NA,NA,Argos 77189A,Anas platyrhynchos
2008-11-22T05:00:00Z,47.731,8.9855,NA,NA,Argos 77189A,Anas platyrhynchos
2008-11-23T05:00:00Z,47.73117,8.9856,NA,NA,Argos 77189A,Anas platyrhynchos
2008-11-24T05:00:00Z,47.73117,8.9856,NA,NA,Argos 77189A,Anas platyrhynchos
2008-11-25T05:00:00Z,47.73117,8.9856,NA,NA,Argos 77189A,Anas platyrhynchos
2008-11-26T05:00:00Z,47.731,8.9856,NA,NA,Argos 77189A,Anas platyrhynchos
2008-11-27T05:00:00Z,47.731,8.9856,NA,NA,Argos 77189A,Anas platyrhynchos
2008-11-28T05:00:00Z,47.73117,8.9856,NA,NA,Argos 77189A,Anas platyrhynchos
2008-11-29T05:00:00Z,47.73117,8.9856,NA,NA,Argos 77189A,Anas platyrhynchos
2007-11-23T13:00:00Z,47.73017,8.9995,NA,NA,Argos 77190A,Anas platyrhynchos
2007-11-24T05:00:00Z,47.73033,8.9996,NA,NA,Argos 77190A,Anas platyrhynchos
2007-11-25T05:00:00Z,47.73,8.9996,NA,NA,Argos 77190A,Anas platyrhynchos
2007-11-26T13:00:00Z,47.73,8.9995,NA,NA,Argos 77190A,Anas platyrhynchos
2007-11-27T05:00:00Z,47.73017,8.9995,NA,NA,Argos 77190A,Anas platyrhynchos
2007-09-05T14:00:00Z,47.73767,8.9858,NA,NA,Argos 77191A,Anas platyrhynchos
2007-09-06T02:00:00Z,47.73367,8.9965,NA,NA,Argos 77191A,Anas platyrhynchos
2007-09-07T02:00:00Z,47.72733,8.9406,NA,NA,Argos 77191A,Anas platyrhynchos
2007-09-08T02:00:00Z,47.72717,8.9403,NA,NA,Argos 77191A,Anas platyrhynchos
2007-09-09T08:00:00Z,47.727,8.9405,NA,NA,Argos 77191A,Anas platyrhynchos
2007-09-10T08:00:00Z,47.727,8.9403,NA,NA,Argos 77191A,Anas platyrhynchos
2007-09-11T11:00:00Z,47.72683,8.94,NA,NA,Argos 77191A,Anas platyrhynchos
2007-09-12T11:00:00Z,47.7265,8.9398,NA,NA,Argos 77191A,Anas platyrhynchos
2007-09-13T08:00:00Z,47.72683,8.9403,NA,NA,Argos 77191A,Anas platyrhynchos
2007-09-14T08:00:00Z,47.72717,8.9415,NA,NA,Argos 77191A,Anas platyrhynchos
2007-09-16T02:00:00Z,47.72733,8.94,NA,NA,Argos 77191A,Anas platyrhynchos
2007-09-17T02:00:00Z,47.72733,8.9403,NA,NA,Argos 77191A,Anas platyrhynchos
2007-09-18T02:00:00Z,47.7275,8.94,NA,NA,Argos 77191A,Anas platyrhynchos
2007-09-19T02:00:00Z,47.72717,8.9393,NA,NA,Argos 77191A,Anas platyrhynchos
2007-09-20T05:00:00Z,47.72683,8.94,NA,NA,Argos 77191A,Anas platyrhynchos
2007-09-21T05:00:00Z,47.72733,8.9398,NA,NA,Argos 77191A,Anas platyrhynchos
2007-09-22T02:00:00Z,47.72717,8.9395,NA,NA,Argos 77191A,Anas platyrhynchos
2007-09-23T02:00:00Z,47.72733,8.9401,NA,NA,Argos 77191A,Anas platyrhynchos
2007-09-24T02:00:00Z,47.72733,8.9393,NA,NA,Argos 77191A,Anas platyrhynchos
2007-09-25T02:00:00Z,47.727,8.9393,NA,NA,Argos 77191A,Anas platyrhynchos
2007-09-26T02:00:00Z,47.72717,8.9391,NA,NA,Argos 77191A,Anas platyrhynchos
2007-09-27T02:00:00Z,47.72717,8.9393,NA,NA,Argos 77191A,Anas platyrhynchos
2007-09-28T02:00:00Z,47.72717,8.9393,NA,NA,Argos 77191A,Anas platyrhynchos
2007-09-29T02:00:00Z,47.72717,8.9395,NA,NA,Argos 77191A,Anas platyrhynchos
2007-09-30T05:00:00Z,47.7265,8.9381,NA,NA,Argos 77191A,Anas platyrhynchos
2007-10-01T05:00:00Z,47.72683,8.938,NA,NA,Argos 77191A,Anas platyrhynchos
2007-10-02T05:00:00Z,47.727,8.9393,NA,NA,Argos 77191A,Anas platyrhynchos
2007-10-03T05:00:00Z,47.7265,8.9383,NA,NA,Argos 77191A,Anas platyrhynchos
2007-10-04T05:00:00Z,47.727,8.9411,NA,NA,Argos 77191A,Anas platyrhynchos
2007-10-05T17:00:00Z,47.72683,8.9383,NA,NA,Argos 77191A,Anas platyrhynchos
2007-10-06T02:00:00Z,47.72683,8.9385,NA,NA,Argos 77191A,Anas platyrhynchos
2007-10-07T02:00:00Z,47.72717,8.9393,NA,NA,Argos 77191A,Anas platyrhynchos
2007-10-08T17:00:00Z,47.7265,8.9385,NA,NA,Argos 77191A,Anas platyrhynchos
2007-10-09T02:00:00Z,47.72733,8.9403,NA,NA,Argos 77191A,Anas platyrhynchos
2007-10-12T02:00:00Z,47.72733,8.9413,NA,NA,Argos 77191A,Anas platyrhynchos
2007-10-13T02:00:00Z,47.727,8.9393,NA,NA,Argos 77191A,Anas platyrhynchos
2007-10-18T14:00:00Z,47.72683,8.9381,NA,NA,Argos 77191A,Anas platyrhynchos
2007-11-04T14:00:00Z,47.72733,8.9415,NA,NA,Argos 77191A,Anas platyrhynchos
2007-11-05T14:00:00Z,47.7275,8.9416,NA,NA,Argos 77191A,Anas platyrhynchos
2007-11-17T11:00:00Z,47.72667,8.9406,NA,NA,Argos 77191A,Anas platyrhynchos
2008-03-03T11:00:00Z,47.72067,8.8851,NA,NA,Argos 77191A,Anas platyrhynchos
2008-03-04T11:00:00Z,47.7205,8.885,NA,NA,Argos 77191A,Anas platyrhynchos
2008-03-07T11:00:00Z,47.7215,8.8818,NA,NA,Argos 77191A,Anas platyrhynchos
2008-03-15T22:00:00Z,47.72117,8.8843,NA,NA,Argos 77191A,Anas platyrhynchos
2008-03-19T11:00:00Z,47.72167,8.8823,NA,NA,Argos 77191A,Anas platyrhynchos
2008-03-20T14:00:00Z,47.72167,8.882,NA,NA,Argos 77191A,Anas platyrhynchos
2008-03-22T02:00:00Z,47.72083,8.885,NA,NA,Argos 77191A,Anas platyrhynchos
2008-03-23T02:00:00Z,47.72167,8.8821,NA,NA,Argos 77191A,Anas platyrhynchos
2008-03-24T08:00:00Z,47.72167,8.8821,NA,NA,Argos 77191A,Anas platyrhynchos
2008-03-25T02:00:00Z,47.721,8.8845,NA,NA,Argos 77191A,Anas platyrhynchos
2008-03-27T02:00:00Z,47.72083,8.885,NA,NA,Argos 77191A,Anas platyrhynchos
2008-03-28T02:00:00Z,47.7205,8.8846,NA,NA,Argos 77191A,Anas platyrhynchos
2008-03-29T08:00:00Z,47.71833,8.8813,NA,NA,Argos 77191A,Anas platyrhynchos
2008-03-30T02:00:00Z,47.72733,8.9188,NA,NA,Argos 77191A,Anas platyrhynchos
2008-03-31T02:00:00Z,47.73533,8.9225,NA,NA,Argos 77191A,Anas platyrhynchos
2008-04-01T02:00:00Z,47.7365,8.9345,NA,NA,Argos 77191A,Anas platyrhynchos
2008-04-02T02:00:00Z,47.71633,8.8736,NA,NA,Argos 77191A,Anas platyrhynchos
2008-04-03T02:00:00Z,47.71933,8.9161,NA,NA,Argos 77191A,Anas platyrhynchos
2008-04-04T02:00:00Z,47.71633,8.8736,NA,NA,Argos 77191A,Anas platyrhynchos
2008-04-05T05:00:00Z,47.71717,8.881,NA,NA,Argos 77191A,Anas platyrhynchos
2008-04-06T02:00:00Z,47.71633,8.8736,NA,NA,Argos 77191A,Anas platyrhynchos
2008-04-07T02:00:00Z,47.71633,8.8736,NA,NA,Argos 77191A,Anas platyrhynchos
2008-04-08T02:00:00Z,47.722,8.8771,NA,NA,Argos 77191A,Anas platyrhynchos
2008-04-09T02:00:00Z,47.71633,8.8736,NA,NA,Argos 77191A,Anas platyrhynchos
2008-04-10T02:00:00Z,47.71633,8.8736,NA,NA,Argos 77191A,Anas platyrhynchos
2008-04-11T02:00:00Z,47.71633,8.8736,NA,NA,Argos 77191A,Anas platyrhynchos
2008-04-12T02:00:00Z,47.71633,8.8736,NA,NA,Argos 77191A,Anas platyrhynchos
2008-04-13T02:00:00Z,47.738,8.9286,NA,NA,Argos 77191A,Anas platyrhynchos
2008-04-14T05:00:00Z,47.73883,8.9398,NA,NA,Argos 77191A,Anas platyrhynchos
2008-04-15T02:00:00Z,47.71633,8.8736,NA,NA,Argos 77191A,Anas platyrhynchos
2008-04-16T02:00:00Z,47.71617,8.8736,NA,NA,Argos 77191A,Anas platyrhynchos
2008-04-17T02:00:00Z,47.71617,8.8736,NA,NA,Argos 77191A,Anas platyrhynchos
2008-04-18T02:00:00Z,47.72183,8.8776,NA,NA,Argos 77191A,Anas platyrhynchos
2008-04-19T02:00:00Z,47.71633,8.8736,NA,NA,Argos 77191A,Anas platyrhynchos
2008-04-20T02:00:00Z,47.71633,8.8736,NA,NA,Argos 77191A,Anas platyrhynchos
2008-04-21T02:00:00Z,47.71617,8.8736,NA,NA,Argos 77191A,Anas platyrhynchos
2008-04-22T02:00:00Z,47.71633,8.8736,NA,NA,Argos 77191A,Anas platyrhynchos
2008-04-23T02:00:00Z,47.71633,8.8736,NA,NA,Argos 77191A,Anas platyrhynchos
2008-04-24T02:00:00Z,47.73667,8.9233,NA,NA,Argos 77191A,Anas platyrhynchos
2008-04-25T02:00:00Z,47.71967,8.9155,NA,NA,Argos 77191A,Anas platyrhynchos
2008-04-26T02:00:00Z,47.73483,8.9218,NA,NA,Argos 77191A,Anas platyrhynchos
2008-04-27T02:00:00Z,47.73367,8.9245,NA,NA,Argos 77191A,Anas platyrhynchos
2008-04-28T02:00:00Z,47.727,8.9388,NA,NA,Argos 77191A,Anas platyrhynchos
2008-04-29T02:00:00Z,47.7325,8.9223,NA,NA,Argos 77191A,Anas platyrhynchos
2008-04-30T02:00:00Z,47.7365,8.9343,NA,NA,Argos 77191A,Anas platyrhynchos
2008-05-01T02:00:00Z,47.72067,8.8876,NA,NA,Argos 77191A,Anas platyrhynchos
2008-05-02T05:00:00Z,47.71983,8.8861,NA,NA,Argos 77191A,Anas platyrhynchos
2008-05-03T05:00:00Z,47.71817,8.8816,NA,NA,Argos 77191A,Anas platyrhynchos
2008-05-04T05:00:00Z,47.7195,8.8836,NA,NA,Argos 77191A,Anas platyrhynchos
2008-05-05T05:00:00Z,47.71667,8.8793,NA,NA,Argos 77191A,Anas platyrhynchos
2008-05-06T05:00:00Z,47.7195,8.8808,NA,NA,Argos 77191A,Anas platyrhynchos
2008-05-07T05:00:00Z,47.717,8.88,NA,NA,Argos 77191A,Anas platyrhynchos
2008-05-08T08:00:00Z,47.71983,8.8811,NA,NA,Argos 77191A,Anas platyrhynchos
2008-05-09T02:00:00Z,47.71933,8.8976,NA,NA,Argos 77191A,Anas platyrhynchos
2008-05-10T05:00:00Z,47.7205,8.9363,NA,NA,Argos 77191A,Anas platyrhynchos
2008-05-11T02:00:00Z,47.7175,8.9051,NA,NA,Argos 77191A,Anas platyrhynchos
2008-05-12T02:00:00Z,47.72233,8.875,NA,NA,Argos 77191A,Anas platyrhynchos
2008-05-13T02:00:00Z,47.738,8.9295,NA,NA,Argos 77191A,Anas platyrhynchos
2008-05-14T02:00:00Z,47.7205,8.8815,NA,NA,Argos 77191A,Anas platyrhynchos
2008-05-15T02:00:00Z,47.72167,8.8823,NA,NA,Argos 77191A,Anas platyrhynchos
2008-05-16T02:00:00Z,47.71933,8.9161,NA,NA,Argos 77191A,Anas platyrhynchos
2008-05-17T08:00:00Z,47.72017,8.887,NA,NA,Argos 77191A,Anas platyrhynchos
2008-05-18T08:00:00Z,47.71967,8.8865,NA,NA,Argos 77191A,Anas platyrhynchos
2008-05-19T08:00:00Z,47.72,8.887,NA,NA,Argos 77191A,Anas platyrhynchos
2008-05-20T14:00:00Z,47.719,8.8805,NA,NA,Argos 77191A,Anas platyrhynchos
2008-05-21T05:00:00Z,47.72,8.8858,NA,NA,Argos 77191A,Anas platyrhynchos
2008-05-22T05:00:00Z,47.71883,8.8866,NA,NA,Argos 77191A,Anas platyrhynchos
2008-05-23T05:00:00Z,47.72033,8.8816,NA,NA,Argos 77191A,Anas platyrhynchos
2008-05-24T05:00:00Z,47.717,8.8795,NA,NA,Argos 77191A,Anas platyrhynchos
2008-05-25T05:00:00Z,47.71733,8.8795,NA,NA,Argos 77191A,Anas platyrhynchos
2008-05-26T14:00:00Z,47.72033,8.8815,NA,NA,Argos 77191A,Anas platyrhynchos
2008-05-27T05:00:00Z,47.7165,8.879,NA,NA,Argos 77191A,Anas platyrhynchos
2008-05-28T05:00:00Z,47.721,8.8843,NA,NA,Argos 77191A,Anas platyrhynchos
2008-05-29T05:00:00Z,47.72,8.8878,NA,NA,Argos 77191A,Anas platyrhynchos
2008-05-30T05:00:00Z,47.72033,8.8816,NA,NA,Argos 77191A,Anas platyrhynchos
2008-05-31T05:00:00Z,47.7195,8.8866,NA,NA,Argos 77191A,Anas platyrhynchos
2008-06-01T14:00:00Z,47.7215,8.8841,NA,NA,Argos 77191A,Anas platyrhynchos
2008-06-02T02:00:00Z,47.72117,8.8853,NA,NA,Argos 77191A,Anas platyrhynchos
2008-06-03T02:00:00Z,47.721,8.8853,NA,NA,Argos 77191A,Anas platyrhynchos
2008-06-04T02:00:00Z,47.7205,8.8858,NA,NA,Argos 77191A,Anas platyrhynchos
2008-06-05T02:00:00Z,47.72067,8.886,NA,NA,Argos 77191A,Anas platyrhynchos
2008-06-06T02:00:00Z,47.72067,8.8858,NA,NA,Argos 77191A,Anas platyrhynchos
2008-06-07T08:00:00Z,47.719,8.8866,NA,NA,Argos 77191A,Anas platyrhynchos
2008-06-08T08:00:00Z,47.72033,8.8813,NA,NA,Argos 77191A,Anas platyrhynchos
2008-06-09T02:00:00Z,47.72117,8.8841,NA,NA,Argos 77191A,Anas platyrhynchos
2008-06-10T02:00:00Z,47.72067,8.8851,NA,NA,Argos 77191A,Anas platyrhynchos
2008-06-11T02:00:00Z,47.72117,8.884,NA,NA,Argos 77191A,Anas platyrhynchos
2008-06-12T02:00:00Z,47.72117,8.8845,NA,NA,Argos 77191A,Anas platyrhynchos
2008-06-13T02:00:00Z,47.721,8.8845,NA,NA,Argos 77191A,Anas platyrhynchos
2008-06-14T02:00:00Z,47.72083,8.8775,NA,NA,Argos 77191A,Anas platyrhynchos
2008-06-15T02:00:00Z,47.72067,8.8861,NA,NA,Argos 77191A,Anas platyrhynchos
2008-06-16T02:00:00Z,47.7205,8.8858,NA,NA,Argos 77191A,Anas platyrhynchos
2008-06-17T02:00:00Z,47.72067,8.8851,NA,NA,Argos 77191A,Anas platyrhynchos
2008-06-18T02:00:00Z,47.72083,8.8875,NA,NA,Argos 77191A,Anas platyrhynchos
2008-06-19T02:00:00Z,47.72067,8.886,NA,NA,Argos 77191A,Anas platyrhynchos
2008-06-20T02:00:00Z,47.7205,8.8871,NA,NA,Argos 77191A,Anas platyrhynchos
2008-06-21T05:00:00Z,47.72083,8.8866,NA,NA,Argos 77191A,Anas platyrhynchos
2008-06-22T02:00:00Z,47.7205,8.8868,NA,NA,Argos 77191A,Anas platyrhynchos
2008-06-23T02:00:00Z,47.72067,8.8865,NA,NA,Argos 77191A,Anas platyrhynchos
2008-06-24T02:00:00Z,47.72083,8.8863,NA,NA,Argos 77191A,Anas platyrhynchos
2008-06-25T02:00:00Z,47.72083,8.8865,NA,NA,Argos 77191A,Anas platyrhynchos
2008-06-26T02:00:00Z,47.721,8.8901,NA,NA,Argos 77191A,Anas platyrhynchos
2008-06-27T02:00:00Z,47.7205,8.8895,NA,NA,Argos 77191A,Anas platyrhynchos
2008-06-28T05:00:00Z,47.72133,8.8841,NA,NA,Argos 77191A,Anas platyrhynchos
2008-06-29T02:00:00Z,47.72017,8.8923,NA,NA,Argos 77191A,Anas platyrhynchos
2008-06-30T02:00:00Z,47.72017,8.8923,NA,NA,Argos 77191A,Anas platyrhynchos
2008-07-01T02:00:00Z,47.72033,8.8923,NA,NA,Argos 77191A,Anas platyrhynchos
2008-07-02T05:00:00Z,47.72217,8.8875,NA,NA,Argos 77191A,Anas platyrhynchos
2008-07-03T02:00:00Z,47.72017,8.8921,NA,NA,Argos 77191A,Anas platyrhynchos
2008-07-04T02:00:00Z,47.72017,8.8925,NA,NA,Argos 77191A,Anas platyrhynchos
2008-07-05T11:00:00Z,47.7205,8.887,NA,NA,Argos 77191A,Anas platyrhynchos
2008-07-06T02:00:00Z,47.72033,8.8923,NA,NA,Argos 77191A,Anas platyrhynchos
2008-07-07T02:00:00Z,47.722,8.9205,NA,NA,Argos 77191A,Anas platyrhynchos
2008-07-08T02:00:00Z,47.72717,8.9401,NA,NA,Argos 77191A,Anas platyrhynchos
2008-07-09T02:00:00Z,47.72767,8.9396,NA,NA,Argos 77191A,Anas platyrhynchos
2008-07-10T02:00:00Z,47.72717,8.9385,NA,NA,Argos 77191A,Anas platyrhynchos
2008-07-11T02:00:00Z,47.72733,8.9403,NA,NA,Argos 77191A,Anas platyrhynchos
2008-07-12T02:00:00Z,47.72733,8.9403,NA,NA,Argos 77191A,Anas platyrhynchos
2008-07-13T02:00:00Z,47.72733,8.9403,NA,NA,Argos 77191A,Anas platyrhynchos
2008-07-14T02:00:00Z,47.72717,8.9391,NA,NA,Argos 77191A,Anas platyrhynchos
2008-07-15T02:00:00Z,47.72067,8.8873,NA,NA,Argos 77191A,Anas platyrhynchos
2008-07-16T02:00:00Z,47.7205,8.892,NA,NA,Argos 77191A,Anas platyrhynchos
2008-07-17T02:00:00Z,47.72067,8.8868,NA,NA,Argos 77191A,Anas platyrhynchos
2008-07-18T02:00:00Z,47.72033,8.8923,NA,NA,Argos 77191A,Anas platyrhynchos
2008-07-19T02:00:00Z,47.7215,8.8845,NA,NA,Argos 77191A,Anas platyrhynchos
2008-07-20T02:00:00Z,47.7195,8.897,NA,NA,Argos 77191A,Anas platyrhynchos
2008-07-21T02:00:00Z,47.72083,8.8868,NA,NA,Argos 77191A,Anas platyrhynchos
2008-07-22T02:00:00Z,47.72117,8.8838,NA,NA,Argos 77191A,Anas platyrhynchos
2008-07-23T05:00:00Z,47.72133,8.8841,NA,NA,Argos 77191A,Anas platyrhynchos
2008-07-24T02:00:00Z,47.72083,8.8868,NA,NA,Argos 77191A,Anas platyrhynchos
2008-07-25T02:00:00Z,47.72133,8.884,NA,NA,Argos 77191A,Anas platyrhynchos
2008-07-26T02:00:00Z,47.72067,8.887,NA,NA,Argos 77191A,Anas platyrhynchos
2008-07-27T02:00:00Z,47.7205,8.8878,NA,NA,Argos 77191A,Anas platyrhynchos
2008-07-28T02:00:00Z,47.722,8.8813,NA,NA,Argos 77191A,Anas platyrhynchos
2008-07-29T02:00:00Z,47.7215,8.8845,NA,NA,Argos 77191A,Anas platyrhynchos
2008-07-30T02:00:00Z,47.72017,8.892,NA,NA,Argos 77191A,Anas platyrhynchos
2008-08-01T14:00:00Z,47.72167,8.8823,NA,NA,Argos 77191A,Anas platyrhynchos
2008-08-02T08:00:00Z,47.722,8.8816,NA,NA,Argos 77191A,Anas platyrhynchos
2008-08-03T05:00:00Z,47.72167,8.8823,NA,NA,Argos 77191A,Anas platyrhynchos
2008-08-04T05:00:00Z,47.722,8.8818,NA,NA,Argos 77191A,Anas platyrhynchos
2008-08-05T05:00:00Z,47.722,8.8835,NA,NA,Argos 77191A,Anas platyrhynchos
2008-08-06T05:00:00Z,47.72217,8.8816,NA,NA,Argos 77191A,Anas platyrhynchos
2008-08-07T11:00:00Z,47.72167,8.8816,NA,NA,Argos 77191A,Anas platyrhynchos
2008-08-08T02:00:00Z,47.72033,8.8936,NA,NA,Argos 77191A,Anas platyrhynchos
2008-08-09T02:00:00Z,47.72017,8.8936,NA,NA,Argos 77191A,Anas platyrhynchos
2008-08-10T22:00:00Z,47.722,8.8811,NA,NA,Argos 77191A,Anas platyrhynchos
2008-08-11T02:00:00Z,47.72033,8.8935,NA,NA,Argos 77191A,Anas platyrhynchos
2008-08-13T08:00:00Z,47.722,8.8808,NA,NA,Argos 77191A,Anas platyrhynchos
2008-08-14T11:00:00Z,47.7355,8.9251,NA,NA,Argos 77191A,Anas platyrhynchos
2008-08-15T02:00:00Z,47.727,8.9391,NA,NA,Argos 77191A,Anas platyrhynchos
2008-08-16T14:00:00Z,47.74083,8.9253,NA,NA,Argos 77191A,Anas platyrhynchos
2008-08-17T02:00:00Z,47.732,8.9178,NA,NA,Argos 77191A,Anas platyrhynchos
2008-08-18T02:00:00Z,47.73017,8.918,NA,NA,Argos 77191A,Anas platyrhynchos
2008-08-19T02:00:00Z,47.73017,8.9178,NA,NA,Argos 77191A,Anas platyrhynchos
2008-08-20T02:00:00Z,47.7295,8.919,NA,NA,Argos 77191A,Anas platyrhynchos
2008-08-21T02:00:00Z,47.73283,8.9213,NA,NA,Argos 77191A,Anas platyrhynchos
2008-08-22T02:00:00Z,47.732170000000004,8.9178,NA,NA,Argos 77191A,Anas platyrhynchos
2008-08-23T02:00:00Z,47.732,8.9178,NA,NA,Argos 77191A,Anas platyrhynchos
2008-08-24T02:00:00Z,47.73,8.918,NA,NA,Argos 77191A,Anas platyrhynchos
2008-08-25T14:00:00Z,47.734,8.9175,NA,NA,Argos 77191A,Anas platyrhynchos
2008-08-26T05:00:00Z,47.73033,8.9168,NA,NA,Argos 77191A,Anas platyrhynchos
2008-08-27T02:00:00Z,47.73,8.918,NA,NA,Argos 77191A,Anas platyrhynchos
2008-08-28T02:00:00Z,47.7315,8.9185,NA,NA,Argos 77191A,Anas platyrhynchos
2008-08-29T02:00:00Z,47.72967,8.9186,NA,NA,Argos 77191A,Anas platyrhynchos
2008-08-30T02:00:00Z,47.72933,8.9193,NA,NA,Argos 77191A,Anas platyrhynchos
2008-08-31T05:00:00Z,47.732170000000004,8.9178,NA,NA,Argos 77191A,Anas platyrhynchos
2008-09-01T05:00:00Z,47.73383,8.9191,NA,NA,Argos 77191A,Anas platyrhynchos
2008-09-02T05:00:00Z,47.73067,8.917,NA,NA,Argos 77191A,Anas platyrhynchos
2008-09-03T14:00:00Z,47.73417,8.9175,NA,NA,Argos 77191A,Anas platyrhynchos
2008-09-04T02:00:00Z,47.73117,8.9176,NA,NA,Argos 77191A,Anas platyrhynchos
2008-09-19T11:00:00Z,47.73017,8.918,NA,NA,Argos 77191A,Anas platyrhynchos
2008-09-20T02:00:00Z,47.72733,8.9185,NA,NA,Argos 77191A,Anas platyrhynchos
2008-09-21T02:00:00Z,47.72917,8.9175,NA,NA,Argos 77191A,Anas platyrhynchos
2008-09-22T02:00:00Z,47.72933,8.9176,NA,NA,Argos 77191A,Anas platyrhynchos
2008-09-23T02:00:00Z,47.72917,8.9176,NA,NA,Argos 77191A,Anas platyrhynchos
2008-09-24T02:00:00Z,47.72933,8.918,NA,NA,Argos 77191A,Anas platyrhynchos
2008-09-25T02:00:00Z,47.73033,8.9173,NA,NA,Argos 77191A,Anas platyrhynchos
2008-09-26T02:00:00Z,47.73033,8.9175,NA,NA,Argos 77191A,Anas platyrhynchos
2008-09-27T02:00:00Z,47.72033,8.892,NA,NA,Argos 77191A,Anas platyrhynchos
2008-09-28T02:00:00Z,47.7205,8.8923,NA,NA,Argos 77191A,Anas platyrhynchos
2008-09-29T02:00:00Z,47.72033,8.8921,NA,NA,Argos 77191A,Anas platyrhynchos
2008-09-30T02:00:00Z,47.7205,8.8921,NA,NA,Argos 77191A,Anas platyrhynchos
2008-10-01T02:00:00Z,47.72033,8.8921,NA,NA,Argos 77191A,Anas platyrhynchos
2008-10-03T11:00:00Z,47.722,8.8806,NA,NA,Argos 77191A,Anas platyrhynchos
2008-10-04T11:00:00Z,47.72067,8.8915,NA,NA,Argos 77191A,Anas platyrhynchos
2007-09-18T14:00:00Z,47.75733,9.0218,NA,NA,Argos 77193A,Anas platyrhynchos
2007-09-19T14:00:00Z,47.75467,9.0153,NA,NA,Argos 77193A,Anas platyrhynchos
2007-09-20T14:00:00Z,47.72633,8.997,NA,NA,Argos 77193A,Anas platyrhynchos
2007-09-21T14:00:00Z,47.73767,8.9875,NA,NA,Argos 77193A,Anas platyrhynchos
2007-09-22T17:00:00Z,47.72967,8.9901,NA,NA,Argos 77193A,Anas platyrhynchos
2007-09-23T17:00:00Z,47.73667,8.9861,NA,NA,Argos 77193A,Anas platyrhynchos
2007-09-24T17:00:00Z,47.726,8.9951,NA,NA,Argos 77193A,Anas platyrhynchos
2007-09-25T17:00:00Z,47.72367,9.0013,NA,NA,Argos 77193A,Anas platyrhynchos
2007-09-26T17:00:00Z,47.7265,8.9968,NA,NA,Argos 77193A,Anas platyrhynchos
2007-09-27T08:00:00Z,47.72167,9.0051,NA,NA,Argos 77193A,Anas platyrhynchos
2007-09-28T08:00:00Z,47.722,9.0051,NA,NA,Argos 77193A,Anas platyrhynchos
2007-09-29T08:00:00Z,47.72217,9.0053,NA,NA,Argos 77193A,Anas platyrhynchos
2007-09-30T05:00:00Z,47.7355,8.9876,NA,NA,Argos 77193A,Anas platyrhynchos
2007-10-01T05:00:00Z,47.72483,9.0013,NA,NA,Argos 77193A,Anas platyrhynchos
2007-10-02T22:00:00Z,47.73067,8.9926,NA,NA,Argos 77193A,Anas platyrhynchos
2007-10-03T05:00:00Z,47.72817,8.9921,NA,NA,Argos 77193A,Anas platyrhynchos
2007-10-09T05:00:00Z,47.72633,8.9991,NA,NA,Argos 77193A,Anas platyrhynchos
2007-10-10T05:00:00Z,47.72967,8.9913,NA,NA,Argos 77193A,Anas platyrhynchos
2007-10-11T05:00:00Z,47.72633,8.998,NA,NA,Argos 77193A,Anas platyrhynchos
2007-10-12T05:00:00Z,47.72667,8.996,NA,NA,Argos 77193A,Anas platyrhynchos
2007-10-13T05:00:00Z,47.734,8.9956,NA,NA,Argos 77193A,Anas platyrhynchos
2007-10-14T08:00:00Z,47.7075,8.989,NA,NA,Argos 77193A,Anas platyrhynchos
2007-10-15T08:00:00Z,47.72167,9.0058,NA,NA,Argos 77193A,Anas platyrhynchos
2007-10-16T08:00:00Z,47.7215,9.006,NA,NA,Argos 77193A,Anas platyrhynchos
2007-10-17T02:00:00Z,47.73067,8.9926,NA,NA,Argos 77193A,Anas platyrhynchos
2007-10-18T02:00:00Z,47.73067,8.992,NA,NA,Argos 77193A,Anas platyrhynchos
2007-10-19T02:00:00Z,47.73283,9.001,NA,NA,Argos 77193A,Anas platyrhynchos
2007-10-20T02:00:00Z,47.73083,8.9923,NA,NA,Argos 77193A,Anas platyrhynchos
2007-10-21T02:00:00Z,47.73083,8.9926,NA,NA,Argos 77193A,Anas platyrhynchos
2007-10-22T02:00:00Z,47.7245,9.0011,NA,NA,Argos 77193A,Anas platyrhynchos
2007-10-23T08:00:00Z,47.72683,8.9955,NA,NA,Argos 77193A,Anas platyrhynchos
2007-10-24T08:00:00Z,47.72667,8.9985,NA,NA,Argos 77193A,Anas platyrhynchos
2007-10-25T08:00:00Z,47.72467,9.0013,NA,NA,Argos 77193A,Anas platyrhynchos
2007-10-27T22:00:00Z,47.72467,9.0016,NA,NA,Argos 77193A,Anas platyrhynchos
2007-10-28T02:00:00Z,47.72483,9.0008,NA,NA,Argos 77193A,Anas platyrhynchos
2007-10-31T11:00:00Z,47.72467,9.001,NA,NA,Argos 77193A,Anas platyrhynchos
2007-11-01T11:00:00Z,47.72467,9.0008,NA,NA,Argos 77193A,Anas platyrhynchos
2007-11-02T05:00:00Z,47.72317,9.0093,NA,NA,Argos 77193A,Anas platyrhynchos
2007-11-03T05:00:00Z,47.72267,9.0083,NA,NA,Argos 77193A,Anas platyrhynchos
2007-11-04T05:00:00Z,47.72317,9.0091,NA,NA,Argos 77193A,Anas platyrhynchos
2007-11-05T05:00:00Z,47.72317,9.0091,NA,NA,Argos 77193A,Anas platyrhynchos
2007-11-06T05:00:00Z,47.72583,9.0051,NA,NA,Argos 77193A,Anas platyrhynchos
2007-11-08T05:00:00Z,47.72183,9.0063,NA,NA,Argos 77193A,Anas platyrhynchos
2007-10-11T14:00:00Z,47.72583,8.9985,NA,NA,Argos 77194A,Anas platyrhynchos
2007-10-12T08:00:00Z,47.73017,8.986,NA,NA,Argos 77194A,Anas platyrhynchos
2007-10-13T08:00:00Z,47.79833,8.9138,NA,NA,Argos 77194A,Anas platyrhynchos
2007-10-14T08:00:00Z,47.72667,8.9963,NA,NA,Argos 77194A,Anas platyrhynchos
2007-10-15T08:00:00Z,47.72467,8.9998,NA,NA,Argos 77194A,Anas platyrhynchos
2007-10-16T14:00:00Z,47.799,8.9138,NA,NA,Argos 77194A,Anas platyrhynchos
2007-10-17T14:00:00Z,47.72467,9.0006,NA,NA,Argos 77194A,Anas platyrhynchos
2007-10-19T14:00:00Z,47.72467,9.0006,NA,NA,Argos 77194A,Anas platyrhynchos
2007-10-20T14:00:00Z,47.72467,9.0008,NA,NA,Argos 77194A,Anas platyrhynchos
2007-10-22T17:00:00Z,47.72467,9,NA,NA,Argos 77194A,Anas platyrhynchos
2007-10-23T05:00:00Z,47.72867,8.9738,NA,NA,Argos 77194A,Anas platyrhynchos
2007-10-24T05:00:00Z,47.75917,8.9238,NA,NA,Argos 77194A,Anas platyrhynchos
2007-10-25T17:00:00Z,47.75883,8.9233,NA,NA,Argos 77194A,Anas platyrhynchos
2007-10-26T17:00:00Z,47.75933,8.9236,NA,NA,Argos 77194A,Anas platyrhynchos
2007-10-27T05:00:00Z,47.72483,9.0061,NA,NA,Argos 77194A,Anas platyrhynchos
2007-10-29T22:00:00Z,47.72567,9.0058,NA,NA,Argos 77194A,Anas platyrhynchos
2008-02-09T08:00:00Z,47.73267,8.9825,NA,NA,Argos 77194A,Anas platyrhynchos
2008-02-12T08:00:00Z,47.76233,8.9356,NA,NA,Argos 77194A,Anas platyrhynchos
2008-02-22T17:00:00Z,47.73033,8.9446,NA,NA,Argos 77194A,Anas platyrhynchos
2008-02-23T17:00:00Z,47.7615,8.9385,NA,NA,Argos 77194A,Anas platyrhynchos
2008-02-24T17:00:00Z,47.76283,8.9355,NA,NA,Argos 77194A,Anas platyrhynchos
2008-03-06T22:00:00Z,47.7295,8.9896,NA,NA,Argos 77194A,Anas platyrhynchos
2008-03-07T22:00:00Z,47.76333,8.9368,NA,NA,Argos 77194A,Anas platyrhynchos
2008-03-08T22:00:00Z,47.731,8.9445,NA,NA,Argos 77194A,Anas platyrhynchos
2008-03-09T22:00:00Z,47.7255,9.0053,NA,NA,Argos 77194A,Anas platyrhynchos
2008-03-11T22:00:00Z,47.7255,9.0055,NA,NA,Argos 77194A,Anas platyrhynchos
2008-03-12T08:00:00Z,47.763,8.9355,NA,NA,Argos 77194A,Anas platyrhynchos
2008-03-14T14:00:00Z,47.763,8.9353,NA,NA,Argos 77194A,Anas platyrhynchos
2008-03-15T08:00:00Z,47.76283,8.9353,NA,NA,Argos 77194A,Anas platyrhynchos
2008-03-16T05:00:00Z,50.302,12.1453,NA,NA,Argos 77194A,Anas platyrhynchos
2008-03-17T02:00:00Z,51.56567,15.8508,NA,NA,Argos 77194A,Anas platyrhynchos
2008-03-18T02:00:00Z,51.94167,18.104,NA,NA,Argos 77194A,Anas platyrhynchos
2008-03-19T02:00:00Z,52.04917,19.2541,NA,NA,Argos 77194A,Anas platyrhynchos
2008-03-20T02:00:00Z,52.04883,19.2548,NA,NA,Argos 77194A,Anas platyrhynchos
2008-03-21T02:00:00Z,52.92083,20.3673,NA,NA,Argos 77194A,Anas platyrhynchos
2008-03-22T02:00:00Z,52.92083,20.3673,NA,NA,Argos 77194A,Anas platyrhynchos
2008-03-23T02:00:00Z,52.9215,20.3705,NA,NA,Argos 77194A,Anas platyrhynchos
2008-03-24T01:00:00Z,53.88583,22.565,NA,NA,Argos 77194A,Anas platyrhynchos
2008-03-25T01:00:00Z,53.88,22.5703,NA,NA,Argos 77194A,Anas platyrhynchos
2008-03-26T04:00:00Z,53.7195,23.4293,NA,NA,Argos 77194A,Anas platyrhynchos
2008-03-27T01:00:00Z,53.748,23.213,NA,NA,Argos 77194A,Anas platyrhynchos
2008-03-28T01:00:00Z,53.83467,23.2583,NA,NA,Argos 77194A,Anas platyrhynchos
2008-03-29T01:00:00Z,53.83467,23.261,NA,NA,Argos 77194A,Anas platyrhynchos
2008-03-30T01:00:00Z,53.83517,23.2595,NA,NA,Argos 77194A,Anas platyrhynchos
2008-03-31T01:00:00Z,53.83467,23.2615,NA,NA,Argos 77194A,Anas platyrhynchos
2008-04-01T01:00:00Z,53.83467,23.2611,NA,NA,Argos 77194A,Anas platyrhynchos
2008-04-02T21:00:00Z,53.89483,23.3165,NA,NA,Argos 77194A,Anas platyrhynchos
2008-04-03T01:00:00Z,53.89483,23.3163,NA,NA,Argos 77194A,Anas platyrhynchos
2008-04-04T01:00:00Z,53.89667,23.3125,NA,NA,Argos 77194A,Anas platyrhynchos
2008-04-05T01:00:00Z,53.89483,23.3165,NA,NA,Argos 77194A,Anas platyrhynchos
2008-04-06T01:00:00Z,53.89483,23.316,NA,NA,Argos 77194A,Anas platyrhynchos
2008-04-07T01:00:00Z,53.89483,23.3161,NA,NA,Argos 77194A,Anas platyrhynchos
2008-04-08T01:00:00Z,53.89483,23.3161,NA,NA,Argos 77194A,Anas platyrhynchos
2008-04-09T01:00:00Z,53.89483,23.3165,NA,NA,Argos 77194A,Anas platyrhynchos
2008-04-10T01:00:00Z,53.89483,23.3163,NA,NA,Argos 77194A,Anas platyrhynchos
2008-04-11T01:00:00Z,53.89483,23.3161,NA,NA,Argos 77194A,Anas platyrhynchos
2008-04-12T01:00:00Z,53.8945,23.3158,NA,NA,Argos 77194A,Anas platyrhynchos
2008-04-13T01:00:00Z,53.895,23.3161,NA,NA,Argos 77194A,Anas platyrhynchos
2008-04-14T04:00:00Z,53.85267,23.277,NA,NA,Argos 77194A,Anas platyrhynchos
2008-04-15T01:00:00Z,53.8945,23.3158,NA,NA,Argos 77194A,Anas platyrhynchos
2008-04-16T01:00:00Z,53.8945,23.3158,NA,NA,Argos 77194A,Anas platyrhynchos
2008-04-17T04:00:00Z,53.89733,23.3075,NA,NA,Argos 77194A,Anas platyrhynchos
2008-04-18T04:00:00Z,53.89467,23.3163,NA,NA,Argos 77194A,Anas platyrhynchos
2008-04-19T04:00:00Z,53.89467,23.3163,NA,NA,Argos 77194A,Anas platyrhynchos
2008-04-20T04:00:00Z,53.83517,23.2585,NA,NA,Argos 77194A,Anas platyrhynchos
2008-04-21T04:00:00Z,53.89433,23.314,NA,NA,Argos 77194A,Anas platyrhynchos
2008-04-22T04:00:00Z,53.8945,23.3161,NA,NA,Argos 77194A,Anas platyrhynchos
2008-04-23T04:00:00Z,53.89433,23.3151,NA,NA,Argos 77194A,Anas platyrhynchos
2008-04-24T01:00:00Z,53.85217,23.2743,NA,NA,Argos 77194A,Anas platyrhynchos
2008-04-25T01:00:00Z,53.852,23.2748,NA,NA,Argos 77194A,Anas platyrhynchos
2008-04-26T01:00:00Z,53.85233,23.2745,NA,NA,Argos 77194A,Anas platyrhynchos
2008-04-27T01:00:00Z,53.8525,23.2745,NA,NA,Argos 77194A,Anas platyrhynchos
2008-04-28T01:00:00Z,53.85217,23.2748,NA,NA,Argos 77194A,Anas platyrhynchos
2008-04-29T07:00:00Z,53.89417,23.314,NA,NA,Argos 77194A,Anas platyrhynchos
2008-04-30T07:00:00Z,53.89733,23.3073,NA,NA,Argos 77194A,Anas platyrhynchos
2008-05-01T07:00:00Z,53.894,23.3168,NA,NA,Argos 77194A,Anas platyrhynchos
2008-05-02T04:00:00Z,53.8345,23.2583,NA,NA,Argos 77194A,Anas platyrhynchos
2008-05-03T01:00:00Z,53.85167,23.2753,NA,NA,Argos 77194A,Anas platyrhynchos
2008-05-04T04:00:00Z,53.882,23.2051,NA,NA,Argos 77194A,Anas platyrhynchos
2008-05-05T01:00:00Z,53.85133,23.274,NA,NA,Argos 77194A,Anas platyrhynchos
2008-05-06T01:00:00Z,53.85167,23.2738,NA,NA,Argos 77194A,Anas platyrhynchos
2008-05-07T01:00:00Z,53.85183,23.275,NA,NA,Argos 77194A,Anas platyrhynchos
2008-05-08T01:00:00Z,53.85233,23.2743,NA,NA,Argos 77194A,Anas platyrhynchos
2008-05-09T04:00:00Z,53.83567,23.2583,NA,NA,Argos 77194A,Anas platyrhynchos
2008-05-10T01:00:00Z,53.8515,23.274,NA,NA,Argos 77194A,Anas platyrhynchos
2008-05-11T04:00:00Z,53.835,23.2583,NA,NA,Argos 77194A,Anas platyrhynchos
2008-05-12T01:00:00Z,53.8515,23.2738,NA,NA,Argos 77194A,Anas platyrhynchos
2008-05-13T01:00:00Z,53.852,23.2735,NA,NA,Argos 77194A,Anas platyrhynchos
2008-05-14T01:00:00Z,53.852,23.2748,NA,NA,Argos 77194A,Anas platyrhynchos
2008-05-15T01:00:00Z,53.8525,23.274,NA,NA,Argos 77194A,Anas platyrhynchos
2008-05-16T01:00:00Z,53.85217,23.2733,NA,NA,Argos 77194A,Anas platyrhynchos
2008-05-17T01:00:00Z,53.8345,23.2581,NA,NA,Argos 77194A,Anas platyrhynchos
2008-05-18T01:00:00Z,53.89383,23.3168,NA,NA,Argos 77194A,Anas platyrhynchos
2008-05-19T01:00:00Z,53.8345,23.259,NA,NA,Argos 77194A,Anas platyrhynchos
2008-05-20T01:00:00Z,53.83467,23.2588,NA,NA,Argos 77194A,Anas platyrhynchos
2008-05-21T02:00:00Z,52.83867,20.2336,NA,NA,Argos 77194A,Anas platyrhynchos
2008-05-22T05:00:00Z,52.57017,19.5523,NA,NA,Argos 77194A,Anas platyrhynchos
2008-05-23T05:00:00Z,52.561,19.5756,NA,NA,Argos 77194A,Anas platyrhynchos
2008-05-24T02:00:00Z,52.56267,19.5708,NA,NA,Argos 77194A,Anas platyrhynchos
2008-05-25T02:00:00Z,52.56483,19.5818,NA,NA,Argos 77194A,Anas platyrhynchos
2008-05-26T02:00:00Z,52.563,19.5701,NA,NA,Argos 77194A,Anas platyrhynchos
2008-05-27T02:00:00Z,52.56117,19.5735,NA,NA,Argos 77194A,Anas platyrhynchos
2008-05-28T02:00:00Z,52.5605,19.5753,NA,NA,Argos 77194A,Anas platyrhynchos
2008-05-29T02:00:00Z,52.56117,19.5736,NA,NA,Argos 77194A,Anas platyrhynchos
2008-05-30T02:00:00Z,52.562,19.5741,NA,NA,Argos 77194A,Anas platyrhynchos
2008-05-31T02:00:00Z,52.5635,19.5693,NA,NA,Argos 77194A,Anas platyrhynchos
2008-06-01T02:00:00Z,52.56117,19.5738,NA,NA,Argos 77194A,Anas platyrhynchos
2008-06-02T02:00:00Z,52.56267,19.5616,NA,NA,Argos 77194A,Anas platyrhynchos
2008-06-03T02:00:00Z,52.5605,19.5753,NA,NA,Argos 77194A,Anas platyrhynchos
2008-06-04T05:00:00Z,52.56233,19.5628,NA,NA,Argos 77194A,Anas platyrhynchos
2008-06-05T02:00:00Z,51.61267,16.513,NA,NA,Argos 77194A,Anas platyrhynchos
2008-06-06T02:00:00Z,51.56317,16.0386,NA,NA,Argos 77194A,Anas platyrhynchos
2008-06-07T02:00:00Z,51.5755,15.9313,NA,NA,Argos 77194A,Anas platyrhynchos
2008-06-08T02:00:00Z,51.56317,16.0416,NA,NA,Argos 77194A,Anas platyrhynchos
2008-06-09T05:00:00Z,51.565,16.0461,NA,NA,Argos 77194A,Anas platyrhynchos
2008-06-10T08:00:00Z,51.56483,16.0458,NA,NA,Argos 77194A,Anas platyrhynchos
2008-06-11T08:00:00Z,51.57567,15.9313,NA,NA,Argos 77194A,Anas platyrhynchos
2008-06-12T08:00:00Z,51.565,16.0461,NA,NA,Argos 77194A,Anas platyrhynchos
2008-06-13T22:00:00Z,51.5545,15.9505,NA,NA,Argos 77194A,Anas platyrhynchos
2008-06-14T22:00:00Z,51.55433,15.9501,NA,NA,Argos 77194A,Anas platyrhynchos
2008-06-15T05:00:00Z,51.56483,16.0461,NA,NA,Argos 77194A,Anas platyrhynchos
2008-06-16T05:00:00Z,51.56467,16.0463,NA,NA,Argos 77194A,Anas platyrhynchos
2008-06-17T02:00:00Z,51.5635,16.0408,NA,NA,Argos 77194A,Anas platyrhynchos
2008-06-18T02:00:00Z,51.56333,16.0405,NA,NA,Argos 77194A,Anas platyrhynchos
2008-06-19T02:00:00Z,51.56367,16.0408,NA,NA,Argos 77194A,Anas platyrhynchos
2008-06-20T02:00:00Z,51.57067,15.8075,NA,NA,Argos 77194A,Anas platyrhynchos
2008-06-21T02:00:00Z,51.56983,15.7945,NA,NA,Argos 77194A,Anas platyrhynchos
2008-06-22T02:00:00Z,51.56917,15.7946,NA,NA,Argos 77194A,Anas platyrhynchos
2008-06-23T02:00:00Z,51.56933,15.7916,NA,NA,Argos 77194A,Anas platyrhynchos
2008-06-24T02:00:00Z,49.4615,15.2406,NA,NA,Argos 77194A,Anas platyrhynchos
2008-06-25T02:00:00Z,49.43167,15.2653,NA,NA,Argos 77194A,Anas platyrhynchos
2008-06-26T02:00:00Z,49.43167,15.2645,NA,NA,Argos 77194A,Anas platyrhynchos
2008-06-27T02:00:00Z,49.41033,15.254,NA,NA,Argos 77194A,Anas platyrhynchos
2008-06-28T02:00:00Z,49.41017,15.254,NA,NA,Argos 77194A,Anas platyrhynchos
2008-06-29T05:00:00Z,49.4135,15.2248,NA,NA,Argos 77194A,Anas platyrhynchos
2008-06-30T02:00:00Z,49.41017,15.2543,NA,NA,Argos 77194A,Anas platyrhynchos
2008-07-01T02:00:00Z,49.41017,15.2543,NA,NA,Argos 77194A,Anas platyrhynchos
2008-07-02T02:00:00Z,49.1255,14.187,NA,NA,Argos 77194A,Anas platyrhynchos
2008-07-03T02:00:00Z,49.10467,14.2281,NA,NA,Argos 77194A,Anas platyrhynchos
2008-07-04T02:00:00Z,49.04217,14.2868,NA,NA,Argos 77194A,Anas platyrhynchos
2008-07-05T11:00:00Z,48.99333,14.2986,NA,NA,Argos 77194A,Anas platyrhynchos
2008-07-06T08:00:00Z,48.99567,14.2938,NA,NA,Argos 77194A,Anas platyrhynchos
2008-07-07T08:00:00Z,49.0085,14.2811,NA,NA,Argos 77194A,Anas platyrhynchos
2008-07-08T08:00:00Z,48.99583,14.2935,NA,NA,Argos 77194A,Anas platyrhynchos
2008-07-09T02:00:00Z,49.00467,14.28,NA,NA,Argos 77194A,Anas platyrhynchos
2008-07-10T02:00:00Z,49.00467,14.28,NA,NA,Argos 77194A,Anas platyrhynchos
2008-07-11T02:00:00Z,49.00483,14.28,NA,NA,Argos 77194A,Anas platyrhynchos
2008-07-12T02:00:00Z,49.009,14.2803,NA,NA,Argos 77194A,Anas platyrhynchos
2008-07-13T02:00:00Z,49.009,14.281,NA,NA,Argos 77194A,Anas platyrhynchos
2008-07-14T08:00:00Z,49.06567,14.351,NA,NA,Argos 77194A,Anas platyrhynchos
2008-07-15T02:00:00Z,49.00467,14.28,NA,NA,Argos 77194A,Anas platyrhynchos
2008-07-16T02:00:00Z,49.009,14.2806,NA,NA,Argos 77194A,Anas platyrhynchos
2008-07-17T02:00:00Z,49.009,14.2806,NA,NA,Argos 77194A,Anas platyrhynchos
2008-07-18T02:00:00Z,48.26367,12.831,NA,NA,Argos 77194A,Anas platyrhynchos
2008-07-19T02:00:00Z,48.09117,10.1778,NA,NA,Argos 77194A,Anas platyrhynchos
2008-07-20T02:00:00Z,47.72533,9.0001,NA,NA,Argos 77194A,Anas platyrhynchos
2008-07-21T02:00:00Z,47.78083,8.9275,NA,NA,Argos 77194A,Anas platyrhynchos
2008-07-22T02:00:00Z,47.78067,8.9238,NA,NA,Argos 77194A,Anas platyrhynchos
2008-07-23T02:00:00Z,47.78067,8.9236,NA,NA,Argos 77194A,Anas platyrhynchos
2008-07-24T02:00:00Z,47.78083,8.9276,NA,NA,Argos 77194A,Anas platyrhynchos
2008-07-25T02:00:00Z,47.781,8.9275,NA,NA,Argos 77194A,Anas platyrhynchos
2008-07-26T02:00:00Z,47.78083,8.9275,NA,NA,Argos 77194A,Anas platyrhynchos
2008-07-27T02:00:00Z,47.78083,8.9275,NA,NA,Argos 77194A,Anas platyrhynchos
2008-07-28T02:00:00Z,47.78083,8.9281,NA,NA,Argos 77194A,Anas platyrhynchos
2008-07-29T02:00:00Z,47.78117,8.9273,NA,NA,Argos 77194A,Anas platyrhynchos
2008-07-30T02:00:00Z,47.78083,8.9278,NA,NA,Argos 77194A,Anas platyrhynchos
2008-07-31T02:00:00Z,47.78117,8.9271,NA,NA,Argos 77194A,Anas platyrhynchos
2008-08-01T02:00:00Z,47.78083,8.9275,NA,NA,Argos 77194A,Anas platyrhynchos
2008-08-02T02:00:00Z,47.7815,8.9266,NA,NA,Argos 77194A,Anas platyrhynchos
2008-08-03T02:00:00Z,47.78117,8.9273,NA,NA,Argos 77194A,Anas platyrhynchos
2008-08-04T02:00:00Z,47.78083,8.9275,NA,NA,Argos 77194A,Anas platyrhynchos
2008-08-06T17:00:00Z,47.799,8.9141,NA,NA,Argos 77194A,Anas platyrhynchos
2008-08-17T17:00:00Z,47.79667,8.915,NA,NA,Argos 77194A,Anas platyrhynchos
2008-08-18T02:00:00Z,47.80017,8.9135,NA,NA,Argos 77194A,Anas platyrhynchos
2008-08-19T05:00:00Z,47.80017,8.9136,NA,NA,Argos 77194A,Anas platyrhynchos
2008-08-20T05:00:00Z,47.80017,8.9135,NA,NA,Argos 77194A,Anas platyrhynchos
2008-08-23T22:00:00Z,47.799,8.9138,NA,NA,Argos 77194A,Anas platyrhynchos
2008-08-25T22:00:00Z,47.79867,8.9136,NA,NA,Argos 77194A,Anas platyrhynchos
2008-08-26T02:00:00Z,47.79867,8.9138,NA,NA,Argos 77194A,Anas platyrhynchos
2008-08-27T02:00:00Z,47.7985,8.9141,NA,NA,Argos 77194A,Anas platyrhynchos
2008-08-30T11:00:00Z,47.79717,8.9185,NA,NA,Argos 77194A,Anas platyrhynchos
2008-09-20T14:00:00Z,47.78133,8.924,NA,NA,Argos 77194A,Anas platyrhynchos
2008-09-21T14:00:00Z,47.78067,8.9235,NA,NA,Argos 77194A,Anas platyrhynchos
2008-09-22T02:00:00Z,47.76483,8.9038,NA,NA,Argos 77194A,Anas platyrhynchos
2008-09-23T02:00:00Z,47.76467,8.9038,NA,NA,Argos 77194A,Anas platyrhynchos
2008-09-24T08:00:00Z,47.80033,8.914,NA,NA,Argos 77194A,Anas platyrhynchos
2008-09-25T02:00:00Z,47.77683,8.9203,NA,NA,Argos 77194A,Anas platyrhynchos
2008-09-26T02:00:00Z,47.777,8.9203,NA,NA,Argos 77194A,Anas platyrhynchos
2008-09-27T02:00:00Z,47.72683,8.999,NA,NA,Argos 77194A,Anas platyrhynchos
2008-09-28T02:00:00Z,47.77683,8.9203,NA,NA,Argos 77194A,Anas platyrhynchos
2008-09-29T02:00:00Z,47.77283,8.9263,NA,NA,Argos 77194A,Anas platyrhynchos
2008-09-30T02:00:00Z,47.77267,8.9263,NA,NA,Argos 77194A,Anas platyrhynchos
2008-10-01T02:00:00Z,47.7725,8.9265,NA,NA,Argos 77194A,Anas platyrhynchos
2008-12-23T11:00:00Z,47.732170000000004,8.9418,NA,NA,Argos 87917B,Anas platyrhynchos
2008-12-29T14:00:00Z,47.73117,8.9426,NA,NA,Argos 87917B,Anas platyrhynchos
2009-02-02T14:00:00Z,47.70417,9.0018,NA,NA,Argos 87917B,Anas platyrhynchos
2009-02-03T11:00:00Z,47.64467,9.2093,NA,NA,Argos 87917B,Anas platyrhynchos
2009-02-04T14:00:00Z,47.69833,9.0063,NA,NA,Argos 87917B,Anas platyrhynchos
2009-02-05T14:00:00Z,47.69817,9.0068,NA,NA,Argos 87917B,Anas platyrhynchos
2009-02-07T14:00:00Z,47.698,9.0063,NA,NA,Argos 87917B,Anas platyrhynchos
2009-02-08T14:00:00Z,47.703,9.0011,NA,NA,Argos 87917B,Anas platyrhynchos
2009-02-09T11:00:00Z,47.70383,9.0021,NA,NA,Argos 87917B,Anas platyrhynchos
2009-02-10T04:00:00Z,47.70283,9.0015,NA,NA,Argos 87917B,Anas platyrhynchos
2009-02-11T07:00:00Z,47.70517,8.9981,NA,NA,Argos 87917B,Anas platyrhynchos
2009-02-12T04:00:00Z,47.70367,9.0001,NA,NA,Argos 87917B,Anas platyrhynchos
2009-02-13T11:00:00Z,47.70567,8.9996,NA,NA,Argos 87917B,Anas platyrhynchos
2009-02-14T04:00:00Z,47.7025,9.0016,NA,NA,Argos 87917B,Anas platyrhynchos
2009-02-15T04:00:00Z,47.725,9.0021,NA,NA,Argos 87917B,Anas platyrhynchos
2009-02-18T14:00:00Z,47.725,8.9988,NA,NA,Argos 87917B,Anas platyrhynchos
2009-02-19T14:00:00Z,47.724,9.0043,NA,NA,Argos 87917B,Anas platyrhynchos
2009-02-20T04:00:00Z,47.727,8.9951,NA,NA,Argos 87917B,Anas platyrhynchos
2009-02-21T11:00:00Z,47.706,8.9983,NA,NA,Argos 87917B,Anas platyrhynchos
2009-02-22T04:00:00Z,47.726,9.0036,NA,NA,Argos 87917B,Anas platyrhynchos
2009-02-23T11:00:00Z,47.703,9.0015,NA,NA,Argos 87917B,Anas platyrhynchos
2009-02-24T04:00:00Z,47.73117,8.9448,NA,NA,Argos 87917B,Anas platyrhynchos
2009-02-25T11:00:00Z,47.70417,9.0001,NA,NA,Argos 87917B,Anas platyrhynchos
2009-02-26T07:00:00Z,47.704,8.9995,NA,NA,Argos 87917B,Anas platyrhynchos
2009-02-27T07:00:00Z,47.70417,8.999,NA,NA,Argos 87917B,Anas platyrhynchos
2009-02-28T11:00:00Z,47.70383,8.9996,NA,NA,Argos 87917B,Anas platyrhynchos
2009-03-01T11:00:00Z,47.72483,9.0015,NA,NA,Argos 87917B,Anas platyrhynchos
2009-03-02T04:00:00Z,47.70383,8.9996,NA,NA,Argos 87917B,Anas platyrhynchos
2009-03-03T14:00:00Z,47.74167,8.9958,NA,NA,Argos 87917B,Anas platyrhynchos
2009-03-04T14:00:00Z,47.74183,8.9953,NA,NA,Argos 87917B,Anas platyrhynchos
2009-03-06T14:00:00Z,47.71,8.9808,NA,NA,Argos 87917B,Anas platyrhynchos
2009-03-07T04:00:00Z,47.72817,8.9123,NA,NA,Argos 87917B,Anas platyrhynchos
2009-03-09T14:00:00Z,47.731,8.9171,NA,NA,Argos 87917B,Anas platyrhynchos
2009-03-10T07:00:00Z,47.7775,8.8318,NA,NA,Argos 87917B,Anas platyrhynchos
2009-03-11T04:00:00Z,47.79717,8.7826,NA,NA,Argos 87917B,Anas platyrhynchos
2009-03-13T04:00:00Z,47.79767,8.7821,NA,NA,Argos 87917B,Anas platyrhynchos
2009-03-14T04:00:00Z,47.797,8.7826,NA,NA,Argos 87917B,Anas platyrhynchos
2009-03-15T04:00:00Z,47.79767,8.7823,NA,NA,Argos 87917B,Anas platyrhynchos
2009-03-16T04:00:00Z,47.7975,8.782,NA,NA,Argos 87917B,Anas platyrhynchos
2009-03-17T04:00:00Z,50.33633,9.4331,NA,NA,Argos 87917B,Anas platyrhynchos
2009-03-18T04:00:00Z,52.05517,10.8785,NA,NA,Argos 87917B,Anas platyrhynchos
2009-03-19T04:00:00Z,53.11367,11.0628,NA,NA,Argos 87917B,Anas platyrhynchos
2009-03-20T04:00:00Z,53.1085,11.0788,NA,NA,Argos 87917B,Anas platyrhynchos
2009-03-21T14:00:00Z,53.11367,11.0695,NA,NA,Argos 87917B,Anas platyrhynchos
2009-03-22T04:00:00Z,53.11383,11.0623,NA,NA,Argos 87917B,Anas platyrhynchos
2009-03-23T04:00:00Z,53.11433,11.0615,NA,NA,Argos 87917B,Anas platyrhynchos
2015-10-16T06:21:07Z,47.75815,9.01093333,0,114,DER JC78385 (UniKN 4101),Anas platyrhynchos
2015-10-17T13:55:02Z,47.75916667,9.01058333,0,114,DER JC78385 (UniKN 4101),Anas platyrhynchos
2015-10-18T15:55:01Z,47.75825,9.01095,0,114,DER JC78385 (UniKN 4101),Anas platyrhynchos
2015-10-19T13:14:37Z,47.75956667,9.01228333,0,114,DER JC78385 (UniKN 4101),Anas platyrhynchos
2015-10-21T16:10:54Z,47.76078333,9.01151667,0,114,DER JC78385 (UniKN 4101),Anas platyrhynchos
2015-10-23T10:29:37Z,47.76033333,9.01093333,0,114,DER JC78385 (UniKN 4101),Anas platyrhynchos
2015-10-24T10:07:37Z,47.76031667,9.01103333,0,49,DER JC78385 (UniKN 4101),Anas platyrhynchos
2015-10-25T09:58:09Z,47.75828333,9.01106667,0,49,DER JC78385 (UniKN 4101),Anas platyrhynchos
2015-10-26T14:17:01Z,47.75058333,9.02785,0,236,DER JC78385 (UniKN 4101),Anas platyrhynchos
2015-10-28T09:37:37Z,47.7305,9.017,0,236,DER JC78385 (UniKN 4101),Anas platyrhynchos
2015-10-29T11:42:10Z,47.76006667,9.01048333,0,354,DER JC78385 (UniKN 4101),Anas platyrhynchos
2015-10-31T13:23:36Z,47.72668333,8.99703333,0,350,DER JC78385 (UniKN 4101),Anas platyrhynchos
2015-11-01T12:29:07Z,47.72663333,8.99728333,0,350,DER JC78385 (UniKN 4101),Anas platyrhynchos
2015-11-02T09:20:01Z,47.72665,8.99668333,0,350,DER JC78385 (UniKN 4101),Anas platyrhynchos
2015-11-03T09:48:30Z,47.79883333,8.91761667,0,350,DER JC78385 (UniKN 4101),Anas platyrhynchos
2015-11-04T11:13:31Z,47.7977,8.91548333,0,350,DER JC78385 (UniKN 4101),Anas platyrhynchos
2015-11-05T15:14:04Z,47.79711667,8.91803333,0,350,DER JC78385 (UniKN 4101),Anas platyrhynchos
2015-11-06T01:58:14Z,47.724850000000004,9.00023333,0,350,DER JC78385 (UniKN 4101),Anas platyrhynchos
2015-11-07T18:09:44Z,47.72463333,9.00021667,0,202,DER JC78385 (UniKN 4101),Anas platyrhynchos
2015-11-08T13:54:25Z,47.72673333,8.99668333,0,202,DER JC78385 (UniKN 4101),Anas platyrhynchos
2015-11-09T00:56:36Z,47.72476667,9.0002,0,202,DER JC78385 (UniKN 4101),Anas platyrhynchos
2015-11-10T03:57:47Z,47.72476667,9.0015166700000009,0,266,DER JC78385 (UniKN 4101),Anas platyrhynchos
2015-11-11T02:59:07Z,47.7246,9.0002,0,202,DER JC78385 (UniKN 4101),Anas platyrhynchos
2015-11-12T10:10:55Z,47.72736667,8.99343333,0,202,DER JC78385 (UniKN 4101),Anas platyrhynchos
2015-11-13T07:59:41Z,47.79871667,8.91745,0,202,DER JC78385 (UniKN 4101),Anas platyrhynchos
2015-11-14T10:08:37Z,47.7989,8.91475,0,202,DER JC78385 (UniKN 4101),Anas platyrhynchos
2015-11-15T09:58:07Z,47.79876667,8.91761667,0,177,DER JC78385 (UniKN 4101),Anas platyrhynchos
2015-11-16T00:46:44Z,47.79586667,8.91755,0,177,DER JC78385 (UniKN 4101),Anas platyrhynchos
2015-11-17T17:36:55Z,47.72491667,9.00146667,0,177,DER JC78385 (UniKN 4101),Anas platyrhynchos
2015-11-19T10:10:15Z,47.79883333,8.91465,0,177,DER JC78385 (UniKN 4101),Anas platyrhynchos
2015-11-21T08:24:08Z,47.83698333,8.88826667,0,177,DER JC78385 (UniKN 4101),Anas platyrhynchos
2015-11-22T14:44:28Z,47.79903333,8.91391667,0,177,DER JC78385 (UniKN 4101),Anas platyrhynchos
2015-11-24T11:36:36Z,47.79888333,8.9178,0,177,DER JC78385 (UniKN 4101),Anas platyrhynchos
2015-11-25T14:15:37Z,47.79893333,8.914,0,177,DER JC78385 (UniKN 4101),Anas platyrhynchos
2015-12-02T13:58:07Z,47.72401667,8.9967,0,177,DER JC78385 (UniKN 4101),Anas platyrhynchos
2015-12-03T03:31:06Z,47.72476667,9.00101667,0,177,DER JC78385 (UniKN 4101),Anas platyrhynchos
2015-12-07T11:41:07Z,47.72958333,8.98985,0,177,DER JC78385 (UniKN 4101),Anas platyrhynchos
2015-12-11T13:54:45Z,47.79886667,8.91766667,0,177,DER JC78385 (UniKN 4101),Anas platyrhynchos
2015-12-12T09:43:25Z,47.79888333,8.91766667,0,177,DER JC78385 (UniKN 4101),Anas platyrhynchos
2015-12-14T12:17:15Z,47.79673333,8.91828333,0,177,DER JC78385 (UniKN 4101),Anas platyrhynchos
2015-12-16T13:05:50Z,47.79745,8.91543333,0,177,DER JC78385 (UniKN 4101),Anas platyrhynchos
2015-12-18T11:10:37Z,47.79728333,8.91801667,0,177,DER JC78385 (UniKN 4101),Anas platyrhynchos
2015-12-21T11:35:44Z,47.83706667,8.88856667,0,177,DER JC78385 (UniKN 4101),Anas platyrhynchos
2015-12-22T10:48:46Z,47.79676667,8.91861667,0,177,DER JC78385 (UniKN 4101),Anas platyrhynchos
2015-12-23T10:44:32Z,47.7972,8.91733333,0,177,DER JC78385 (UniKN 4101),Anas platyrhynchos
2015-12-25T10:01:10Z,47.80048333,8.91508333,0,177,DER JC78385 (UniKN 4101),Anas platyrhynchos
2015-12-27T13:51:00Z,47.79723333,8.91788333,0,230,DER JC78385 (UniKN 4101),Anas platyrhynchos
2015-12-30T10:07:46Z,47.7868,8.92678333,0,230,DER JC78385 (UniKN 4101),Anas platyrhynchos
2016-01-01T10:49:11Z,47.79653333,8.918,0,230,DER JC78385 (UniKN 4101),Anas platyrhynchos
2016-01-04T14:12:09Z,47.80051667,8.9125,0,230,DER JC78385 (UniKN 4101),Anas platyrhynchos
2016-01-12T12:15:37Z,47.80548333,8.9125,0,230,DER JC78385 (UniKN 4101),Anas platyrhynchos
2016-01-17T12:19:30Z,47.79245,8.92418333,0,230,DER JC78385 (UniKN 4101),Anas platyrhynchos
2016-01-18T10:11:54Z,47.79206667,8.9225,0,230,DER JC78385 (UniKN 4101),Anas platyrhynchos
2016-01-21T08:33:16Z,47.79881667,8.9143,0,230,DER JC78385 (UniKN 4101),Anas platyrhynchos
2016-01-22T11:13:53Z,47.79603333,8.91811667,0,230,DER JC78385 (UniKN 4101),Anas platyrhynchos
2016-01-23T12:03:29Z,47.79206667,8.92288333,0,230,DER JC78385 (UniKN 4101),Anas platyrhynchos
2016-01-25T12:39:11Z,47.79201667,8.92308333,0,230,DER JC78385 (UniKN 4101),Anas platyrhynchos
2016-01-26T09:17:40Z,47.79965,8.91588333,0,230,DER JC78385 (UniKN 4101),Anas platyrhynchos
2016-01-27T08:50:06Z,47.79981667,8.91581667,0,230,DER JC78385 (UniKN 4101),Anas platyrhynchos
2016-01-29T11:34:41Z,47.7938,8.92438333,0,230,DER JC78385 (UniKN 4101),Anas platyrhynchos
2016-02-01T12:28:37Z,47.81556667,8.90026667,0,230,DER JC78385 (UniKN 4101),Anas platyrhynchos
2016-02-02T12:01:09Z,47.79973333,8.9158,0,230,DER JC78385 (UniKN 4101),Anas platyrhynchos
2015-10-17T18:40:38Z,47.7517,9.01198333,0,NA,DER JC78387 (UniKN 4355),Anas platyrhynchos
2015-10-18T18:24:25Z,47.7518,9.01241667,0,NA,DER JC78387 (UniKN 4355),Anas platyrhynchos
2015-10-19T07:05:08Z,47.75928333,9.01018333,0,NA,DER JC78387 (UniKN 4355),Anas platyrhynchos
2015-10-20T18:21:06Z,47.75163333,9.01185,0,NA,DER JC78387 (UniKN 4355),Anas platyrhynchos
2015-10-21T07:00:46Z,47.759516669999996,9.00985,0,NA,DER JC78387 (UniKN 4355),Anas platyrhynchos
2015-10-22T06:59:41Z,47.75941667,9.01001667,0,NA,DER JC78387 (UniKN 4355),Anas platyrhynchos
2015-10-23T07:02:08Z,47.75906667,9.01091667,0,NA,DER JC78387 (UniKN 4355),Anas platyrhynchos
2015-10-24T23:40:33Z,47.66606667,9.10898333,0,NA,DER JC78387 (UniKN 4355),Anas platyrhynchos
2015-10-25T18:23:44Z,47.67618333,9.11943333,0,NA,DER JC78387 (UniKN 4355),Anas platyrhynchos
2015-10-26T18:24:20Z,47.66595,9.10961667,0,NA,DER JC78387 (UniKN 4355),Anas platyrhynchos
2015-10-27T07:04:18Z,47.6537,9.16248333,0,NA,DER JC78387 (UniKN 4355),Anas platyrhynchos
2015-10-28T18:24:17Z,47.66593333,9.1105,0,NA,DER JC78387 (UniKN 4355),Anas platyrhynchos
2015-10-29T07:00:31Z,47.65388333,9.16,0,NA,DER JC78387 (UniKN 4355),Anas platyrhynchos
2015-10-30T07:02:07Z,47.65383333,9.16003333,0,NA,DER JC78387 (UniKN 4355),Anas platyrhynchos
2015-10-31T07:01:24Z,47.65778333,9.17923333,0,NA,DER JC78387 (UniKN 4355),Anas platyrhynchos
2015-11-01T07:03:07Z,47.65345,9.16041667,0,NA,DER JC78387 (UniKN 4355),Anas platyrhynchos
2015-11-02T00:01:20Z,47.6762,9.12096667,0,NA,DER JC78387 (UniKN 4355),Anas platyrhynchos
2015-11-03T07:01:36Z,47.65378333,9.16,0,NA,DER JC78387 (UniKN 4355),Anas platyrhynchos
2015-11-04T07:00:23Z,47.6537,9.16023333,0,NA,DER JC78387 (UniKN 4355),Anas platyrhynchos
2015-11-05T07:03:09Z,47.65383333,9.16005,0,NA,DER JC78387 (UniKN 4355),Anas platyrhynchos
2015-11-06T07:02:14Z,47.65381667,9.16008333,0,NA,DER JC78387 (UniKN 4355),Anas platyrhynchos
2015-11-07T07:01:45Z,47.65395,9.16008333,0,NA,DER JC78387 (UniKN 4355),Anas platyrhynchos
2015-11-08T07:01:14Z,47.65345,9.16031667,0,NA,DER JC78387 (UniKN 4355),Anas platyrhynchos
2015-11-09T07:00:39Z,47.65388333,9.16011667,0,NA,DER JC78387 (UniKN 4355),Anas platyrhynchos
2015-11-10T11:48:52Z,47.65385,9.16008333,0,NA,DER JC78387 (UniKN 4355),Anas platyrhynchos
2015-11-11T07:01:37Z,47.65385,9.1601,0,NA,DER JC78387 (UniKN 4355),Anas platyrhynchos
2015-11-12T06:59:25Z,47.65385,9.16005,0,NA,DER JC78387 (UniKN 4355),Anas platyrhynchos
2015-11-13T06:59:13Z,47.65373333,9.16003333,0,NA,DER JC78387 (UniKN 4355),Anas platyrhynchos
2015-11-14T06:59:45Z,47.6538,9.16006667,0,NA,DER JC78387 (UniKN 4355),Anas platyrhynchos
2015-11-15T07:00:14Z,47.65385,9.16005,0,NA,DER JC78387 (UniKN 4355),Anas platyrhynchos
2015-11-16T07:02:14Z,47.65391667,9.15983333,0,NA,DER JC78387 (UniKN 4355),Anas platyrhynchos
2015-11-17T07:00:24Z,47.65356667,9.1602,0,NA,DER JC78387 (UniKN 4355),Anas platyrhynchos
2015-11-18T07:01:37Z,47.65346667,9.16023333,0,NA,DER JC78387 (UniKN 4355),Anas platyrhynchos
2015-11-19T07:01:07Z,47.65381667,9.16005,0,NA,DER JC78387 (UniKN 4355),Anas platyrhynchos
2015-11-20T07:02:15Z,47.65358333,9.16025,0,NA,DER JC78387 (UniKN 4355),Anas platyrhynchos
2015-11-21T06:58:01Z,47.65383333,9.16001667,0,NA,DER JC78387 (UniKN 4355),Anas platyrhynchos
2015-11-22T06:56:36Z,47.65388333,9.16005,0,NA,DER JC78387 (UniKN 4355),Anas platyrhynchos
2015-11-23T06:57:08Z,47.65351667,9.16015,0,NA,DER JC78387 (UniKN 4355),Anas platyrhynchos
2015-11-24T06:55:44Z,47.65385,9.15976667,0,NA,DER JC78387 (UniKN 4355),Anas platyrhynchos
2015-11-25T06:58:13Z,47.65406667,9.15951667,0,NA,DER JC78387 (UniKN 4355),Anas platyrhynchos
2015-11-26T06:58:38Z,47.65368333,9.15998333,0,NA,DER JC78387 (UniKN 4355),Anas platyrhynchos
2015-11-27T06:58:08Z,47.65346667,9.16011667,0,NA,DER JC78387 (UniKN 4355),Anas platyrhynchos
2015-11-28T06:56:36Z,47.65376667,9.16001667,0,NA,DER JC78387 (UniKN 4355),Anas platyrhynchos
2015-11-29T06:58:38Z,47.6693,9.16531667,0,NA,DER JC78387 (UniKN 4355),Anas platyrhynchos
2015-11-30T06:57:37Z,47.6538,9.16003333,0,NA,DER JC78387 (UniKN 4355),Anas platyrhynchos
2015-12-01T06:58:43Z,47.65383333,9.16003333,0,NA,DER JC78387 (UniKN 4355),Anas platyrhynchos
2015-12-02T06:57:37Z,47.65386667,9.16011667,0,NA,DER JC78387 (UniKN 4355),Anas platyrhynchos
2015-12-03T06:57:23Z,47.65465,9.15971667,0,NA,DER JC78387 (UniKN 4355),Anas platyrhynchos
2015-12-04T06:56:36Z,47.65403333,9.15986667,0,NA,DER JC78387 (UniKN 4355),Anas platyrhynchos
2015-12-05T11:46:02Z,47.65375,9.16001667,0,NA,DER JC78387 (UniKN 4355),Anas platyrhynchos
2015-12-06T06:58:13Z,47.65403333,9.15996667,0,NA,DER JC78387 (UniKN 4355),Anas platyrhynchos
2015-12-07T06:58:35Z,47.65366667,9.15995,0,NA,DER JC78387 (UniKN 4355),Anas platyrhynchos
2015-12-08T06:58:07Z,47.65376667,9.16013333,0,NA,DER JC78387 (UniKN 4355),Anas platyrhynchos
2015-12-09T08:03:02Z,47.66432167,9.14988667,0,0,DER JC78387 (UniKN 4355),Anas platyrhynchos
2015-12-10T06:59:00Z,47.65386667,9.16006667,0,NA,DER JC78387 (UniKN 4355),Anas platyrhynchos
2015-12-11T06:57:44Z,47.65375,9.15998333,0,NA,DER JC78387 (UniKN 4355),Anas platyrhynchos
2015-12-12T06:58:44Z,47.65363333,9.15986667,0,NA,DER JC78387 (UniKN 4355),Anas platyrhynchos
2015-12-13T06:58:40Z,47.65336667,9.16008333,0,NA,DER JC78387 (UniKN 4355),Anas platyrhynchos
2015-12-14T07:00:25Z,47.66711667,9.11243333,0,NA,DER JC78387 (UniKN 4355),Anas platyrhynchos
2015-12-15T06:57:38Z,47.65378333,9.15995,0,NA,DER JC78387 (UniKN 4355),Anas platyrhynchos
2015-12-16T18:21:07Z,47.66593333,9.11048333,0,NA,DER JC78387 (UniKN 4355),Anas platyrhynchos
2015-12-17T07:00:44Z,47.65383333,9.16003333,0,NA,DER JC78387 (UniKN 4355),Anas platyrhynchos
2015-12-18T07:01:08Z,47.6536,9.16,0,NA,DER JC78387 (UniKN 4355),Anas platyrhynchos
2015-12-19T07:00:06Z,47.65385,9.16,0,NA,DER JC78387 (UniKN 4355),Anas platyrhynchos
2015-12-20T06:59:42Z,47.6539,9.16003333,0,NA,DER JC78387 (UniKN 4355),Anas platyrhynchos
2015-12-21T18:22:07Z,47.66596667,9.11048333,0,NA,DER JC78387 (UniKN 4355),Anas platyrhynchos
2015-12-22T06:59:40Z,47.65396667,9.15993333,0,NA,DER JC78387 (UniKN 4355),Anas platyrhynchos
2015-12-23T06:59:37Z,47.65391667,9.16005,0,NA,DER JC78387 (UniKN 4355),Anas platyrhynchos
2015-12-24T07:00:15Z,47.65395,9.15993333,0,NA,DER JC78387 (UniKN 4355),Anas platyrhynchos
2015-12-26T05:43:46Z,47.66646667,9.10981667,0,NA,DER JC78387 (UniKN 4355),Anas platyrhynchos
2015-12-27T18:21:09Z,47.66575,9.11118333,0,NA,DER JC78387 (UniKN 4355),Anas platyrhynchos
2015-12-28T06:58:07Z,47.66626667,9.1183,0,NA,DER JC78387 (UniKN 4355),Anas platyrhynchos
2015-12-29T07:00:11Z,47.66498333,9.12993333,0,NA,DER JC78387 (UniKN 4355),Anas platyrhynchos
2015-12-30T23:42:44Z,47.66588333,9.11156667,0,NA,DER JC78387 (UniKN 4355),Anas platyrhynchos
2015-12-31T18:21:43Z,47.6691,9.12645,0,NA,DER JC78387 (UniKN 4355),Anas platyrhynchos
2016-01-01T07:00:48Z,47.66523333,9.12986667,0,NA,DER JC78387 (UniKN 4355),Anas platyrhynchos
2016-01-02T07:02:38Z,47.66531667,9.13045,0,NA,DER JC78387 (UniKN 4355),Anas platyrhynchos
2016-01-03T06:59:36Z,47.66568333,9.13006667,0,NA,DER JC78387 (UniKN 4355),Anas platyrhynchos
2016-01-04T07:00:06Z,47.6658,9.12955,0,NA,DER JC78387 (UniKN 4355),Anas platyrhynchos
2016-01-05T07:00:06Z,47.65395,9.15985,0,NA,DER JC78387 (UniKN 4355),Anas platyrhynchos
2016-01-06T07:04:47Z,47.6538,9.16006667,0,NA,DER JC78387 (UniKN 4355),Anas platyrhynchos
2016-01-07T07:04:11Z,47.65368333,9.16268333,0,NA,DER JC78387 (UniKN 4355),Anas platyrhynchos
2016-01-08T06:59:01Z,47.6539,9.16008333,0,NA,DER JC78387 (UniKN 4355),Anas platyrhynchos
2016-01-09T18:22:55Z,47.6572,9.1581,0,NA,DER JC78387 (UniKN 4355),Anas platyrhynchos
2016-01-10T07:01:07Z,47.65391667,9.16,0,NA,DER JC78387 (UniKN 4355),Anas platyrhynchos
2016-01-14T08:49:36Z,47.66571667,9.12966667,0,NA,DER JC78387 (UniKN 4355),Anas platyrhynchos
2016-01-17T13:07:18Z,47.66373333,9.12943333,0,NA,DER JC78387 (UniKN 4355),Anas platyrhynchos
2016-01-18T13:22:41Z,47.65835,9.164,0,NA,DER JC78387 (UniKN 4355),Anas platyrhynchos
2016-01-20T10:04:06Z,47.65715,9.15813333,0,NA,DER JC78387 (UniKN 4355),Anas platyrhynchos
2016-01-21T11:33:09Z,47.65735,9.15803333,0,NA,DER JC78387 (UniKN 4355),Anas platyrhynchos
2016-01-22T10:34:47Z,47.6572,9.15818333,0,NA,DER JC78387 (UniKN 4355),Anas platyrhynchos
2016-01-24T12:36:26Z,47.65938333,9.14586667,0,NA,DER JC78387 (UniKN 4355),Anas platyrhynchos
2016-01-25T09:41:41Z,47.65951667,9.14588333,0,NA,DER JC78387 (UniKN 4355),Anas platyrhynchos
2016-01-26T11:15:54Z,47.65916667,9.14606667,0,NA,DER JC78387 (UniKN 4355),Anas platyrhynchos
2016-01-27T10:15:44Z,47.6574,9.158,0,NA,DER JC78387 (UniKN 4355),Anas platyrhynchos
2016-01-28T00:08:05Z,47.6667,9.14936667,0,NA,DER JC78387 (UniKN 4355),Anas platyrhynchos
2016-01-29T11:05:17Z,47.65366667,9.16276667,0,NA,DER JC78387 (UniKN 4355),Anas platyrhynchos
2016-01-30T10:32:33Z,47.65901667,9.14608333,0,NA,DER JC78387 (UniKN 4355),Anas platyrhynchos
2016-02-01T08:32:10Z,47.65736667,9.15795,0,NA,DER JC78387 (UniKN 4355),Anas platyrhynchos
2016-02-02T00:22:02Z,47.65386667,9.16016667,0,NA,DER JC78387 (UniKN 4355),Anas platyrhynchos
2016-02-04T11:33:14Z,47.6538,9.16003333,0,NA,DER JC78387 (UniKN 4355),Anas platyrhynchos
2016-02-05T10:37:44Z,47.65716667,9.15805,0,NA,DER JC78387 (UniKN 4355),Anas platyrhynchos
2016-02-06T10:08:01Z,47.65388333,9.15998333,0,NA,DER JC78387 (UniKN 4355),Anas platyrhynchos
2016-02-07T12:16:25Z,47.65411667,9.15985,0,NA,DER JC78387 (UniKN 4355),Anas platyrhynchos
2016-02-08T11:53:07Z,47.65388333,9.15998333,0,NA,DER JC78387 (UniKN 4355),Anas platyrhynchos
2016-02-09T11:28:21Z,47.65423333,9.16016667,0,NA,DER JC78387 (UniKN 4355),Anas platyrhynchos
2016-02-11T11:39:41Z,47.65388333,9.1598,0,NA,DER JC78387 (UniKN 4355),Anas platyrhynchos
2016-02-12T13:15:32Z,47.65363333,9.15966667,0,NA,DER JC78387 (UniKN 4355),Anas platyrhynchos
2016-02-13T09:56:59Z,47.65335,9.16021667,0,NA,DER JC78387 (UniKN 4355),Anas platyrhynchos
2016-02-14T10:36:07Z,47.65353333,9.16046667,0,NA,DER JC78387 (UniKN 4355),Anas platyrhynchos
2016-02-18T09:22:13Z,47.65401667,9.15991667,0,NA,DER JC78387 (UniKN 4355),Anas platyrhynchos
2016-02-19T11:16:07Z,47.65381667,9.16005,0,NA,DER JC78387 (UniKN 4355),Anas platyrhynchos
2016-02-21T10:23:31Z,47.65408333,9.15995,0,NA,DER JC78387 (UniKN 4355),Anas platyrhynchos
2016-02-22T07:26:01Z,47.65401667,9.15983333,0,NA,DER JC78387 (UniKN 4355),Anas platyrhynchos
2016-02-23T07:06:10Z,47.65396667,9.15998333,0,NA,DER JC78387 (UniKN 4355),Anas platyrhynchos
2016-02-24T07:02:03Z,47.65428333,9.15978333,0,NA,DER JC78387 (UniKN 4355),Anas platyrhynchos
2016-02-25T18:23:37Z,47.65376667,9.16261667,0,NA,DER JC78387 (UniKN 4355),Anas platyrhynchos
2016-02-26T07:04:07Z,47.65398333,9.15983333,0,NA,DER JC78387 (UniKN 4355),Anas platyrhynchos
2016-02-27T00:00:21Z,47.65403333,9.1627,0,NA,DER JC78387 (UniKN 4355),Anas platyrhynchos
2016-02-28T07:03:20Z,47.6541,9.15975,0,NA,DER JC78387 (UniKN 4355),Anas platyrhynchos
2016-03-01T05:37:39Z,47.65385,9.16001667,0,NA,DER JC78387 (UniKN 4355),Anas platyrhynchos
2016-03-02T05:36:06Z,47.65385,9.16,0,NA,DER JC78387 (UniKN 4355),Anas platyrhynchos
2016-03-03T06:57:11Z,47.6537,9.16001667,0,NA,DER JC78387 (UniKN 4355),Anas platyrhynchos
2016-03-04T18:16:48Z,47.65353333,9.16236667,0,NA,DER JC78387 (UniKN 4355),Anas platyrhynchos
2016-03-06T05:33:43Z,47.65391667,9.16001667,0,NA,DER JC78387 (UniKN 4355),Anas platyrhynchos
2016-03-10T08:05:32Z,47.66482167,9.149935,0,0,DER JC78387 (UniKN 4355),Anas platyrhynchos
2016-03-11T08:03:08Z,47.66482167,9.149935,0,0,DER JC78387 (UniKN 4355),Anas platyrhynchos
2016-03-12T18:21:02Z,47.65371667,9.16261667,0,NA,DER JC78387 (UniKN 4355),Anas platyrhynchos
2016-03-13T08:01:33Z,47.67307667,9.16793833,0,0,DER JC78387 (UniKN 4355),Anas platyrhynchos
2016-03-14T05:35:22Z,47.65398333,9.15983333,0,NA,DER JC78387 (UniKN 4355),Anas platyrhynchos
2016-03-15T08:01:45Z,47.66488833,9.14997,0,0,DER JC78387 (UniKN 4355),Anas platyrhynchos
2016-03-16T08:01:10Z,47.673115,9.16791333,0,0,DER JC78387 (UniKN 4355),Anas platyrhynchos
2016-03-17T05:38:44Z,47.6541,9.15978333,0,NA,DER JC78387 (UniKN 4355),Anas platyrhynchos
2016-03-18T18:23:14Z,47.654,9.16238333,0,NA,DER JC78387 (UniKN 4355),Anas platyrhynchos
2016-03-19T07:01:59Z,47.65371667,9.1598,0,NA,DER JC78387 (UniKN 4355),Anas platyrhynchos
2016-03-21T05:43:07Z,47.65381667,9.16001667,0,NA,DER JC78387 (UniKN 4355),Anas platyrhynchos
2016-03-23T08:05:32Z,47.67315167,9.16797333,0,0,DER JC78387 (UniKN 4355),Anas platyrhynchos
2016-03-24T08:03:17Z,47.67315667,9.16800167,0,0,DER JC78387 (UniKN 4355),Anas platyrhynchos
2016-03-25T08:05:22Z,47.67315667,9.16800167,0,0,DER JC78387 (UniKN 4355),Anas platyrhynchos
2016-03-27T18:26:11Z,47.65381667,9.16253333,0,NA,DER JC78387 (UniKN 4355),Anas platyrhynchos
2016-03-28T07:02:08Z,47.65363333,9.15903333,0,NA,DER JC78387 (UniKN 4355),Anas platyrhynchos
2016-03-29T18:26:58Z,47.65378333,9.1624,0,NA,DER JC78387 (UniKN 4355),Anas platyrhynchos
2016-03-30T07:02:33Z,47.65408333,9.15943333,0,NA,DER JC78387 (UniKN 4355),Anas platyrhynchos
2016-03-31T07:04:38Z,47.65388333,9.15988333,0,NA,DER JC78387 (UniKN 4355),Anas platyrhynchos
2016-04-01T07:05:03Z,47.65365,9.15998333,0,NA,DER JC78387 (UniKN 4355),Anas platyrhynchos
2016-04-02T07:02:40Z,47.65413333,9.15948333,0,NA,DER JC78387 (UniKN 4355),Anas platyrhynchos
2016-04-03T07:02:01Z,47.65381667,9.16003333,0,NA,DER JC78387 (UniKN 4355),Anas platyrhynchos
2016-04-04T00:00:59Z,47.65388333,9.16261667,0,NA,DER JC78387 (UniKN 4355),Anas platyrhynchos
2016-04-05T07:07:12Z,47.65375,9.16023333,0,NA,DER JC78387 (UniKN 4355),Anas platyrhynchos
2016-04-06T00:00:44Z,47.6662,9.15076667,0,NA,DER JC78387 (UniKN 4355),Anas platyrhynchos
2016-04-07T07:02:02Z,47.65715,9.15823333,0,NA,DER JC78387 (UniKN 4355),Anas platyrhynchos
2016-04-08T06:58:59Z,47.6573,9.15808333,0,NA,DER JC78387 (UniKN 4355),Anas platyrhynchos
2016-04-09T06:57:13Z,47.654,9.15991667,0,NA,DER JC78387 (UniKN 4355),Anas platyrhynchos
2016-04-10T06:58:21Z,47.66635,9.15023333,0,NA,DER JC78387 (UniKN 4355),Anas platyrhynchos
2016-04-11T07:03:38Z,47.65393333,9.15995,0,NA,DER JC78387 (UniKN 4355),Anas platyrhynchos
2016-04-12T07:06:13Z,47.65395,9.15991667,0,NA,DER JC78387 (UniKN 4355),Anas platyrhynchos
2016-04-13T07:02:43Z,47.65405,9.15995,0,NA,DER JC78387 (UniKN 4355),Anas platyrhynchos
2016-04-14T06:59:10Z,47.65403333,9.15986667,0,NA,DER JC78387 (UniKN 4355),Anas platyrhynchos
2016-04-15T07:03:46Z,47.65368333,9.16011667,0,NA,DER JC78387 (UniKN 4355),Anas platyrhynchos
2016-04-16T07:01:43Z,47.65385,9.15998333,0,NA,DER JC78387 (UniKN 4355),Anas platyrhynchos
2016-04-17T07:04:43Z,47.66958333,9.1525,0,NA,DER JC78387 (UniKN 4355),Anas platyrhynchos
2016-04-18T06:57:07Z,47.66633333,9.15048333,0,NA,DER JC78387 (UniKN 4355),Anas platyrhynchos
2016-04-19T06:56:37Z,47.65386667,9.15998333,0,NA,DER JC78387 (UniKN 4355),Anas platyrhynchos
2016-04-20T07:01:32Z,47.66873333,9.14048333,0,NA,DER JC78387 (UniKN 4355),Anas platyrhynchos
2016-04-21T23:58:19Z,47.67763333,9.12573333,0,NA,DER JC78387 (UniKN 4355),Anas platyrhynchos
2016-04-22T07:05:33Z,47.67678333,9.1257,0,NA,DER JC78387 (UniKN 4355),Anas platyrhynchos
2016-04-23T07:05:55Z,47.67771667,9.12575,0,NA,DER JC78387 (UniKN 4355),Anas platyrhynchos
2016-04-24T18:19:07Z,47.66905,9.1402,0,NA,DER JC78387 (UniKN 4355),Anas platyrhynchos
2016-04-25T06:58:41Z,47.66835,9.14136667,0,NA,DER JC78387 (UniKN 4355),Anas platyrhynchos
2016-04-26T06:59:02Z,47.66876667,9.14366667,0,NA,DER JC78387 (UniKN 4355),Anas platyrhynchos
2016-04-27T06:55:06Z,47.66876667,9.14013333,0,NA,DER JC78387 (UniKN 4355),Anas platyrhynchos
2016-04-28T06:58:26Z,47.6687,9.14051667,0,NA,DER JC78387 (UniKN 4355),Anas platyrhynchos
2016-04-29T06:58:37Z,47.66678333,9.14928333,0,NA,DER JC78387 (UniKN 4355),Anas platyrhynchos
2016-04-30T07:04:39Z,47.66673333,9.14953333,0,NA,DER JC78387 (UniKN 4355),Anas platyrhynchos
2016-05-01T07:04:30Z,47.66901667,9.14325,0,NA,DER JC78387 (UniKN 4355),Anas platyrhynchos
2016-05-02T06:59:56Z,47.66808333,9.14398333,0,NA,DER JC78387 (UniKN 4355),Anas platyrhynchos
2016-05-03T07:05:11Z,47.66891667,9.14321667,0,NA,DER JC78387 (UniKN 4355),Anas platyrhynchos
2016-05-04T07:02:24Z,47.66878333,9.14351667,0,NA,DER JC78387 (UniKN 4355),Anas platyrhynchos
2016-05-05T07:04:40Z,47.66871667,9.14418333,0,NA,DER JC78387 (UniKN 4355),Anas platyrhynchos
2016-05-06T07:03:45Z,47.66676667,9.14928333,0,NA,DER JC78387 (UniKN 4355),Anas platyrhynchos
2016-05-07T18:36:46Z,47.65396667,9.15988333,0,NA,DER JC78387 (UniKN 4355),Anas platyrhynchos
2016-05-08T07:07:08Z,47.65386667,9.16001667,0,NA,DER JC78387 (UniKN 4355),Anas platyrhynchos
2016-05-10T05:53:08Z,47.65396667,9.15983333,0,NA,DER JC78387 (UniKN 4355),Anas platyrhynchos
2016-05-11T07:05:01Z,47.6668,9.14931667,0,NA,DER JC78387 (UniKN 4355),Anas platyrhynchos
2016-05-12T00:00:06Z,47.6539,9.1601,0,NA,DER JC78387 (UniKN 4355),Anas platyrhynchos
2016-05-13T06:58:36Z,47.67091667,9.14016667,0,NA,DER JC78387 (UniKN 4355),Anas platyrhynchos
2016-05-14T07:01:07Z,47.67035,9.14371667,0,NA,DER JC78387 (UniKN 4355),Anas platyrhynchos
2016-05-15T07:01:38Z,47.66833333,9.14126667,0,NA,DER JC78387 (UniKN 4355),Anas platyrhynchos
2016-05-16T07:02:51Z,47.66825,9.1399,0,NA,DER JC78387 (UniKN 4355),Anas platyrhynchos
2016-05-17T07:02:23Z,47.66885,9.14051667,0,NA,DER JC78387 (UniKN 4355),Anas platyrhynchos
2016-05-19T05:51:17Z,47.65731667,9.15801667,0,NA,DER JC78387 (UniKN 4355),Anas platyrhynchos
2016-05-20T07:01:07Z,47.6688,9.13998333,0,NA,DER JC78387 (UniKN 4355),Anas platyrhynchos
2016-05-21T07:05:25Z,47.65726667,9.15811667,0,NA,DER JC78387 (UniKN 4355),Anas platyrhynchos
2016-05-22T07:07:14Z,47.65725,9.15791667,0,NA,DER JC78387 (UniKN 4355),Anas platyrhynchos
2016-05-24T05:46:01Z,47.65711667,9.15811667,0,NA,DER JC78387 (UniKN 4355),Anas platyrhynchos
2016-05-25T00:00:14Z,47.65388333,9.16006667,0,NA,DER JC78387 (UniKN 4355),Anas platyrhynchos
2016-05-26T07:04:07Z,47.65716667,9.15816667,0,NA,DER JC78387 (UniKN 4355),Anas platyrhynchos
2016-05-27T07:07:36Z,47.65725,9.15803333,0,NA,DER JC78387 (UniKN 4355),Anas platyrhynchos
2016-05-28T07:11:19Z,47.6572,9.15808333,0,NA,DER JC78387 (UniKN 4355),Anas platyrhynchos
2016-05-29T07:07:07Z,47.65748333,9.15845,0,NA,DER JC78387 (UniKN 4355),Anas platyrhynchos
2016-05-30T07:02:06Z,47.65388333,9.16003333,0,NA,DER JC78387 (UniKN 4355),Anas platyrhynchos
2016-05-31T07:03:13Z,47.65723333,9.15803333,0,NA,DER JC78387 (UniKN 4355),Anas platyrhynchos
2016-06-01T07:07:25Z,47.65383333,9.15993333,0,249,DER JC78387 (UniKN 4355),Anas platyrhynchos
2016-06-02T07:05:59Z,47.65391667,9.15978333,0,150,DER JC78387 (UniKN 4355),Anas platyrhynchos
2016-06-03T07:05:43Z,47.657,9.15806667,0,83,DER JC78387 (UniKN 4355),Anas platyrhynchos
2016-06-04T00:00:37Z,47.6539,9.16008333,0,204,DER JC78387 (UniKN 4355),Anas platyrhynchos
2016-06-05T18:35:08Z,47.65725,9.15806667,0,205,DER JC78387 (UniKN 4355),Anas platyrhynchos
2016-06-06T07:05:31Z,47.65691667,9.15815,0,66,DER JC78387 (UniKN 4355),Anas platyrhynchos
2016-06-07T07:09:07Z,47.65721667,9.15808333,0,45,DER JC78387 (UniKN 4355),Anas platyrhynchos
2016-06-08T07:08:08Z,47.65716667,9.15816667,0,100,DER JC78387 (UniKN 4355),Anas platyrhynchos
2016-06-09T07:02:44Z,47.65723333,9.15806667,0,83,DER JC78387 (UniKN 4355),Anas platyrhynchos
2016-06-10T07:07:37Z,47.65396667,9.15991667,0,126,DER JC78387 (UniKN 4355),Anas platyrhynchos
2016-06-11T07:08:41Z,47.65386667,9.15986667,0,161,DER JC78387 (UniKN 4355),Anas platyrhynchos
2016-06-12T07:05:32Z,47.65733333,9.15801667,0,88,DER JC78387 (UniKN 4355),Anas platyrhynchos
2016-06-13T07:04:06Z,47.65401667,9.15993333,0,75,DER JC78387 (UniKN 4355),Anas platyrhynchos
2016-06-14T07:03:41Z,47.65738333,9.15806667,1,181,DER JC78387 (UniKN 4355),Anas platyrhynchos
2016-06-15T07:04:03Z,47.65718333,9.15823333,0,82,DER JC78387 (UniKN 4355),Anas platyrhynchos
2016-06-16T07:02:36Z,47.65723333,9.1581,0,51,DER JC78387 (UniKN 4355),Anas platyrhynchos
2016-06-17T07:03:01Z,47.65378333,9.15986667,0,213,DER JC78387 (UniKN 4355),Anas platyrhynchos
2016-06-18T07:08:37Z,47.6573,9.15805,0,238,DER JC78387 (UniKN 4355),Anas platyrhynchos
2016-06-19T07:06:56Z,47.65411667,9.15993333,0,123,DER JC78387 (UniKN 4355),Anas platyrhynchos
2016-06-20T07:04:38Z,47.65398333,9.15986667,0,55,DER JC78387 (UniKN 4355),Anas platyrhynchos
2016-06-21T07:08:06Z,47.65721667,9.15811667,0,89,DER JC78387 (UniKN 4355),Anas platyrhynchos
2016-06-22T07:07:06Z,47.65661667,9.15833333,0,58,DER JC78387 (UniKN 4355),Anas platyrhynchos
2016-06-23T07:11:19Z,47.65718333,9.15815,0,64,DER JC78387 (UniKN 4355),Anas platyrhynchos
2016-06-24T07:12:55Z,47.65383333,9.16006667,0,99,DER JC78387 (UniKN 4355),Anas platyrhynchos
2016-06-25T07:11:37Z,47.65726667,9.15801667,0,93,DER JC78387 (UniKN 4355),Anas platyrhynchos
2016-06-26T07:06:36Z,47.65403333,9.15996667,0,64,DER JC78387 (UniKN 4355),Anas platyrhynchos
2016-06-27T07:06:01Z,47.65713333,9.15803333,0,113,DER JC78387 (UniKN 4355),Anas platyrhynchos
2016-06-28T07:08:36Z,47.65393333,9.15995,0,46,DER JC78387 (UniKN 4355),Anas platyrhynchos
2016-06-29T07:09:27Z,47.65726667,9.15803333,0,78,DER JC78387 (UniKN 4355),Anas platyrhynchos
2016-06-30T07:09:15Z,47.65413333,9.15981667,0,79,DER JC78387 (UniKN 4355),Anas platyrhynchos
2016-07-01T07:07:31Z,47.65716667,9.15813333,0,62,DER JC78387 (UniKN 4355),Anas platyrhynchos
2016-07-02T07:13:09Z,47.65745,9.15818333,0,249,DER JC78387 (UniKN 4355),Anas platyrhynchos
2016-07-03T07:03:38Z,47.65661667,9.15831667,0,86,DER JC78387 (UniKN 4355),Anas platyrhynchos
2016-07-04T07:07:31Z,47.65705,9.15811667,0,67,DER JC78387 (UniKN 4355),Anas platyrhynchos
2016-07-05T07:08:06Z,47.65396667,9.15986667,0,65,DER JC78387 (UniKN 4355),Anas platyrhynchos
2016-07-06T07:09:44Z,47.65721667,9.15793333,0,107,DER JC78387 (UniKN 4355),Anas platyrhynchos
2016-07-07T07:10:37Z,47.65398333,9.15985,0,90,DER JC78387 (UniKN 4355),Anas platyrhynchos
2016-07-08T07:10:07Z,47.65691667,9.15823333,0,122,DER JC78387 (UniKN 4355),Anas platyrhynchos
2016-07-09T07:11:10Z,47.65703333,9.15811667,0,82,DER JC78387 (UniKN 4355),Anas platyrhynchos
2016-07-10T00:00:17Z,47.65385,9.16006667,0,151,DER JC78387 (UniKN 4355),Anas platyrhynchos
2016-07-11T18:40:06Z,47.65701667,9.15811667,0,75,DER JC78387 (UniKN 4355),Anas platyrhynchos
2016-07-12T07:10:37Z,47.6572,9.15805,0,177,DER JC78387 (UniKN 4355),Anas platyrhynchos
2016-07-13T07:04:44Z,47.65398333,9.15983333,0,124,DER JC78387 (UniKN 4355),Anas platyrhynchos
2016-07-14T07:02:06Z,47.654,9.15991667,0,64,DER JC78387 (UniKN 4355),Anas platyrhynchos
2016-07-15T07:03:04Z,47.6541,9.16003333,0,74,DER JC78387 (UniKN 4355),Anas platyrhynchos
2016-07-16T07:04:06Z,47.65403333,9.15988333,0,53,DER JC78387 (UniKN 4355),Anas platyrhynchos
2016-07-17T07:10:06Z,47.65346667,9.16105,0,75,DER JC78387 (UniKN 4355),Anas platyrhynchos
2016-07-18T07:10:06Z,47.65396667,9.1599,0,52,DER JC78387 (UniKN 4355),Anas platyrhynchos
2016-07-19T07:10:36Z,47.65401667,9.15986667,0,61,DER JC78387 (UniKN 4355),Anas platyrhynchos
2016-07-20T07:10:37Z,47.65403333,9.15986667,0,65,DER JC78387 (UniKN 4355),Anas platyrhynchos
2016-07-21T07:10:15Z,47.65401667,9.15985,0,64,DER JC78387 (UniKN 4355),Anas platyrhynchos
2016-07-22T07:09:45Z,47.654,9.15996667,0,76,DER JC78387 (UniKN 4355),Anas platyrhynchos
2016-07-23T07:10:18Z,47.65381667,9.16003333,0,200,DER JC78387 (UniKN 4355),Anas platyrhynchos
2016-07-24T07:10:01Z,47.65405,9.1602,0,88,DER JC78387 (UniKN 4355),Anas platyrhynchos
2016-07-25T07:12:05Z,47.6538,9.16001667,0,170,DER JC78387 (UniKN 4355),Anas platyrhynchos
2016-07-26T07:08:55Z,47.65381667,9.16,0,62,DER JC78387 (UniKN 4355),Anas platyrhynchos
2016-07-27T07:11:08Z,47.65403333,9.1599,0,116,DER JC78387 (UniKN 4355),Anas platyrhynchos
2016-07-28T00:00:45Z,47.65376667,9.16031667,0,187,DER JC78387 (UniKN 4355),Anas platyrhynchos
2016-07-29T07:10:25Z,47.65401667,9.1599,0,76,DER JC78387 (UniKN 4355),Anas platyrhynchos
2016-07-30T07:10:19Z,47.6541,9.15991667,0,83,DER JC78387 (UniKN 4355),Anas platyrhynchos
2016-07-31T07:10:15Z,47.654,9.15985,0,88,DER JC78387 (UniKN 4355),Anas platyrhynchos
2016-08-01T07:05:26Z,47.65398333,9.15991667,0,115,DER JC78387 (UniKN 4355),Anas platyrhynchos
2016-08-02T07:06:36Z,47.65416667,9.1599,0,46,DER JC78387 (UniKN 4355),Anas platyrhynchos
2016-08-03T07:08:40Z,47.65405,9.16,0,127,DER JC78387 (UniKN 4355),Anas platyrhynchos
2016-08-04T18:36:36Z,47.6538,9.16003333,0,75,DER JC78387 (UniKN 4355),Anas platyrhynchos
2016-08-05T07:08:14Z,47.6538,9.16246667,0,204,DER JC78387 (UniKN 4355),Anas platyrhynchos
2016-08-06T18:33:43Z,47.65405,9.15996667,0,50,DER JC78387 (UniKN 4355),Anas platyrhynchos
2016-08-07T07:09:31Z,47.65398333,9.1599,0,66,DER JC78387 (UniKN 4355),Anas platyrhynchos
2016-08-08T07:09:18Z,47.6537,9.16003333,0,90,DER JC78387 (UniKN 4355),Anas platyrhynchos
2016-08-09T07:09:44Z,47.6537,9.16008333,0,91,DER JC78387 (UniKN 4355),Anas platyrhynchos
2016-08-10T07:04:55Z,47.65406667,9.15985,0,112,DER JC78387 (UniKN 4355),Anas platyrhynchos
2016-08-11T07:04:43Z,47.65403333,9.16001667,0,43,DER JC78387 (UniKN 4355),Anas platyrhynchos
2016-08-12T18:35:40Z,47.654,9.16143333,0,258,DER JC78387 (UniKN 4355),Anas platyrhynchos
2016-08-13T07:05:06Z,47.65398333,9.1599,0,73,DER JC78387 (UniKN 4355),Anas platyrhynchos
2016-08-14T07:10:25Z,47.65381667,9.16006667,0,168,DER JC78387 (UniKN 4355),Anas platyrhynchos
2016-08-15T18:39:07Z,47.65385,9.16005,0,162,DER JC78387 (UniKN 4355),Anas platyrhynchos
2016-08-16T07:12:38Z,47.65386667,9.15996667,0,238,DER JC78387 (UniKN 4355),Anas platyrhynchos
2016-08-17T07:11:37Z,47.65383333,9.16003333,0,219,DER JC78387 (UniKN 4355),Anas platyrhynchos
2016-08-18T07:09:15Z,47.65396667,9.15986667,0,119,DER JC78387 (UniKN 4355),Anas platyrhynchos
2016-08-19T18:33:51Z,47.65381667,9.16008333,0,147,DER JC78387 (UniKN 4355),Anas platyrhynchos
2016-08-20T07:09:45Z,47.6539,9.16005,0,156,DER JC78387 (UniKN 4355),Anas platyrhynchos
2016-08-21T07:04:36Z,47.65401667,9.15986667,0,72,DER JC78387 (UniKN 4355),Anas platyrhynchos
2016-08-22T18:33:44Z,47.65388333,9.16001667,0,83,DER JC78387 (UniKN 4355),Anas platyrhynchos
2016-08-23T07:08:06Z,47.654,9.15991667,0,76,DER JC78387 (UniKN 4355),Anas platyrhynchos
2016-08-24T07:08:42Z,47.65385,9.16003333,0,191,DER JC78387 (UniKN 4355),Anas platyrhynchos
2016-08-25T07:09:31Z,47.65403333,9.15986667,0,143,DER JC78387 (UniKN 4355),Anas platyrhynchos
2016-08-26T07:08:31Z,47.65401667,9.15986667,0,71,DER JC78387 (UniKN 4355),Anas platyrhynchos
2016-08-27T07:11:34Z,47.65395,9.16005,0,294,DER JC78387 (UniKN 4355),Anas platyrhynchos
2016-08-28T07:10:25Z,47.654,9.15985,0,141,DER JC78387 (UniKN 4355),Anas platyrhynchos
2016-08-29T07:10:08Z,47.65365,9.16006667,0,111,DER JC78387 (UniKN 4355),Anas platyrhynchos
2016-08-30T07:07:04Z,47.65713333,9.15815,0,88,DER JC78387 (UniKN 4355),Anas platyrhynchos
2016-08-31T07:08:08Z,47.65703333,9.15825,0,175,DER JC78387 (UniKN 4355),Anas platyrhynchos
2016-09-01T18:34:26Z,47.6571,9.1578,0,102,DER JC78387 (UniKN 4355),Anas platyrhynchos
2016-09-02T07:07:31Z,47.65691667,9.15818333,0,148,DER JC78387 (UniKN 4355),Anas platyrhynchos
2016-09-03T07:09:44Z,47.65721667,9.15808333,0,134,DER JC78387 (UniKN 4355),Anas platyrhynchos
2016-09-04T07:08:36Z,47.65385,9.16005,0,106,DER JC78387 (UniKN 4355),Anas platyrhynchos
2016-09-05T07:05:21Z,47.65375,9.16008333,0,137,DER JC78387 (UniKN 4355),Anas platyrhynchos
2016-09-06T07:07:18Z,47.6541,9.1597,0,279,DER JC78387 (UniKN 4355),Anas platyrhynchos
2016-09-07T07:06:40Z,47.65696667,9.15815,0,140,DER JC78387 (UniKN 4355),Anas platyrhynchos
2016-09-08T07:08:13Z,47.65836667,9.15653333,0,145,DER JC78387 (UniKN 4355),Anas platyrhynchos
2016-09-09T07:08:13Z,47.65696667,9.1582,0,59,DER JC78387 (UniKN 4355),Anas platyrhynchos
2016-09-10T07:08:01Z,47.65406667,9.15991667,0,68,DER JC78387 (UniKN 4355),Anas platyrhynchos
2016-09-11T07:09:05Z,47.65408333,9.1599,0,297,DER JC78387 (UniKN 4355),Anas platyrhynchos
2016-09-12T07:06:13Z,47.65385,9.15998333,0,55,DER JC78387 (UniKN 4355),Anas platyrhynchos
2016-09-13T07:05:36Z,47.65401667,9.15988333,0,56,DER JC78387 (UniKN 4355),Anas platyrhynchos
2016-09-14T07:07:31Z,47.654,9.15993333,0,98,DER JC78387 (UniKN 4355),Anas platyrhynchos
2016-09-15T07:09:07Z,47.6538,9.16011667,0,195,DER JC78387 (UniKN 4355),Anas platyrhynchos
2016-09-16T07:07:10Z,47.65411667,9.16,0,207,DER JC78387 (UniKN 4355),Anas platyrhynchos
2016-09-17T07:05:05Z,47.65418333,9.15975,0,127,DER JC78387 (UniKN 4355),Anas platyrhynchos
2016-09-18T07:03:56Z,47.65401667,9.15991667,0,148,DER JC78387 (UniKN 4355),Anas platyrhynchos
2016-09-19T07:03:37Z,47.65656667,9.15838333,0,169,DER JC78387 (UniKN 4355),Anas platyrhynchos
2016-09-20T07:02:36Z,47.66675,9.14931667,0,52,DER JC78387 (UniKN 4355),Anas platyrhynchos
2016-09-21T07:04:25Z,47.65718333,9.15805,0,189,DER JC78387 (UniKN 4355),Anas platyrhynchos
2016-09-22T07:03:02Z,47.65396667,9.15993333,0,58,DER JC78387 (UniKN 4355),Anas platyrhynchos
2016-09-23T07:02:48Z,47.6535,9.16001667,0,78,DER JC78387 (UniKN 4355),Anas platyrhynchos
2016-09-24T18:28:42Z,47.65383333,9.16005,0,71,DER JC78387 (UniKN 4355),Anas platyrhynchos
2016-09-25T07:04:07Z,47.65396667,9.15985,0,103,DER JC78387 (UniKN 4355),Anas platyrhynchos
2016-09-26T18:30:25Z,47.65385,9.16,0,99,DER JC78387 (UniKN 4355),Anas platyrhynchos
2016-09-27T07:05:36Z,47.65701667,9.15806667,0,62,DER JC78387 (UniKN 4355),Anas platyrhynchos
2016-09-28T23:58:39Z,47.65385,9.1599,0,79,DER JC78387 (UniKN 4355),Anas platyrhynchos
2016-09-29T07:04:14Z,47.65398333,9.15993333,0,144,DER JC78387 (UniKN 4355),Anas platyrhynchos
2016-09-30T18:28:14Z,47.6539,9.15971667,0,65,DER JC78387 (UniKN 4355),Anas platyrhynchos
2016-10-01T07:05:06Z,47.65368333,9.16026667,0,156,DER JC78387 (UniKN 4355),Anas platyrhynchos
2016-10-02T07:03:50Z,47.65393333,9.16006667,0,85,DER JC78387 (UniKN 4355),Anas platyrhynchos
2016-10-03T07:02:17Z,47.65408333,9.15991667,0,96,DER JC78387 (UniKN 4355),Anas platyrhynchos
2016-10-04T18:26:01Z,47.65383333,9.16,0,62,DER JC78387 (UniKN 4355),Anas platyrhynchos
2016-10-05T07:01:07Z,47.66875,9.15155,0,101,DER JC78387 (UniKN 4355),Anas platyrhynchos
2016-10-06T07:01:38Z,47.65393333,9.1595,0,282,DER JC78387 (UniKN 4355),Anas platyrhynchos
2016-10-07T07:01:07Z,47.65378333,9.15998333,0,128,DER JC78387 (UniKN 4355),Anas platyrhynchos
2016-10-08T18:22:41Z,47.66626667,9.15028333,0,75,DER JC78387 (UniKN 4355),Anas platyrhynchos
2016-10-09T07:00:07Z,47.65378333,9.16005,0,107,DER JC78387 (UniKN 4355),Anas platyrhynchos
2016-10-10T06:58:36Z,47.65388333,9.16003333,0,63,DER JC78387 (UniKN 4355),Anas platyrhynchos
2016-10-11T06:59:06Z,47.65381667,9.16003333,0,58,DER JC78387 (UniKN 4355),Anas platyrhynchos
2016-10-12T06:58:18Z,47.65386667,9.16005,0,64,DER JC78387 (UniKN 4355),Anas platyrhynchos
2016-10-13T06:58:49Z,47.66673333,9.14928333,0,95,DER JC78387 (UniKN 4355),Anas platyrhynchos
2016-10-14T07:00:45Z,47.66626667,9.14968333,0,164,DER JC78387 (UniKN 4355),Anas platyrhynchos
2016-10-15T07:00:31Z,47.66676667,9.14936667,0,124,DER JC78387 (UniKN 4355),Anas platyrhynchos
2016-10-16T07:01:07Z,47.66635,9.11056667,0,99,DER JC78387 (UniKN 4355),Anas platyrhynchos
2016-10-17T07:01:08Z,47.66686667,9.14933333,0,81,DER JC78387 (UniKN 4355),Anas platyrhynchos
2016-10-18T07:01:30Z,47.66691667,9.1494,0,90,DER JC78387 (UniKN 4355),Anas platyrhynchos
2016-10-19T07:02:06Z,47.66681667,9.14923333,0,112,DER JC78387 (UniKN 4355),Anas platyrhynchos
2016-10-20T06:58:36Z,47.66681667,9.14943333,0,56,DER JC78387 (UniKN 4355),Anas platyrhynchos
2016-10-21T06:59:07Z,47.66678333,9.14921667,0,71,DER JC78387 (UniKN 4355),Anas platyrhynchos
2016-10-22T11:45:38Z,47.66676667,9.1493,0,86,DER JC78387 (UniKN 4355),Anas platyrhynchos
2016-10-23T07:01:39Z,47.66578333,9.14703333,0,225,DER JC78387 (UniKN 4355),Anas platyrhynchos
2016-10-24T07:00:54Z,47.66628333,9.14863333,0,158,DER JC78387 (UniKN 4355),Anas platyrhynchos
2016-10-25T07:03:14Z,47.66681667,9.14928333,0,163,DER JC78387 (UniKN 4355),Anas platyrhynchos
2016-10-26T07:02:06Z,47.66683333,9.14925,0,80,DER JC78387 (UniKN 4355),Anas platyrhynchos
2016-10-27T07:00:28Z,47.6658,9.14713333,0,92,DER JC78387 (UniKN 4355),Anas platyrhynchos
2016-10-28T07:01:07Z,47.66365,9.14135,0,88,DER JC78387 (UniKN 4355),Anas platyrhynchos
2016-10-29T06:59:55Z,47.66685,9.14931667,0,85,DER JC78387 (UniKN 4355),Anas platyrhynchos
2016-10-30T07:00:06Z,47.6668,9.14931667,0,62,DER JC78387 (UniKN 4355),Anas platyrhynchos
2016-10-31T06:59:40Z,47.66655,9.11053333,0,85,DER JC78387 (UniKN 4355),Anas platyrhynchos
2016-11-01T07:02:55Z,47.66615,9.1183,0,147,DER JC78387 (UniKN 4355),Anas platyrhynchos
2016-11-02T07:01:51Z,47.6672,9.11103333,0,68,DER JC78387 (UniKN 4355),Anas platyrhynchos
2016-11-03T07:02:37Z,47.66568333,9.14725,0,281,DER JC78387 (UniKN 4355),Anas platyrhynchos
2016-11-04T07:01:37Z,47.66635,9.14758333,0,255,DER JC78387 (UniKN 4355),Anas platyrhynchos
2016-11-05T06:59:46Z,47.66681667,9.14935,0,102,DER JC78387 (UniKN 4355),Anas platyrhynchos
2016-11-06T06:59:29Z,47.66633333,9.14878333,0,73,DER JC78387 (UniKN 4355),Anas platyrhynchos
2016-11-07T06:56:55Z,47.66683333,9.14935,0,78,DER JC78387 (UniKN 4355),Anas platyrhynchos
2016-11-08T06:59:07Z,47.66685,9.14936667,0,161,DER JC78387 (UniKN 4355),Anas platyrhynchos
2016-11-09T06:58:12Z,47.6665,9.14865,0,142,DER JC78387 (UniKN 4355),Anas platyrhynchos
2016-11-10T06:56:36Z,47.65346667,9.16025,0,93,DER JC78387 (UniKN 4355),Anas platyrhynchos
2016-11-11T06:59:52Z,47.66646667,9.14855,0,219,DER JC78387 (UniKN 4355),Anas platyrhynchos
2016-11-12T06:58:06Z,47.66676667,9.14925,0,62,DER JC78387 (UniKN 4355),Anas platyrhynchos
2016-11-13T06:58:09Z,47.65416667,9.16093333,0,102,DER JC78387 (UniKN 4355),Anas platyrhynchos
2016-11-14T06:58:00Z,47.6538,9.15996667,0,60,DER JC78387 (UniKN 4355),Anas platyrhynchos
2016-11-15T06:58:44Z,47.65366667,9.16048333,0,83,DER JC78387 (UniKN 4355),Anas platyrhynchos
2016-11-16T07:01:46Z,47.65378333,9.16268333,0,107,DER JC78387 (UniKN 4355),Anas platyrhynchos
2016-11-17T07:01:44Z,47.65371667,9.1625,0,76,DER JC78387 (UniKN 4355),Anas platyrhynchos
2016-11-18T07:01:36Z,47.65373333,9.1625,0,56,DER JC78387 (UniKN 4355),Anas platyrhynchos
2016-11-19T07:00:48Z,47.65373333,9.15996667,0,69,DER JC78387 (UniKN 4355),Anas platyrhynchos
2016-11-20T06:59:31Z,47.6538,9.16253333,0,56,DER JC78387 (UniKN 4355),Anas platyrhynchos
2016-11-21T07:00:07Z,47.65378333,9.16251667,0,45,DER JC78387 (UniKN 4355),Anas platyrhynchos
2016-11-22T07:02:45Z,47.65368333,9.16008333,0,94,DER JC78387 (UniKN 4355),Anas platyrhynchos
2016-11-23T07:03:43Z,47.65395,9.15993333,0,59,DER JC78387 (UniKN 4355),Anas platyrhynchos
2016-11-24T07:03:12Z,47.65361667,9.1627,0,89,DER JC78387 (UniKN 4355),Anas platyrhynchos
2016-11-25T07:03:44Z,47.6538,9.16006667,0,74,DER JC78387 (UniKN 4355),Anas platyrhynchos
2016-11-26T07:03:39Z,47.65373333,9.16253333,0,143,DER JC78387 (UniKN 4355),Anas platyrhynchos
2016-11-27T07:03:36Z,47.65383333,9.16003333,0,49,DER JC78387 (UniKN 4355),Anas platyrhynchos
2016-11-28T09:33:34Z,47.65378333,9.16005,0,31,DER JC78387 (UniKN 4355),Anas platyrhynchos
2016-11-29T09:28:32Z,47.6539,9.15993333,0,40,DER JC78387 (UniKN 4355),Anas platyrhynchos
2016-11-30T09:45:56Z,47.65723333,9.15803333,0,58,DER JC78387 (UniKN 4355),Anas platyrhynchos
2016-12-01T09:39:37Z,47.65725,9.15805,0,58,DER JC78387 (UniKN 4355),Anas platyrhynchos
2016-12-02T09:35:40Z,47.6565,9.15835,0,55,DER JC78387 (UniKN 4355),Anas platyrhynchos
2016-12-09T12:52:37Z,47.6668,9.14931667,0,64,DER JC78387 (UniKN 4355),Anas platyrhynchos
2016-12-10T11:52:37Z,47.65403333,9.15996667,0,56,DER JC78387 (UniKN 4355),Anas platyrhynchos
2016-12-14T12:09:37Z,47.66345,9.14055,0,53,DER JC78387 (UniKN 4355),Anas platyrhynchos
2016-12-28T11:43:37Z,47.66355,9.14066667,0,49,DER JC78387 (UniKN 4355),Anas platyrhynchos
2017-01-03T12:06:25Z,47.6635,9.14051667,0,54,DER JC78387 (UniKN 4355),Anas platyrhynchos
2017-01-28T10:31:35Z,47.66375,9.1413,0,35,DER JC78387 (UniKN 4355),Anas platyrhynchos
2017-02-03T13:05:33Z,47.65658333,9.15825,0,71,DER JC78387 (UniKN 4355),Anas platyrhynchos
2017-02-04T12:24:45Z,47.65653333,9.15821667,0,81,DER JC78387 (UniKN 4355),Anas platyrhynchos
2017-02-06T11:34:03Z,47.65653333,9.15841667,0,56,DER JC78387 (UniKN 4355),Anas platyrhynchos
2017-02-07T11:43:06Z,47.65658333,9.15843333,0,54,DER JC78387 (UniKN 4355),Anas platyrhynchos
2017-02-10T10:57:27Z,47.65653333,9.15843333,0,21,DER JC78387 (UniKN 4355),Anas platyrhynchos
2017-02-15T11:48:08Z,47.65398333,9.15988333,0,12,DER JC78387 (UniKN 4355),Anas platyrhynchos
2017-02-16T12:25:04Z,47.65421667,9.15961667,0,153,DER JC78387 (UniKN 4355),Anas platyrhynchos
2017-02-18T11:51:35Z,47.65405,9.16025,0,60,DER JC78387 (UniKN 4355),Anas platyrhynchos
2017-02-19T12:37:06Z,47.654,9.15996667,0,45,DER JC78387 (UniKN 4355),Anas platyrhynchos
2017-02-22T11:33:13Z,47.65401667,9.16013333,0,39,DER JC78387 (UniKN 4355),Anas platyrhynchos
2017-02-23T08:26:39Z,47.65398333,9.15983333,0,65,DER JC78387 (UniKN 4355),Anas platyrhynchos
2017-02-25T09:56:04Z,47.654,9.1599,0,51,DER JC78387 (UniKN 4355),Anas platyrhynchos
2017-02-26T09:35:01Z,47.65341667,9.15985,0,67,DER JC78387 (UniKN 4355),Anas platyrhynchos
2017-02-27T08:45:48Z,47.65403333,9.1599,0,100,DER JC78387 (UniKN 4355),Anas platyrhynchos
2017-02-28T13:39:06Z,47.6538,9.15985,0,61,DER JC78387 (UniKN 4355),Anas platyrhynchos
2017-03-02T09:57:36Z,47.65398333,9.15993333,0,56,DER JC78387 (UniKN 4355),Anas platyrhynchos
2017-03-03T07:45:24Z,47.65395,9.1598,0,45,DER JC78387 (UniKN 4355),Anas platyrhynchos
2017-03-04T07:07:17Z,47.65393333,9.1599,0,43,DER JC78387 (UniKN 4355),Anas platyrhynchos
2017-03-05T07:05:03Z,47.6539,9.15988333,0,77,DER JC78387 (UniKN 4355),Anas platyrhynchos
2017-03-06T07:03:23Z,47.65428333,9.15961667,0,121,DER JC78387 (UniKN 4355),Anas platyrhynchos
2017-03-07T07:04:06Z,47.65386667,9.15993333,0,199,DER JC78387 (UniKN 4355),Anas platyrhynchos
2017-03-08T07:01:35Z,47.65401667,9.15988333,0,84,DER JC78387 (UniKN 4355),Anas platyrhynchos
2017-03-09T18:25:05Z,47.65386667,9.16001667,0,83,DER JC78387 (UniKN 4355),Anas platyrhynchos
2017-03-10T07:03:44Z,47.65383333,9.16006667,0,185,DER JC78387 (UniKN 4355),Anas platyrhynchos
2017-03-11T07:03:14Z,47.65378333,9.16,0,66,DER JC78387 (UniKN 4355),Anas platyrhynchos
2017-03-12T07:00:44Z,47.65398333,9.15988333,0,56,DER JC78387 (UniKN 4355),Anas platyrhynchos
2017-03-13T07:02:36Z,47.65396667,9.15988333,0,82,DER JC78387 (UniKN 4355),Anas platyrhynchos
2017-03-14T07:00:36Z,47.65388333,9.1599,0,63,DER JC78387 (UniKN 4355),Anas platyrhynchos
2017-03-15T07:01:42Z,47.65395,9.15978333,0,61,DER JC78387 (UniKN 4355),Anas platyrhynchos
2017-03-16T07:04:33Z,47.65401667,9.16001667,0,248,DER JC78387 (UniKN 4355),Anas platyrhynchos
2017-03-17T07:02:13Z,47.65401667,9.15996667,0,85,DER JC78387 (UniKN 4355),Anas platyrhynchos
2017-03-18T07:01:43Z,47.6541,9.15983333,0,42,DER JC78387 (UniKN 4355),Anas platyrhynchos
2017-03-19T18:23:37Z,47.67138333,9.12661667,0,110,DER JC78387 (UniKN 4355),Anas platyrhynchos
2017-03-20T07:01:36Z,47.65393333,9.1599,0,81,DER JC78387 (UniKN 4355),Anas platyrhynchos
2017-03-21T07:01:23Z,47.65403333,9.15996667,0,58,DER JC78387 (UniKN 4355),Anas platyrhynchos
2017-03-22T07:00:30Z,47.65393333,9.15975,0,53,DER JC78387 (UniKN 4355),Anas platyrhynchos
2017-03-23T07:00:42Z,47.66633333,9.15033333,0,145,DER JC78387 (UniKN 4355),Anas platyrhynchos
2017-03-24T18:25:24Z,47.66623333,9.15035,0,89,DER JC78387 (UniKN 4355),Anas platyrhynchos
2017-03-25T10:55:39Z,47.65425,9.1602,0,82,DER JC78387 (UniKN 4355),Anas platyrhynchos
2017-03-26T07:14:26Z,47.65395,9.15993333,0,61,DER JC78387 (UniKN 4355),Anas platyrhynchos
2017-03-27T07:01:08Z,47.65411667,9.16001667,0,58,DER JC78387 (UniKN 4355),Anas platyrhynchos
2017-03-28T07:01:24Z,47.654,9.15993333,0,82,DER JC78387 (UniKN 4355),Anas platyrhynchos
2017-03-29T07:03:36Z,47.6665,9.15025,0,207,DER JC78387 (UniKN 4355),Anas platyrhynchos
2017-03-30T07:02:10Z,47.66626667,9.15031667,0,130,DER JC78387 (UniKN 4355),Anas platyrhynchos
2017-03-31T18:22:24Z,47.66641667,9.15025,0,86,DER JC78387 (UniKN 4355),Anas platyrhynchos
2017-04-01T06:58:18Z,47.66581667,9.15121667,0,95,DER JC78387 (UniKN 4355),Anas platyrhynchos
2017-04-02T06:58:01Z,47.65386667,9.16005,0,115,DER JC78387 (UniKN 4355),Anas platyrhynchos
2017-04-03T06:59:11Z,47.66616667,9.15085,0,74,DER JC78387 (UniKN 4355),Anas platyrhynchos
2017-04-04T06:58:36Z,47.66166667,9.14908333,0,97,DER JC78387 (UniKN 4355),Anas platyrhynchos
2017-04-05T06:59:36Z,47.66351667,9.15126667,0,144,DER JC78387 (UniKN 4355),Anas platyrhynchos
2017-04-06T06:58:36Z,47.65401667,9.15986667,0,55,DER JC78387 (UniKN 4355),Anas platyrhynchos
2017-04-07T06:57:35Z,47.66441667,9.15213333,0,67,DER JC78387 (UniKN 4355),Anas platyrhynchos
2017-04-08T18:22:36Z,47.66423333,9.15131667,0,192,DER JC78387 (UniKN 4355),Anas platyrhynchos
2017-04-09T07:00:35Z,47.66423333,9.15111667,0,129,DER JC78387 (UniKN 4355),Anas platyrhynchos
2017-04-10T07:00:58Z,47.66435,9.15185,0,144,DER JC78387 (UniKN 4355),Anas platyrhynchos
2017-04-11T18:28:06Z,47.66636667,9.14993333,0,270,DER JC78387 (UniKN 4355),Anas platyrhynchos
2017-04-12T18:23:36Z,47.65385,9.16003333,0,59,DER JC78387 (UniKN 4355),Anas platyrhynchos
2017-04-13T07:04:30Z,47.65151667,9.16165,0,233,DER JC78387 (UniKN 4355),Anas platyrhynchos
2017-05-22T15:07:00Z,47.65401667,9.15811667,0,108,DER JC78387 (UniKN 4355),Anas platyrhynchos
2017-05-25T16:47:10Z,47.65718333,9.15813333,0,106,DER JC78387 (UniKN 4355),Anas platyrhynchos
2017-05-27T06:55:30Z,47.65731667,9.15813333,0,74,DER JC78387 (UniKN 4355),Anas platyrhynchos
2017-05-29T10:26:14Z,47.65715,9.15813333,0,82,DER JC78387 (UniKN 4355),Anas platyrhynchos
2017-05-31T09:45:16Z,47.65741667,9.15798333,0,72,DER JC78387 (UniKN 4355),Anas platyrhynchos
2017-06-02T16:30:05Z,47.6572,9.15795,0,63,DER JC78387 (UniKN 4355),Anas platyrhynchos
2017-06-04T13:49:36Z,47.65723333,9.15806667,0,102,DER JC78387 (UniKN 4355),Anas platyrhynchos
2017-06-10T11:26:36Z,47.65725,9.15811667,0,64,DER JC78387 (UniKN 4355),Anas platyrhynchos
2017-06-11T05:47:36Z,47.65693333,9.15813333,0,124,DER JC78387 (UniKN 4355),Anas platyrhynchos
2017-06-13T07:29:37Z,47.65706667,9.15811667,0,67,DER JC78387 (UniKN 4355),Anas platyrhynchos
2017-06-15T08:49:36Z,47.657,9.15813333,0,74,DER JC78387 (UniKN 4355),Anas platyrhynchos
2017-06-18T17:43:14Z,47.65725,9.15803333,0,43,DER JC78387 (UniKN 4355),Anas platyrhynchos
2017-06-23T10:41:36Z,47.65728333,9.15815,0,72,DER JC78387 (UniKN 4355),Anas platyrhynchos
2017-06-27T14:16:11Z,47.65723333,9.1581,0,78,DER JC78387 (UniKN 4355),Anas platyrhynchos
2017-06-30T08:22:07Z,47.65696667,9.15813333,0,99,DER JC78387 (UniKN 4355),Anas platyrhynchos
2017-07-03T14:27:06Z,47.6566,9.15841667,0,77,DER JC78387 (UniKN 4355),Anas platyrhynchos
2015-10-21T15:13:07Z,47.76681667,8.997,0,106,DER JC78390 (UniKN 4114),Anas platyrhynchos
2015-10-23T03:58:07Z,47.75285,9.01145,0,106,DER JC78390 (UniKN 4114),Anas platyrhynchos
2015-10-24T05:58:04Z,47.76026667,9.01088333,0,84,DER JC78390 (UniKN 4114),Anas platyrhynchos
2015-11-02T11:55:25Z,47.71863333,8.90876667,0,58,DER JC78390 (UniKN 4114),Anas platyrhynchos
2015-11-04T10:25:06Z,47.75475,9.01121667,0,72,DER JC78390 (UniKN 4114),Anas platyrhynchos
2015-11-05T11:59:45Z,47.71863333,8.90913333,0,167,DER JC78390 (UniKN 4114),Anas platyrhynchos
2015-11-06T09:07:39Z,47.71845,8.90868333,0,77,DER JC78390 (UniKN 4114),Anas platyrhynchos
2015-11-07T09:19:06Z,47.71841667,8.90811667,0,182,DER JC78390 (UniKN 4114),Anas platyrhynchos
2015-11-08T08:34:37Z,47.75938333,9.01036667,0,74,DER JC78390 (UniKN 4114),Anas platyrhynchos
2015-11-10T17:58:45Z,47.73406667,8.9241,0,78,DER JC78390 (UniKN 4114),Anas platyrhynchos
2015-11-11T10:03:07Z,47.73311667,8.92346667,0,152,DER JC78390 (UniKN 4114),Anas platyrhynchos
2015-11-12T12:21:07Z,47.73303333,8.9233,0,69,DER JC78390 (UniKN 4114),Anas platyrhynchos
2015-11-13T08:48:45Z,47.73298333,8.92346667,0,98,DER JC78390 (UniKN 4114),Anas platyrhynchos
2015-11-14T19:58:01Z,47.7359,8.92395,0,67,DER JC78390 (UniKN 4114),Anas platyrhynchos
2015-11-15T13:47:31Z,47.739,8.9222,0,126,DER JC78390 (UniKN 4114),Anas platyrhynchos
2015-11-16T09:15:25Z,47.73308333,8.92295,0,98,DER JC78390 (UniKN 4114),Anas platyrhynchos
2015-11-17T10:57:37Z,47.65558333,8.87968333,0,37,DER JC78390 (UniKN 4114),Anas platyrhynchos
2015-11-18T10:45:20Z,47.73436667,8.92235,0,126,DER JC78390 (UniKN 4114),Anas platyrhynchos
2015-11-19T12:36:01Z,47.73305,8.9237,0,94,DER JC78390 (UniKN 4114),Anas platyrhynchos
2015-11-21T10:51:22Z,47.7333,8.92336667,0,94,DER JC78390 (UniKN 4114),Anas platyrhynchos
2015-11-22T11:28:07Z,47.7332,8.9236,0,113,DER JC78390 (UniKN 4114),Anas platyrhynchos
2015-11-23T14:35:19Z,47.73361667,8.92281667,0,87,DER JC78390 (UniKN 4114),Anas platyrhynchos
2015-11-24T10:11:46Z,47.73273333,8.92145,0,84,DER JC78390 (UniKN 4114),Anas platyrhynchos
2015-12-02T10:44:15Z,47.76025,9.01063333,0,63,DER JC78390 (UniKN 4114),Anas platyrhynchos
2015-12-04T09:24:52Z,47.73303333,8.92335,0,104,DER JC78390 (UniKN 4114),Anas platyrhynchos
2015-12-05T14:23:17Z,47.73341667,8.92298333,0,72,DER JC78390 (UniKN 4114),Anas platyrhynchos
2015-12-06T11:22:38Z,47.73116667,8.94271667,0,72,DER JC78390 (UniKN 4114),Anas platyrhynchos
2015-12-07T10:07:36Z,47.7319,8.94298333,0,45,DER JC78390 (UniKN 4114),Anas platyrhynchos
2015-12-09T12:32:05Z,47.73118333,8.94261667,0,111,DER JC78390 (UniKN 4114),Anas platyrhynchos
2015-12-11T13:58:23Z,47.73296667,8.92356667,0,71,DER JC78390 (UniKN 4114),Anas platyrhynchos
2015-12-12T09:17:37Z,47.73133333,8.94255,0,108,DER JC78390 (UniKN 4114),Anas platyrhynchos
2015-12-13T12:36:28Z,47.73333333,8.92303333,0,86,DER JC78390 (UniKN 4114),Anas platyrhynchos
2015-12-14T11:12:30Z,47.73311667,8.92346667,0,63,DER JC78390 (UniKN 4114),Anas platyrhynchos
2015-12-17T09:15:55Z,47.73165,8.94371667,0,133,DER JC78390 (UniKN 4114),Anas platyrhynchos
2015-12-18T11:57:11Z,47.73121667,8.94256667,0,54,DER JC78390 (UniKN 4114),Anas platyrhynchos
2015-12-19T11:31:25Z,47.71858333,8.90556667,0,58,DER JC78390 (UniKN 4114),Anas platyrhynchos
2015-12-20T14:11:37Z,47.7185,8.90565,0,85,DER JC78390 (UniKN 4114),Anas platyrhynchos
2015-12-22T09:40:08Z,47.7315,8.9438,0,66,DER JC78390 (UniKN 4114),Anas platyrhynchos
2015-12-23T09:08:06Z,47.73118333,8.94278333,0,69,DER JC78390 (UniKN 4114),Anas platyrhynchos
2015-12-25T11:56:37Z,47.73143333,8.94338333,0,52,DER JC78390 (UniKN 4114),Anas platyrhynchos
2015-12-26T10:33:07Z,47.73121667,8.94361667,0,63,DER JC78390 (UniKN 4114),Anas platyrhynchos
2015-12-27T11:17:06Z,47.7312,8.94383333,0,54,DER JC78390 (UniKN 4114),Anas platyrhynchos
2015-12-28T12:06:06Z,47.73098333,8.94458333,0,48,DER JC78390 (UniKN 4114),Anas platyrhynchos
2015-12-30T10:34:37Z,47.731,8.94461667,0,57,DER JC78390 (UniKN 4114),Anas platyrhynchos
2016-01-01T10:56:38Z,47.72986667,8.94376667,0,60,DER JC78390 (UniKN 4114),Anas platyrhynchos
2016-01-03T10:39:36Z,47.73013333,8.94483333,0,45,DER JC78390 (UniKN 4114),Anas platyrhynchos
2016-01-04T13:29:55Z,47.7298,8.94388333,0,46,DER JC78390 (UniKN 4114),Anas platyrhynchos
2016-01-05T12:03:37Z,47.72971667,8.9441,0,48,DER JC78390 (UniKN 4114),Anas platyrhynchos
2016-01-07T09:11:37Z,47.73108333,8.9449,0,61,DER JC78390 (UniKN 4114),Anas platyrhynchos
2016-01-09T11:46:10Z,47.73131667,8.94363333,0,11,DER JC78390 (UniKN 4114),Anas platyrhynchos
2016-01-11T14:55:39Z,47.73326667,8.92341667,0,54,DER JC78390 (UniKN 4114),Anas platyrhynchos
2016-01-14T10:28:06Z,47.73126667,8.9426,0,62,DER JC78390 (UniKN 4114),Anas platyrhynchos
2016-01-16T10:44:37Z,47.71871667,8.90878333,0,112,DER JC78390 (UniKN 4114),Anas platyrhynchos
2016-01-21T10:12:37Z,47.72191667,8.87296667,0,77,DER JC78390 (UniKN 4114),Anas platyrhynchos
2016-02-07T11:58:11Z,47.71968333,8.91275,0,28,DER JC78390 (UniKN 4114),Anas platyrhynchos
2016-02-08T10:14:37Z,47.72055,8.91656667,0,72,DER JC78390 (UniKN 4114),Anas platyrhynchos
2016-02-11T13:32:32Z,47.71996667,8.91263333,0,106,DER JC78390 (UniKN 4114),Anas platyrhynchos
2016-02-12T12:06:07Z,47.72003333,8.91113333,0,82,DER JC78390 (UniKN 4114),Anas platyrhynchos
2016-02-13T12:00:37Z,47.72003333,8.91105,0,98,DER JC78390 (UniKN 4114),Anas platyrhynchos
2016-02-18T09:22:23Z,47.72,8.91203333,0,54,DER JC78390 (UniKN 4114),Anas platyrhynchos
2014-11-04T11:17:08Z,47.74903333,8.98118333,0,40,KN4001 - Radolfzell JC75946,Anas platyrhynchos
2014-11-07T10:32:40Z,47.76605,8.99765,0,287,KN4001 - Radolfzell JC75946,Anas platyrhynchos
2014-11-08T12:12:40Z,47.75035,9.03015,0,0,KN4001 - Radolfzell JC75946,Anas platyrhynchos
2014-11-09T14:55:20Z,47.66791667,9.11588333,0,284,KN4001 - Radolfzell JC75946,Anas platyrhynchos
2014-11-10T11:53:55Z,47.66561667,9.11123333,0,0,KN4001 - Radolfzell JC75946,Anas platyrhynchos
2014-11-11T11:17:08Z,47.6852,9.07383333,0,0,KN4001 - Radolfzell JC75946,Anas platyrhynchos
2014-12-20T14:16:11Z,47.76598333,8.9979,0,158,KN4001 - Radolfzell JC75946,Anas platyrhynchos
2014-12-22T14:25:00Z,47.7654,8.99995,0,0,KN4001 - Radolfzell JC75946,Anas platyrhynchos
2015-01-02T11:57:56Z,47.33898333,8.46378333,0,356,KN4001 - Radolfzell JC75946,Anas platyrhynchos
2015-01-03T12:07:25Z,47.34011667,8.463,0,88,KN4001 - Radolfzell JC75946,Anas platyrhynchos
2015-01-04T09:41:08Z,47.2868,8.43953333,0,187,KN4001 - Radolfzell JC75946,Anas platyrhynchos
2015-01-06T19:55:37Z,47.28633333,8.43971667,0,0,KN4001 - Radolfzell JC75946,Anas platyrhynchos
2015-01-07T00:55:40Z,47.30191667,8.44106667,0,0,KN4001 - Radolfzell JC75946,Anas platyrhynchos
2015-01-08T12:00:37Z,47.2862,8.44086667,0,75,KN4001 - Radolfzell JC75946,Anas platyrhynchos
2015-01-11T12:43:28Z,47.2863,8.43686667,0,286,KN4001 - Radolfzell JC75946,Anas platyrhynchos
2015-01-13T21:55:37Z,47.30511667,8.44146667,0,23,KN4001 - Radolfzell JC75946,Anas platyrhynchos
2015-01-14T00:55:12Z,47.3052,8.44088333,0,208,KN4001 - Radolfzell JC75946,Anas platyrhynchos
2015-01-18T12:45:38Z,47.28643333,8.44026667,0,276,KN4001 - Radolfzell JC75946,Anas platyrhynchos
2015-01-20T10:15:08Z,47.28956667,8.44156667,0,0,KN4001 - Radolfzell JC75946,Anas platyrhynchos
2015-01-21T00:55:40Z,47.3403,8.46271667,0,0,KN4001 - Radolfzell JC75946,Anas platyrhynchos
2015-01-24T14:38:37Z,47.75905,9.01043333,0,0,KN4001 - Radolfzell JC75946,Anas platyrhynchos
2015-02-04T13:55:31Z,47.76038333,9.01083333,0,0,KN4001 - Radolfzell JC75946,Anas platyrhynchos
2015-02-07T21:54:57Z,47.76733333,8.9961,0,0,KN4001 - Radolfzell JC75946,Anas platyrhynchos
2015-02-08T00:55:29Z,47.76743333,8.99576667,0,0,KN4001 - Radolfzell JC75946,Anas platyrhynchos
2015-02-09T14:07:03Z,47.70798333,9.04178333,0,7,KN4001 - Radolfzell JC75946,Anas platyrhynchos
2015-02-10T14:55:36Z,47.71931667,9.05305,0,27,KN4001 - Radolfzell JC75946,Anas platyrhynchos
2015-02-11T10:55:32Z,47.76678333,8.99738333,0,0,KN4001 - Radolfzell JC75946,Anas platyrhynchos
2015-02-12T12:16:08Z,47.73956667,8.99821667,0,55,KN4001 - Radolfzell JC75946,Anas platyrhynchos
2015-02-13T11:14:08Z,47.74006667,8.9976,0,180,KN4001 - Radolfzell JC75946,Anas platyrhynchos
2015-02-18T13:56:38Z,47.74008333,8.99755,0,0,KN4001 - Radolfzell JC75946,Anas platyrhynchos
2015-02-20T11:17:31Z,47.73773333,9.0013,0,176,KN4001 - Radolfzell JC75946,Anas platyrhynchos
2015-02-21T05:56:00Z,47.76678333,8.99605,0,0,KN4001 - Radolfzell JC75946,Anas platyrhynchos
2015-02-22T09:26:16Z,47.72046667,9.04878333,0,0,KN4001 - Radolfzell JC75946,Anas platyrhynchos
2015-02-23T11:55:02Z,47.67146667,9.09203333,0,0,KN4001 - Radolfzell JC75946,Anas platyrhynchos
2015-02-24T13:54:58Z,47.76636667,8.99698333,0,0,KN4001 - Radolfzell JC75946,Anas platyrhynchos
2015-02-26T14:55:45Z,47.73933333,8.99965,0,14,KN4001 - Radolfzell JC75946,Anas platyrhynchos
2015-02-27T07:47:10Z,47.76651667,8.9969,0,0,KN4001 - Radolfzell JC75946,Anas platyrhynchos
2014-11-08T02:00:13Z,47.72783333,8.94045,0,357,KN4104 - Radolfzell JC75947,Anas platyrhynchos
2014-11-13T17:28:21Z,47.7279,8.94026667,0,327,KN4104 - Radolfzell JC75947,Anas platyrhynchos
2014-11-15T10:00:47Z,47.73103333,8.94115,0,327,KN4104 - Radolfzell JC75947,Anas platyrhynchos
2014-11-16T14:39:43Z,47.72661667,8.93976667,0,327,KN4104 - Radolfzell JC75947,Anas platyrhynchos
2014-11-20T13:45:03Z,47.75733333,8.91441667,0,351,KN4104 - Radolfzell JC75947,Anas platyrhynchos
2014-12-08T11:02:26Z,47.72678333,8.93996667,0,351,KN4104 - Radolfzell JC75947,Anas platyrhynchos
2014-12-13T14:08:00Z,47.72766667,8.94028333,0,351,KN4104 - Radolfzell JC75947,Anas platyrhynchos
2014-12-16T11:37:02Z,47.72641667,8.93976667,0,351,KN4104 - Radolfzell JC75947,Anas platyrhynchos
2014-12-22T14:43:39Z,47.72785,8.9401,0,351,KN4104 - Radolfzell JC75947,Anas platyrhynchos
2014-12-24T15:10:39Z,47.72731667,8.93995,0,351,KN4104 - Radolfzell JC75947,Anas platyrhynchos
2014-12-25T12:18:09Z,47.72771667,8.94043333,0,351,KN4104 - Radolfzell JC75947,Anas platyrhynchos
2014-12-26T11:10:07Z,47.72663333,8.93991667,0,351,KN4104 - Radolfzell JC75947,Anas platyrhynchos
2015-01-01T12:30:50Z,47.71998333,8.91085,0,351,KN4104 - Radolfzell JC75947,Anas platyrhynchos
2015-01-02T09:01:09Z,47.7275,8.91893333,0,351,KN4104 - Radolfzell JC75947,Anas platyrhynchos
2015-01-04T13:50:37Z,47.72778333,8.94026667,0,351,KN4104 - Radolfzell JC75947,Anas platyrhynchos
2015-01-05T12:19:07Z,47.72773333,8.9404,0,351,KN4104 - Radolfzell JC75947,Anas platyrhynchos
2015-01-06T00:01:23Z,47.72731667,8.94203333,0,351,KN4104 - Radolfzell JC75947,Anas platyrhynchos
2015-01-07T14:21:11Z,47.72668333,8.9405,0,351,KN4104 - Radolfzell JC75947,Anas platyrhynchos
2015-01-08T12:19:38Z,47.72685,8.94073333,0,351,KN4104 - Radolfzell JC75947,Anas platyrhynchos
2015-01-13T18:04:16Z,47.7351,8.92313333,0,351,KN4104 - Radolfzell JC75947,Anas platyrhynchos
2015-01-16T12:55:56Z,47.72781667,8.94021667,0,351,KN4104 - Radolfzell JC75947,Anas platyrhynchos
2015-01-18T12:33:03Z,47.72778333,8.9404,0,351,KN4104 - Radolfzell JC75947,Anas platyrhynchos
2015-01-19T11:15:07Z,47.72773333,8.9406,0,351,KN4104 - Radolfzell JC75947,Anas platyrhynchos
2015-01-20T13:18:41Z,47.7274,8.91885,0,210,KN4104 - Radolfzell JC75947,Anas platyrhynchos
2015-01-24T13:06:48Z,47.72778333,8.94038333,0,210,KN4104 - Radolfzell JC75947,Anas platyrhynchos
2015-01-25T11:07:38Z,47.72771667,8.9403,0,210,KN4104 - Radolfzell JC75947,Anas platyrhynchos
2015-01-26T13:54:45Z,47.72643333,8.9390166700000009,0,210,KN4104 - Radolfzell JC75947,Anas platyrhynchos
2015-01-27T12:30:44Z,47.72696667,8.91635,0,210,KN4104 - Radolfzell JC75947,Anas platyrhynchos
2015-01-28T15:06:46Z,47.7269,8.93986667,0,210,KN4104 - Radolfzell JC75947,Anas platyrhynchos
2015-01-29T10:34:45Z,47.72708333,8.93991667,0,210,KN4104 - Radolfzell JC75947,Anas platyrhynchos
2015-01-30T12:43:14Z,47.72675,8.94006667,0,210,KN4104 - Radolfzell JC75947,Anas platyrhynchos
2015-01-31T15:53:17Z,47.72016667,8.91386667,0,210,KN4104 - Radolfzell JC75947,Anas platyrhynchos
2015-02-01T11:58:04Z,47.72771667,8.9404,0,210,KN4104 - Radolfzell JC75947,Anas platyrhynchos
2015-02-02T12:55:02Z,47.72705,8.93985,0,210,KN4104 - Radolfzell JC75947,Anas platyrhynchos
2015-02-03T13:35:38Z,47.72778333,8.94036667,0,210,KN4104 - Radolfzell JC75947,Anas platyrhynchos
2015-02-04T06:02:02Z,47.73305,8.92365,0,327,KN4104 - Radolfzell JC75947,Anas platyrhynchos
2015-02-05T12:01:02Z,47.73301667,8.92371667,0,327,KN4104 - Radolfzell JC75947,Anas platyrhynchos
2015-02-07T11:29:08Z,47.7274,8.91878333,0,327,KN4104 - Radolfzell JC75947,Anas platyrhynchos
2015-02-08T12:33:38Z,47.72916667,8.91801667,0,327,KN4104 - Radolfzell JC75947,Anas platyrhynchos
2015-02-09T12:34:56Z,47.7243,8.94251667,0,327,KN4104 - Radolfzell JC75947,Anas platyrhynchos
2015-02-10T14:33:38Z,47.76135,8.93035,0,327,KN4104 - Radolfzell JC75947,Anas platyrhynchos
2015-02-11T11:23:08Z,47.76158333,8.93743333,0,327,KN4104 - Radolfzell JC75947,Anas platyrhynchos
2015-02-13T11:43:12Z,47.76138333,8.93345,0,327,KN4104 - Radolfzell JC75947,Anas platyrhynchos
2015-02-19T13:53:48Z,47.76115,8.93,0,327,KN4104 - Radolfzell JC75947,Anas platyrhynchos
2015-02-20T00:26:07Z,47.76125,8.93026667,0,327,KN4104 - Radolfzell JC75947,Anas platyrhynchos
2015-02-23T09:30:38Z,47.76143333,8.9335,0,327,KN4104 - Radolfzell JC75947,Anas platyrhynchos
2015-02-24T10:31:29Z,47.76128333,8.93105,0,327,KN4104 - Radolfzell JC75947,Anas platyrhynchos
2015-02-25T09:53:08Z,47.76128333,8.93313333,0,327,KN4104 - Radolfzell JC75947,Anas platyrhynchos
2015-02-26T00:00:39Z,47.7613,8.93025,0,327,KN4104 - Radolfzell JC75947,Anas platyrhynchos
2015-02-27T00:01:10Z,47.76128333,8.9303,0,327,KN4104 - Radolfzell JC75947,Anas platyrhynchos
2015-02-28T11:22:30Z,47.76115,8.93031667,0,327,KN4104 - Radolfzell JC75947,Anas platyrhynchos
2015-03-01T08:34:38Z,47.76141667,8.93346667,0,323,KN4104 - Radolfzell JC75947,Anas platyrhynchos
2015-03-02T10:27:09Z,47.7614,8.93336667,0,323,KN4104 - Radolfzell JC75947,Anas platyrhynchos
2015-03-03T09:52:17Z,47.72773333,8.94045,0,323,KN4104 - Radolfzell JC75947,Anas platyrhynchos
2015-03-06T06:00:38Z,47.72726667,8.94035,0,68,KN4104 - Radolfzell JC75947,Anas platyrhynchos
2015-03-07T02:04:08Z,47.76123333,8.9302,0,68,KN4104 - Radolfzell JC75947,Anas platyrhynchos
2015-03-08T04:01:08Z,47.7321,8.94118333,0,68,KN4104 - Radolfzell JC75947,Anas platyrhynchos
2015-03-09T00:03:39Z,47.75718333,8.95808333,0,68,KN4104 - Radolfzell JC75947,Anas platyrhynchos
2015-03-10T00:01:07Z,47.75686667,8.96031667,0,68,KN4104 - Radolfzell JC75947,Anas platyrhynchos
2015-03-11T12:01:38Z,47.76145,8.93013333,0,68,KN4104 - Radolfzell JC75947,Anas platyrhynchos
2015-03-12T10:17:38Z,47.76146667,8.93033333,0,68,KN4104 - Radolfzell JC75947,Anas platyrhynchos
2015-03-13T02:03:38Z,47.76126667,8.93021667,0,68,KN4104 - Radolfzell JC75947,Anas platyrhynchos
2015-03-14T02:02:38Z,47.76118333,8.93025,0,68,KN4104 - Radolfzell JC75947,Anas platyrhynchos
2015-03-15T06:08:38Z,47.77168333,8.90601667,0,68,KN4104 - Radolfzell JC75947,Anas platyrhynchos
2015-03-16T04:00:43Z,47.7597,8.92798333,0,68,KN4104 - Radolfzell JC75947,Anas platyrhynchos
2015-03-17T06:02:02Z,47.77043333,8.9057,0,68,KN4104 - Radolfzell JC75947,Anas platyrhynchos
2015-03-18T06:02:38Z,47.7711,8.90596667,0,68,KN4104 - Radolfzell JC75947,Anas platyrhynchos
2015-03-21T04:00:39Z,47.72748333,8.94181667,0,226,KN4104 - Radolfzell JC75947,Anas platyrhynchos
2015-03-23T02:00:46Z,47.72748333,8.94195,0,226,KN4104 - Radolfzell JC75947,Anas platyrhynchos
2015-03-24T06:00:33Z,47.771,8.90593333,0,299,KN4104 - Radolfzell JC75947,Anas platyrhynchos
2015-03-26T04:00:22Z,47.72745,8.9419,0,40,KN4104 - Radolfzell JC75947,Anas platyrhynchos
2015-03-27T00:02:04Z,47.72746667,8.94183333,0,40,KN4104 - Radolfzell JC75947,Anas platyrhynchos
2015-03-28T02:00:38Z,47.72751667,8.94171667,0,40,KN4104 - Radolfzell JC75947,Anas platyrhynchos
2015-03-29T00:00:08Z,47.72745,8.94196667,0,40,KN4104 - Radolfzell JC75947,Anas platyrhynchos
2015-03-30T02:02:05Z,47.72573333,8.94135,0,40,KN4104 - Radolfzell JC75947,Anas platyrhynchos
2015-03-31T19:57:04Z,47.72768333,8.94086667,0,40,KN4104 - Radolfzell JC75947,Anas platyrhynchos
2015-04-01T00:03:59Z,47.72771667,8.94081667,0,40,KN4104 - Radolfzell JC75947,Anas platyrhynchos
2015-04-03T02:04:04Z,47.73308333,8.94216667,0,40,KN4104 - Radolfzell JC75947,Anas platyrhynchos
2015-04-04T02:01:14Z,47.72751667,8.94198333,0,40,KN4104 - Radolfzell JC75947,Anas platyrhynchos
2015-04-06T04:05:09Z,47.77108333,8.90586667,0,40,KN4104 - Radolfzell JC75947,Anas platyrhynchos
2015-04-07T04:01:10Z,47.77113333,8.9059,0,40,KN4104 - Radolfzell JC75947,Anas platyrhynchos
2015-04-08T06:04:17Z,47.77095,8.90588333,0,210,KN4104 - Radolfzell JC75947,Anas platyrhynchos
2015-04-09T06:00:33Z,47.7709,8.9058,0,210,KN4104 - Radolfzell JC75947,Anas platyrhynchos
2015-04-10T04:03:09Z,47.7698,8.9364,0,210,KN4104 - Radolfzell JC75947,Anas platyrhynchos
2015-04-11T00:10:31Z,47.75973333,8.928,0,210,KN4104 - Radolfzell JC75947,Anas platyrhynchos
2015-04-12T04:00:43Z,47.7597,8.9278,0,114,KN4104 - Radolfzell JC75947,Anas platyrhynchos
2015-04-13T02:13:29Z,47.75913333,8.9235,0,168,KN4104 - Radolfzell JC75947,Anas platyrhynchos
2015-04-18T14:04:08Z,47.72608333,8.92266667,0,168,KN4104 - Radolfzell JC75947,Anas platyrhynchos
2015-04-19T08:04:43Z,47.77091667,8.90585,0,168,KN4104 - Radolfzell JC75947,Anas platyrhynchos
2015-04-25T06:02:33Z,47.72618333,8.92261667,0,168,KN4104 - Radolfzell JC75947,Anas platyrhynchos
2015-04-26T15:55:56Z,47.76121667,8.93025,0,168,KN4104 - Radolfzell JC75947,Anas platyrhynchos
2015-04-27T10:02:17Z,47.72668333,8.92268333,0,168,KN4104 - Radolfzell JC75947,Anas platyrhynchos
2015-04-28T02:04:38Z,47.72778333,8.94038333,0,168,KN4104 - Radolfzell JC75947,Anas platyrhynchos
2015-04-29T15:55:14Z,47.77078333,8.90591667,0,168,KN4104 - Radolfzell JC75947,Anas platyrhynchos
2015-04-30T00:02:10Z,47.76323333,8.937,0,168,KN4104 - Radolfzell JC75947,Anas platyrhynchos
2015-05-02T02:00:16Z,47.77106667,8.90593333,0,168,KN4104 - Radolfzell JC75947,Anas platyrhynchos
2015-05-04T08:02:11Z,47.729,8.93823333,0,168,KN4104 - Radolfzell JC75947,Anas platyrhynchos
2015-05-05T02:01:02Z,47.7283,8.91213333,0,168,KN4104 - Radolfzell JC75947,Anas platyrhynchos
2015-05-09T06:10:09Z,47.74285,8.93666667,0,305,KN4104 - Radolfzell JC75947,Anas platyrhynchos
2015-05-10T00:01:38Z,47.73021667,8.93863333,0,305,KN4104 - Radolfzell JC75947,Anas platyrhynchos
2015-05-14T10:00:38Z,47.7425,8.93725,0,305,KN4104 - Radolfzell JC75947,Anas platyrhynchos
2015-05-15T00:03:02Z,47.73028333,8.93853333,0,305,KN4104 - Radolfzell JC75947,Anas platyrhynchos
2015-05-16T00:01:08Z,47.73078333,8.93855,0,305,KN4104 - Radolfzell JC75947,Anas platyrhynchos
2015-05-17T02:06:06Z,47.73025,8.93856667,0,305,KN4104 - Radolfzell JC75947,Anas platyrhynchos
2015-05-20T04:02:07Z,47.7426,8.93693333,0,305,KN4104 - Radolfzell JC75947,Anas platyrhynchos
2015-05-21T08:12:47Z,47.74281667,8.93666667,0,305,KN4104 - Radolfzell JC75947,Anas platyrhynchos
2015-05-22T00:02:03Z,47.73028333,8.93851667,0,305,KN4104 - Radolfzell JC75947,Anas platyrhynchos
2015-05-23T10:07:41Z,47.74261667,8.93713333,0,305,KN4104 - Radolfzell JC75947,Anas platyrhynchos
2015-05-24T00:05:45Z,47.73018333,8.93858333,0,305,KN4104 - Radolfzell JC75947,Anas platyrhynchos
2015-05-25T00:06:42Z,47.73641667,8.9362,0,305,KN4104 - Radolfzell JC75947,Anas platyrhynchos
2015-05-26T22:06:30Z,47.73023333,8.93845,0,134,KN4104 - Radolfzell JC75947,Anas platyrhynchos
2015-05-27T00:01:38Z,47.73018333,8.93843333,0,134,KN4104 - Radolfzell JC75947,Anas platyrhynchos
2015-05-28T04:06:56Z,47.74225,8.93636667,0,134,KN4104 - Radolfzell JC75947,Anas platyrhynchos
2015-06-02T06:02:02Z,47.73508333,8.9233,0,134,KN4104 - Radolfzell JC75947,Anas platyrhynchos
2015-06-03T10:21:11Z,47.73645,8.92293333,0,134,KN4104 - Radolfzell JC75947,Anas platyrhynchos
2015-06-13T04:04:10Z,47.74356667,8.93843333,0,278,KN4104 - Radolfzell JC75947,Anas platyrhynchos
2015-06-14T10:23:23Z,47.73633333,8.93605,0,278,KN4104 - Radolfzell JC75947,Anas platyrhynchos
2015-06-15T18:01:51Z,47.74283333,8.93705,0,278,KN4104 - Radolfzell JC75947,Anas platyrhynchos
2015-06-16T06:16:38Z,47.74285,8.93638333,0,278,KN4104 - Radolfzell JC75947,Anas platyrhynchos
2015-06-17T00:04:49Z,47.73503333,8.93656667,0,278,KN4104 - Radolfzell JC75947,Anas platyrhynchos
2015-06-18T04:09:39Z,47.74238333,8.93616667,0,278,KN4104 - Radolfzell JC75947,Anas platyrhynchos
2015-06-19T02:11:07Z,47.7365,8.93626667,0,278,KN4104 - Radolfzell JC75947,Anas platyrhynchos
2015-06-23T12:28:42Z,47.73685,8.9351,0,278,KN4104 - Radolfzell JC75947,Anas platyrhynchos
2015-06-25T00:12:12Z,47.73723333,8.93453333,0,278,KN4104 - Radolfzell JC75947,Anas platyrhynchos
2015-06-29T22:10:59Z,47.73726667,8.93498333,0,278,KN4104 - Radolfzell JC75947,Anas platyrhynchos
2015-07-12T16:01:55Z,47.73631667,8.93615,0,278,KN4104 - Radolfzell JC75947,Anas platyrhynchos
2015-07-13T00:13:18Z,47.73623333,8.93575,0,278,KN4104 - Radolfzell JC75947,Anas platyrhynchos
2015-07-14T00:03:36Z,47.7363,8.93586667,0,278,KN4104 - Radolfzell JC75947,Anas platyrhynchos
2015-07-15T04:20:40Z,47.73576667,8.93583333,0,278,KN4104 - Radolfzell JC75947,Anas platyrhynchos
2015-07-16T02:17:12Z,47.7341,8.93871667,0,278,KN4104 - Radolfzell JC75947,Anas platyrhynchos
2015-07-17T00:17:07Z,47.73488333,8.93678333,0,278,KN4104 - Radolfzell JC75947,Anas platyrhynchos
2012-01-29T07:59:16Z,47.67395,9.12086667,0,359,KN4106 - Radolfzell JC75948,Anas platyrhynchos
2014-12-10T15:36:04Z,47.77108333,8.90588333,0,310,KN4106 - Radolfzell JC75948,Anas platyrhynchos
2014-12-21T13:12:08Z,47.77165,8.90608333,0,310,KN4106 - Radolfzell JC75948,Anas platyrhynchos
2015-01-15T09:39:37Z,47.76033333,9.01091667,0,310,KN4106 - Radolfzell JC75948,Anas platyrhynchos
2015-02-07T13:21:08Z,47.76036667,9.0109,0,310,KN4106 - Radolfzell JC75948,Anas platyrhynchos
2015-02-12T14:48:13Z,47.73983333,8.99828333,0,310,KN4106 - Radolfzell JC75948,Anas platyrhynchos
2015-02-24T10:39:32Z,47.74228333,8.99263333,0,310,KN4106 - Radolfzell JC75948,Anas platyrhynchos
2015-03-03T17:02:56Z,47.7602,9.0112,0,310,KN4106 - Radolfzell JC75948,Anas platyrhynchos
2015-03-06T10:45:25Z,47.75893333,9.01095,0,310,KN4106 - Radolfzell JC75948,Anas platyrhynchos
2015-03-08T14:59:02Z,47.75908333,9.01065,0,310,KN4106 - Radolfzell JC75948,Anas platyrhynchos
2015-03-11T01:54:13Z,47.75338333,9.00965,0,310,KN4106 - Radolfzell JC75948,Anas platyrhynchos
2015-03-12T08:56:02Z,47.76018333,9.01043333,0,310,KN4106 - Radolfzell JC75948,Anas platyrhynchos
2015-03-13T09:33:39Z,47.7604,9.01088333,0,310,KN4106 - Radolfzell JC75948,Anas platyrhynchos
2015-03-14T12:14:20Z,47.76031667,9.0109,0,310,KN4106 - Radolfzell JC75948,Anas platyrhynchos
2015-03-15T02:56:02Z,47.75318333,9.00996667,0,310,KN4106 - Radolfzell JC75948,Anas platyrhynchos
2015-03-16T00:58:39Z,47.7533,9.00953333,0,310,KN4106 - Radolfzell JC75948,Anas platyrhynchos
2015-03-23T12:24:42Z,47.76035,9.01086667,0,310,KN4106 - Radolfzell JC75948,Anas platyrhynchos
2015-03-24T14:26:38Z,47.76031667,9.01081667,0,310,KN4106 - Radolfzell JC75948,Anas platyrhynchos
2015-03-25T09:43:13Z,47.76021667,9.01093333,0,310,KN4106 - Radolfzell JC75948,Anas platyrhynchos
2015-03-28T11:01:38Z,47.76033333,9.01088333,0,310,KN4106 - Radolfzell JC75948,Anas platyrhynchos
2015-03-29T15:06:12Z,47.76031667,9.01085,0,310,KN4106 - Radolfzell JC75948,Anas platyrhynchos
2015-04-01T13:26:06Z,47.76036667,9.01123333,0,310,KN4106 - Radolfzell JC75948,Anas platyrhynchos
2015-04-03T12:47:40Z,47.76028333,9.01088333,0,310,KN4106 - Radolfzell JC75948,Anas platyrhynchos
2015-04-06T15:51:38Z,47.75828333,9.0109,0,310,KN4106 - Radolfzell JC75948,Anas platyrhynchos
2015-04-08T08:55:06Z,47.75901667,9.01095,0,310,KN4106 - Radolfzell JC75948,Anas platyrhynchos
2015-04-11T11:28:53Z,47.75818333,9.0109,0,310,KN4106 - Radolfzell JC75948,Anas platyrhynchos
2015-04-12T15:11:09Z,47.7601,9.0104,0,310,KN4106 - Radolfzell JC75948,Anas platyrhynchos
2015-04-19T17:04:24Z,47.75883333,9.01101667,0,310,KN4106 - Radolfzell JC75948,Anas platyrhynchos
2015-04-27T10:59:03Z,47.75903333,9.01071667,0,310,KN4106 - Radolfzell JC75948,Anas platyrhynchos
2015-05-12T17:12:59Z,47.75886667,9.01051667,0,777,KN4106 - Radolfzell JC75948,Anas platyrhynchos
2015-05-24T01:05:30Z,47.75898333,9.01061667,0,777,KN4106 - Radolfzell JC75948,Anas platyrhynchos
2015-06-01T23:53:18Z,47.75896667,9.0112,0,777,KN4106 - Radolfzell JC75948,Anas platyrhynchos
2015-06-02T13:52:37Z,47.75856667,9.01425,0,777,KN4106 - Radolfzell JC75948,Anas platyrhynchos
2015-06-03T15:07:44Z,47.75756667,9.01163333,0,777,KN4106 - Radolfzell JC75948,Anas platyrhynchos
2015-06-27T23:57:08Z,47.78073333,8.92346667,0,777,KN4106 - Radolfzell JC75948,Anas platyrhynchos
2015-06-28T01:57:08Z,47.78085,8.92348333,0,777,KN4106 - Radolfzell JC75948,Anas platyrhynchos
2015-06-29T23:59:12Z,47.7811,8.92743333,0,777,KN4106 - Radolfzell JC75948,Anas platyrhynchos
2015-06-30T03:56:25Z,47.781,8.92715,0,777,KN4106 - Radolfzell JC75948,Anas platyrhynchos
2015-07-06T21:57:42Z,47.68053333,9.0814,0,211,KN4106 - Radolfzell JC75948,Anas platyrhynchos
2015-07-07T01:57:10Z,47.67931667,9.07918333,0,211,KN4106 - Radolfzell JC75948,Anas platyrhynchos
2015-07-08T01:15:42Z,47.68595,9.11363333,0,211,KN4106 - Radolfzell JC75948,Anas platyrhynchos
2015-07-09T01:57:33Z,47.68593333,9.11185,0,211,KN4106 - Radolfzell JC75948,Anas platyrhynchos
2015-07-13T03:57:51Z,47.68645,9.1115,0,181,KN4106 - Radolfzell JC75948,Anas platyrhynchos
2015-07-17T05:58:40Z,47.68676667,9.11065,0,192,KN4106 - Radolfzell JC75948,Anas platyrhynchos
2015-07-18T07:58:55Z,47.68648333,9.11091667,0,152,KN4106 - Radolfzell JC75948,Anas platyrhynchos
2015-07-25T01:56:50Z,47.67486667,9.12185,0,254,KN4106 - Radolfzell JC75948,Anas platyrhynchos
2015-07-26T01:56:34Z,47.67463333,9.12175,0,254,KN4106 - Radolfzell JC75948,Anas platyrhynchos
2015-07-27T05:56:37Z,47.67446667,9.12128333,0,359,KN4106 - Radolfzell JC75948,Anas platyrhynchos
2015-07-28T03:56:55Z,47.67415,9.12073333,0,359,KN4106 - Radolfzell JC75948,Anas platyrhynchos
2015-07-29T05:56:48Z,47.67448333,9.12128333,0,359,KN4106 - Radolfzell JC75948,Anas platyrhynchos
2015-07-30T05:57:37Z,47.67413333,9.12116667,0,359,KN4106 - Radolfzell JC75948,Anas platyrhynchos
2015-07-31T01:58:07Z,47.67465,9.12145,0,359,KN4106 - Radolfzell JC75948,Anas platyrhynchos
2015-08-01T05:56:54Z,47.67693333,9.12033333,0,304,KN4106 - Radolfzell JC75948,Anas platyrhynchos
2015-08-02T03:58:00Z,47.68393333,9.11146667,0,304,KN4106 - Radolfzell JC75948,Anas platyrhynchos
2015-08-03T05:57:28Z,47.6818,9.1153,0,304,KN4106 - Radolfzell JC75948,Anas platyrhynchos
2015-08-04T05:58:07Z,47.6844,9.11366667,0,304,KN4106 - Radolfzell JC75948,Anas platyrhynchos
2015-08-06T03:57:51Z,47.68251667,9.1124,0,205,KN4106 - Radolfzell JC75948,Anas platyrhynchos
2015-08-07T03:56:55Z,47.68341667,9.11403333,0,205,KN4106 - Radolfzell JC75948,Anas platyrhynchos
2015-08-08T05:59:08Z,47.68265,9.11268333,0,205,KN4106 - Radolfzell JC75948,Anas platyrhynchos
2015-08-09T01:58:40Z,47.68305,9.11248333,0,205,KN4106 - Radolfzell JC75948,Anas platyrhynchos
2015-08-15T15:10:07Z,47.68173333,9.11071667,0,205,KN4106 - Radolfzell JC75948,Anas platyrhynchos
2015-08-16T01:57:37Z,47.68098333,9.11293333,0,205,KN4106 - Radolfzell JC75948,Anas platyrhynchos
2015-08-18T14:35:01Z,47.6722,9.1204,0,205,KN4106 - Radolfzell JC75948,Anas platyrhynchos
2015-08-19T09:53:11Z,47.67203333,9.12033333,0,205,KN4106 - Radolfzell JC75948,Anas platyrhynchos
2015-08-20T17:16:53Z,47.67226667,9.12018333,0,205,KN4106 - Radolfzell JC75948,Anas platyrhynchos
2015-08-22T22:31:41Z,47.68048333,9.11148333,0,205,KN4106 - Radolfzell JC75948,Anas platyrhynchos
2015-08-23T01:58:06Z,47.68073333,9.1105,0,205,KN4106 - Radolfzell JC75948,Anas platyrhynchos
2015-08-24T09:55:38Z,47.6722,9.12046667,0,205,KN4106 - Radolfzell JC75948,Anas platyrhynchos
2015-08-25T19:13:19Z,47.68296667,9.11215,0,205,KN4106 - Radolfzell JC75948,Anas platyrhynchos
2015-08-26T03:56:14Z,47.68276667,9.11235,0,205,KN4106 - Radolfzell JC75948,Anas platyrhynchos
2015-08-27T01:58:16Z,47.6815,9.10976667,0,205,KN4106 - Radolfzell JC75948,Anas platyrhynchos
2015-09-01T09:58:08Z,47.67215,9.1204,0,205,KN4106 - Radolfzell JC75948,Anas platyrhynchos
2015-09-02T07:54:37Z,47.67225,9.12038333,0,265,KN4106 - Radolfzell JC75948,Anas platyrhynchos
2015-09-03T05:56:01Z,47.67213333,9.12005,0,265,KN4106 - Radolfzell JC75948,Anas platyrhynchos
2015-09-05T13:12:32Z,47.67248333,9.11895,0,265,KN4106 - Radolfzell JC75948,Anas platyrhynchos
2015-09-06T09:53:32Z,47.67231667,9.12023333,0,265,KN4106 - Radolfzell JC75948,Anas platyrhynchos
2015-09-08T12:51:07Z,47.67236667,9.12026667,0,265,KN4106 - Radolfzell JC75948,Anas platyrhynchos
2015-09-09T01:56:07Z,47.68075,9.1121,0,265,KN4106 - Radolfzell JC75948,Anas platyrhynchos
2015-09-10T13:58:37Z,47.68011667,9.11123333,0,265,KN4106 - Radolfzell JC75948,Anas platyrhynchos
2015-09-11T01:56:26Z,47.68065,9.11056667,0,265,KN4106 - Radolfzell JC75948,Anas platyrhynchos
2015-09-16T20:21:11Z,47.6737,9.12,0,265,KN4106 - Radolfzell JC75948,Anas platyrhynchos
2015-09-17T01:31:54Z,47.67451667,9.11968333,0,265,KN4106 - Radolfzell JC75948,Anas platyrhynchos
2015-09-21T13:51:05Z,47.67201667,9.1203,0.1,265,KN4106 - Radolfzell JC75948,Anas platyrhynchos
2015-09-22T01:58:46Z,47.68206667,9.11126667,0,85,KN4106 - Radolfzell JC75948,Anas platyrhynchos
2015-09-23T03:55:12Z,47.6835,9.11175,0,85,KN4106 - Radolfzell JC75948,Anas platyrhynchos
2015-09-26T15:58:07Z,47.67158333,9.12053333,0,85,KN4106 - Radolfzell JC75948,Anas platyrhynchos
2015-09-27T01:58:37Z,47.68185,9.11175,0,85,KN4106 - Radolfzell JC75948,Anas platyrhynchos
2015-10-01T14:23:23Z,47.71228333,9.07153333,0,85,KN4106 - Radolfzell JC75948,Anas platyrhynchos
2015-10-02T05:54:19Z,47.68245,9.10536667,0,85,KN4106 - Radolfzell JC75948,Anas platyrhynchos
2015-02-07T11:01:33Z,47.76035,9.01086667,0,NA,KN4123 - Radolfzell JC2281 ECG3473,Anas platyrhynchos
2015-02-08T10:00:08Z,47.75716667,9.01098333,0,NA,KN4123 - Radolfzell JC2281 ECG3473,Anas platyrhynchos
2015-02-09T01:38:45Z,47.74848333,9.01308333,0,NA,KN4123 - Radolfzell JC2281 ECG3473,Anas platyrhynchos
2015-02-10T10:56:07Z,47.7325,8.94183333,0,NA,KN4123 - Radolfzell JC2281 ECG3473,Anas platyrhynchos
2015-02-11T10:54:25Z,47.73233333,8.94195,0,NA,KN4123 - Radolfzell JC2281 ECG3473,Anas platyrhynchos
2015-02-12T10:56:02Z,47.73985,8.99791667,0,NA,KN4123 - Radolfzell JC2281 ECG3473,Anas platyrhynchos
2015-02-13T10:57:02Z,47.73708333,9.00355,0,NA,KN4123 - Radolfzell JC2281 ECG3473,Anas platyrhynchos
2015-02-14T10:55:08Z,47.73733333,9.00073333,0,NA,KN4123 - Radolfzell JC2281 ECG3473,Anas platyrhynchos
2015-02-15T10:56:07Z,47.73998333,8.9978,0,NA,KN4123 - Radolfzell JC2281 ECG3473,Anas platyrhynchos
2015-02-16T10:56:37Z,47.74011667,8.99746667,0,NA,KN4123 - Radolfzell JC2281 ECG3473,Anas platyrhynchos
2015-02-17T10:56:10Z,47.74008333,8.99765,0,NA,KN4123 - Radolfzell JC2281 ECG3473,Anas platyrhynchos
2015-02-18T10:51:55Z,47.73971667,8.99833333,0,NA,KN4123 - Radolfzell JC2281 ECG3473,Anas platyrhynchos
2015-02-19T10:53:31Z,47.74005,8.9977,0,NA,KN4123 - Radolfzell JC2281 ECG3473,Anas platyrhynchos
2015-02-20T10:54:07Z,47.73728333,9.00063333,0,NA,KN4123 - Radolfzell JC2281 ECG3473,Anas platyrhynchos
2015-02-21T10:52:37Z,47.74183333,8.99606667,0,NA,KN4123 - Radolfzell JC2281 ECG3473,Anas platyrhynchos
2015-02-22T10:52:07Z,47.74181667,8.99171667,0,NA,KN4123 - Radolfzell JC2281 ECG3473,Anas platyrhynchos
2015-02-23T10:51:07Z,47.740466670000004,8.9988,0,NA,KN4123 - Radolfzell JC2281 ECG3473,Anas platyrhynchos
2015-02-24T10:50:37Z,47.7405,8.99156667,0,NA,KN4123 - Radolfzell JC2281 ECG3473,Anas platyrhynchos
2015-02-25T10:51:32Z,47.74033333,8.9911,0,NA,KN4123 - Radolfzell JC2281 ECG3473,Anas platyrhynchos
2015-02-26T10:50:07Z,47.7379,9.00125,0,NA,KN4123 - Radolfzell JC2281 ECG3473,Anas platyrhynchos
2015-02-27T10:51:01Z,47.73941667,8.99993333,0,NA,KN4123 - Radolfzell JC2281 ECG3473,Anas platyrhynchos
2015-02-28T10:51:37Z,47.73863333,9.01426667,0,NA,KN4123 - Radolfzell JC2281 ECG3473,Anas platyrhynchos
2015-03-01T10:53:07Z,47.73826667,9.01421667,0,NA,KN4123 - Radolfzell JC2281 ECG3473,Anas platyrhynchos
2015-03-02T10:52:37Z,47.73811667,9.01428333,0,NA,KN4123 - Radolfzell JC2281 ECG3473,Anas platyrhynchos
2015-03-03T10:52:44Z,47.73131667,9.01658333,0,NA,KN4123 - Radolfzell JC2281 ECG3473,Anas platyrhynchos
2015-03-04T10:54:37Z,47.73856667,9.0145,0,NA,KN4123 - Radolfzell JC2281 ECG3473,Anas platyrhynchos
2015-03-05T10:51:43Z,47.73851667,9.01451667,0,NA,KN4123 - Radolfzell JC2281 ECG3473,Anas platyrhynchos
2015-03-06T10:52:08Z,47.67456667,9.12008333,0,NA,KN4123 - Radolfzell JC2281 ECG3473,Anas platyrhynchos
2015-03-07T10:52:37Z,47.73256667,8.94181667,0,NA,KN4123 - Radolfzell JC2281 ECG3473,Anas platyrhynchos
2015-03-08T10:52:08Z,47.72781667,8.94058333,0,NA,KN4123 - Radolfzell JC2281 ECG3473,Anas platyrhynchos
2015-03-09T10:54:38Z,47.733,9.0129,0,NA,KN4123 - Radolfzell JC2281 ECG3473,Anas platyrhynchos
2015-03-10T10:57:07Z,47.72778333,8.94033333,0,NA,KN4123 - Radolfzell JC2281 ECG3473,Anas platyrhynchos
2015-03-11T10:57:37Z,47.7277,8.9408,0,NA,KN4123 - Radolfzell JC2281 ECG3473,Anas platyrhynchos
2015-03-12T10:54:37Z,47.7277,8.94065,0,NA,KN4123 - Radolfzell JC2281 ECG3473,Anas platyrhynchos
2015-03-13T10:51:38Z,47.7277,8.94075,0,NA,KN4123 - Radolfzell JC2281 ECG3473,Anas platyrhynchos
2015-03-14T10:54:01Z,47.72771667,8.94061667,0,NA,KN4123 - Radolfzell JC2281 ECG3473,Anas platyrhynchos
2015-03-15T10:54:38Z,47.72771667,8.94066667,0,NA,KN4123 - Radolfzell JC2281 ECG3473,Anas platyrhynchos
2015-03-16T10:55:07Z,47.72771667,8.9407,0,NA,KN4123 - Radolfzell JC2281 ECG3473,Anas platyrhynchos
2015-03-17T10:56:39Z,48.07551667,9.40423333,0,NA,KN4123 - Radolfzell JC2281 ECG3473,Anas platyrhynchos
2015-03-18T10:56:08Z,51.32383333,11.95558333,0,NA,KN4123 - Radolfzell JC2281 ECG3473,Anas platyrhynchos
2015-03-19T10:56:08Z,51.32381667,11.95541667,0,NA,KN4123 - Radolfzell JC2281 ECG3473,Anas platyrhynchos
2015-03-20T23:25:08Z,51.3253,11.9562,0,NA,KN4123 - Radolfzell JC2281 ECG3473,Anas platyrhynchos
2015-03-21T10:53:14Z,51.32395,11.95545,0,NA,KN4123 - Radolfzell JC2281 ECG3473,Anas platyrhynchos
2015-03-22T10:52:38Z,51.32346667,11.98975,0,NA,KN4123 - Radolfzell JC2281 ECG3473,Anas platyrhynchos
2015-03-23T10:51:07Z,51.32385,11.95565,0,NA,KN4123 - Radolfzell JC2281 ECG3473,Anas platyrhynchos
2015-03-24T10:54:43Z,51.32396667,11.95553333,0,NA,KN4123 - Radolfzell JC2281 ECG3473,Anas platyrhynchos
2015-03-25T10:56:02Z,51.32376667,11.95508333,0,NA,KN4123 - Radolfzell JC2281 ECG3473,Anas platyrhynchos
2015-03-26T10:55:43Z,51.32453333,11.98826667,0,NA,KN4123 - Radolfzell JC2281 ECG3473,Anas platyrhynchos
2015-03-27T10:56:32Z,51.32485,11.98918333,0,NA,KN4123 - Radolfzell JC2281 ECG3473,Anas platyrhynchos
2015-03-28T10:51:13Z,52.4328,17.92995,0,NA,KN4123 - Radolfzell JC2281 ECG3473,Anas platyrhynchos
2015-03-29T10:47:44Z,52.51381667,17.70011667,0,NA,KN4123 - Radolfzell JC2281 ECG3473,Anas platyrhynchos
2015-03-30T10:56:37Z,52.43073333,17.63103333,0,NA,KN4123 - Radolfzell JC2281 ECG3473,Anas platyrhynchos
2015-03-31T10:46:08Z,52.43891667,17.6275,0,NA,KN4123 - Radolfzell JC2281 ECG3473,Anas platyrhynchos
2015-04-01T10:44:32Z,52.42931667,17.63465,0,NA,KN4123 - Radolfzell JC2281 ECG3473,Anas platyrhynchos
2015-04-02T10:50:38Z,52.44115,17.62685,0,NA,KN4123 - Radolfzell JC2281 ECG3473,Anas platyrhynchos
2015-04-03T10:45:38Z,52.44198333,17.62706667,0,NA,KN4123 - Radolfzell JC2281 ECG3473,Anas platyrhynchos
2015-04-04T10:54:09Z,52.44148333,17.62663333,0,NA,KN4123 - Radolfzell JC2281 ECG3473,Anas platyrhynchos
2015-04-05T11:02:11Z,52.44161667,17.627,0,NA,KN4123 - Radolfzell JC2281 ECG3473,Anas platyrhynchos
2015-03-12T23:27:44Z,47.73561667,9.00873333,0,NA,KN4124 - Radolfzell JC2300 ECG3489,Anas platyrhynchos
2015-03-13T10:56:38Z,47.73483333,9.01036667,0,NA,KN4124 - Radolfzell JC2300 ECG3489,Anas platyrhynchos
2015-03-14T10:53:50Z,47.7348,9.0105,0,NA,KN4124 - Radolfzell JC2300 ECG3489,Anas platyrhynchos
2015-03-15T10:53:44Z,47.73353333,9.01185,0,NA,KN4124 - Radolfzell JC2300 ECG3489,Anas platyrhynchos
2015-03-16T10:52:03Z,47.7348,9.01036667,0,NA,KN4124 - Radolfzell JC2300 ECG3489,Anas platyrhynchos
2015-03-17T10:53:44Z,47.73566667,9.00858333,0,NA,KN4124 - Radolfzell JC2300 ECG3489,Anas platyrhynchos
2015-03-18T10:56:14Z,47.73371667,9.00955,0,NA,KN4124 - Radolfzell JC2300 ECG3489,Anas platyrhynchos
2015-03-19T10:52:45Z,47.73578333,9.00801667,0,NA,KN4124 - Radolfzell JC2300 ECG3489,Anas platyrhynchos
2015-03-20T10:53:07Z,47.73483333,9.01021667,0,NA,KN4124 - Radolfzell JC2300 ECG3489,Anas platyrhynchos
2015-03-21T10:51:02Z,47.7349,9.01013333,0,NA,KN4124 - Radolfzell JC2300 ECG3489,Anas platyrhynchos
2015-03-22T10:51:39Z,47.7348,9.01036667,0,NA,KN4124 - Radolfzell JC2300 ECG3489,Anas platyrhynchos
2015-03-23T10:51:39Z,47.73476667,9.0103,0,NA,KN4124 - Radolfzell JC2300 ECG3489,Anas platyrhynchos
2015-03-24T10:56:51Z,47.73568333,9.0083,0,NA,KN4124 - Radolfzell JC2300 ECG3489,Anas platyrhynchos
2015-03-25T10:57:07Z,47.7349,9.01008333,0,NA,KN4124 - Radolfzell JC2300 ECG3489,Anas platyrhynchos
2015-03-26T10:52:14Z,47.73513333,9.01018333,0,NA,KN4124 - Radolfzell JC2300 ECG3489,Anas platyrhynchos
2015-03-27T10:48:14Z,47.73295,9.01298333,0,NA,KN4124 - Radolfzell JC2300 ECG3489,Anas platyrhynchos
2015-03-28T10:50:44Z,47.7521,9.03635,0,NA,KN4124 - Radolfzell JC2300 ECG3489,Anas platyrhynchos
2015-03-29T10:54:05Z,47.73588333,9.00768333,0,NA,KN4124 - Radolfzell JC2300 ECG3489,Anas platyrhynchos
2015-03-30T10:50:09Z,47.73273333,9.01353333,0,NA,KN4124 - Radolfzell JC2300 ECG3489,Anas platyrhynchos
2015-03-31T10:47:44Z,47.7333,9.0125,0,NA,KN4124 - Radolfzell JC2300 ECG3489,Anas platyrhynchos
2015-04-01T10:47:47Z,47.73291667,9.01273333,0,NA,KN4124 - Radolfzell JC2300 ECG3489,Anas platyrhynchos
2015-04-02T10:46:13Z,47.73271667,9.01333333,0,NA,KN4124 - Radolfzell JC2300 ECG3489,Anas platyrhynchos
2015-04-03T10:49:54Z,47.74988333,9.02896667,0,NA,KN4124 - Radolfzell JC2300 ECG3489,Anas platyrhynchos
2015-04-04T10:49:35Z,47.73231667,9.01438333,0,NA,KN4124 - Radolfzell JC2300 ECG3489,Anas platyrhynchos
2015-04-05T11:51:32Z,47.7334,9.01226667,0,NA,KN4124 - Radolfzell JC2300 ECG3489,Anas platyrhynchos
2015-04-06T10:49:55Z,47.73495,9.01018333,0,NA,KN4124 - Radolfzell JC2300 ECG3489,Anas platyrhynchos
2015-04-07T10:51:37Z,47.73545,9.00926667,0,NA,KN4124 - Radolfzell JC2300 ECG3489,Anas platyrhynchos
2015-04-08T10:52:08Z,47.7504,9.02683333,0,NA,KN4124 - Radolfzell JC2300 ECG3489,Anas platyrhynchos
2015-04-09T10:51:13Z,47.7354,9.00593333,0,NA,KN4124 - Radolfzell JC2300 ECG3489,Anas platyrhynchos
2015-04-10T10:52:32Z,47.73541667,9.0093,0,NA,KN4124 - Radolfzell JC2300 ECG3489,Anas platyrhynchos
2015-04-11T10:56:49Z,47.7357,9.00661667,0,NA,KN4124 - Radolfzell JC2300 ECG3489,Anas platyrhynchos
2015-04-12T10:55:07Z,47.73513333,9.00985,0,NA,KN4124 - Radolfzell JC2300 ECG3489,Anas platyrhynchos
2015-04-13T10:53:10Z,47.73643333,9.00456667,0,NA,KN4124 - Radolfzell JC2300 ECG3489,Anas platyrhynchos
2015-04-14T10:55:38Z,47.7364,9.00443333,0,NA,KN4124 - Radolfzell JC2300 ECG3489,Anas platyrhynchos
2015-04-15T10:56:19Z,47.72946667,9.00411667,0,NA,KN4124 - Radolfzell JC2300 ECG3489,Anas platyrhynchos
2015-04-16T10:53:39Z,47.73678333,9.00405,0,NA,KN4124 - Radolfzell JC2300 ECG3489,Anas platyrhynchos
2015-04-17T10:53:04Z,47.7298,9.00311667,0,NA,KN4124 - Radolfzell JC2300 ECG3489,Anas platyrhynchos
2015-04-18T10:52:08Z,47.72848333,9.00586667,0,NA,KN4124 - Radolfzell JC2300 ECG3489,Anas platyrhynchos
2015-04-19T10:51:18Z,47.73628333,9.00563333,0,NA,KN4124 - Radolfzell JC2300 ECG3489,Anas platyrhynchos
2015-04-20T10:52:50Z,47.72885,9.00486667,0,NA,KN4124 - Radolfzell JC2300 ECG3489,Anas platyrhynchos
2015-04-21T10:52:14Z,47.75308333,9.03516667,0,NA,KN4124 - Radolfzell JC2300 ECG3489,Anas platyrhynchos
2015-04-22T10:51:45Z,47.73733333,9.00333333,0,NA,KN4124 - Radolfzell JC2300 ECG3489,Anas platyrhynchos
2015-04-23T10:56:38Z,47.75336667,9.03166667,5,NA,KN4124 - Radolfzell JC2300 ECG3489,Anas platyrhynchos
2015-04-24T10:57:17Z,47.73691667,9.00385,0,NA,KN4124 - Radolfzell JC2300 ECG3489,Anas platyrhynchos
2015-04-25T10:58:10Z,47.73575,9.00615,0,NA,KN4124 - Radolfzell JC2300 ECG3489,Anas platyrhynchos
2015-04-26T10:55:38Z,47.73143333,9.01618333,0,NA,KN4124 - Radolfzell JC2300 ECG3489,Anas platyrhynchos
2015-04-27T10:54:42Z,47.73158333,9.0157,0,NA,KN4124 - Radolfzell JC2300 ECG3489,Anas platyrhynchos
2015-04-28T10:56:38Z,47.733,9.01368333,0,NA,KN4124 - Radolfzell JC2300 ECG3489,Anas platyrhynchos
2015-04-29T10:52:39Z,47.7327,9.0137,0,NA,KN4124 - Radolfzell JC2300 ECG3489,Anas platyrhynchos
2015-04-30T10:54:07Z,47.73288333,9.01356667,0,NA,KN4124 - Radolfzell JC2300 ECG3489,Anas platyrhynchos
2015-05-01T11:54:15Z,47.73205,9.01531667,0,NA,KN4124 - Radolfzell JC2300 ECG3489,Anas platyrhynchos
2015-05-02T10:52:38Z,47.7316,9.01275,0,NA,KN4124 - Radolfzell JC2300 ECG3489,Anas platyrhynchos
2015-05-03T10:52:18Z,47.73295,9.01296667,0,NA,KN4124 - Radolfzell JC2300 ECG3489,Anas platyrhynchos
2015-05-04T10:55:14Z,47.73391667,9.01185,0,NA,KN4124 - Radolfzell JC2300 ECG3489,Anas platyrhynchos
2015-05-05T10:58:45Z,47.7392,9.00061667,0,NA,KN4124 - Radolfzell JC2300 ECG3489,Anas platyrhynchos
2015-05-06T10:57:08Z,47.73743333,9.00193333,0,NA,KN4124 - Radolfzell JC2300 ECG3489,Anas platyrhynchos
2015-05-07T10:55:37Z,47.73925,9.0006,0,NA,KN4124 - Radolfzell JC2300 ECG3489,Anas platyrhynchos
2015-05-08T11:01:14Z,47.73896667,9.00063333,0,NA,KN4124 - Radolfzell JC2300 ECG3489,Anas platyrhynchos
2015-05-09T11:01:08Z,47.72971667,9.00311667,0,NA,KN4124 - Radolfzell JC2300 ECG3489,Anas platyrhynchos
2015-05-10T11:00:38Z,47.73393333,9.0118,0,NA,KN4124 - Radolfzell JC2300 ECG3489,Anas platyrhynchos
2015-05-11T11:07:45Z,47.73391667,9.01183333,0,NA,KN4124 - Radolfzell JC2300 ECG3489,Anas platyrhynchos
2015-05-12T11:04:10Z,47.72906667,9.00418333,0,NA,KN4124 - Radolfzell JC2300 ECG3489,Anas platyrhynchos
2015-05-13T23:43:42Z,47.75155,9.01171667,0,NA,KN4124 - Radolfzell JC2300 ECG3489,Anas platyrhynchos
2015-05-14T11:13:38Z,47.72733333,9.00823333,0,NA,KN4124 - Radolfzell JC2300 ECG3489,Anas platyrhynchos
2015-05-15T11:00:15Z,47.73276667,9.0134,0,NA,KN4124 - Radolfzell JC2300 ECG3489,Anas platyrhynchos
2015-05-16T10:54:08Z,47.73261667,9.01363333,0,NA,KN4124 - Radolfzell JC2300 ECG3489,Anas platyrhynchos
2015-05-17T11:01:10Z,47.7392,9.00056667,0,NA,KN4124 - Radolfzell JC2300 ECG3489,Anas platyrhynchos
2015-05-18T23:43:14Z,47.7515,9.01116667,0,NA,KN4124 - Radolfzell JC2300 ECG3489,Anas platyrhynchos
2015-05-19T11:13:14Z,47.73245,9.01438333,0,NA,KN4124 - Radolfzell JC2300 ECG3489,Anas platyrhynchos
2015-05-20T10:58:37Z,47.7324,9.01436667,0,NA,KN4124 - Radolfzell JC2300 ECG3489,Anas platyrhynchos
2015-05-21T10:52:15Z,47.73921667,9.00061667,0,NA,KN4124 - Radolfzell JC2300 ECG3489,Anas platyrhynchos
2015-05-22T10:52:45Z,47.73888333,9.00033333,0,NA,KN4124 - Radolfzell JC2300 ECG3489,Anas platyrhynchos
2015-05-23T10:56:44Z,47.7392,9.00073333,0,NA,KN4124 - Radolfzell JC2300 ECG3489,Anas platyrhynchos
2015-05-24T10:58:37Z,47.73408333,9.01146667,0,NA,KN4124 - Radolfzell JC2300 ECG3489,Anas platyrhynchos
2015-05-25T10:59:38Z,47.7252,9.01083333,0,NA,KN4124 - Radolfzell JC2300 ECG3489,Anas platyrhynchos
2015-05-26T10:58:44Z,47.73273333,9.01358333,0,NA,KN4124 - Radolfzell JC2300 ECG3489,Anas platyrhynchos
2015-05-27T10:55:14Z,47.73223333,9.01496667,0,NA,KN4124 - Radolfzell JC2300 ECG3489,Anas platyrhynchos
2015-05-28T10:58:39Z,47.7322,9.01478333,0,NA,KN4124 - Radolfzell JC2300 ECG3489,Anas platyrhynchos
2015-05-29T11:02:14Z,47.73456667,9.01073333,0,NA,KN4124 - Radolfzell JC2300 ECG3489,Anas platyrhynchos
2015-05-30T11:02:38Z,47.73411667,9.01145,0,NA,KN4124 - Radolfzell JC2300 ECG3489,Anas platyrhynchos
2015-05-31T11:05:14Z,47.73396667,9.01171667,0,NA,KN4124 - Radolfzell JC2300 ECG3489,Anas platyrhynchos
2015-06-01T11:05:39Z,47.73178333,9.01583333,0,NA,KN4124 - Radolfzell JC2300 ECG3489,Anas platyrhynchos
2015-06-02T11:04:14Z,47.7321,9.01491667,0,NA,KN4124 - Radolfzell JC2300 ECG3489,Anas platyrhynchos
2015-06-03T11:06:44Z,47.73418333,9.0117,0,NA,KN4124 - Radolfzell JC2300 ECG3489,Anas platyrhynchos
2015-06-04T11:06:43Z,47.73413333,9.01165,0,NA,KN4124 - Radolfzell JC2300 ECG3489,Anas platyrhynchos
2015-06-05T11:08:39Z,47.73403333,9.01146667,0,NA,KN4124 - Radolfzell JC2300 ECG3489,Anas platyrhynchos
2015-06-06T11:14:45Z,47.73655,9.00465,0,NA,KN4124 - Radolfzell JC2300 ECG3489,Anas platyrhynchos
2015-06-07T11:17:37Z,47.73155,9.01626667,0,NA,KN4124 - Radolfzell JC2300 ECG3489,Anas platyrhynchos
2015-06-08T11:05:37Z,47.73163333,9.01601667,0,NA,KN4124 - Radolfzell JC2300 ECG3489,Anas platyrhynchos
2015-06-09T11:03:39Z,47.7287,9.023,0,NA,KN4124 - Radolfzell JC2300 ECG3489,Anas platyrhynchos
2015-06-10T11:00:43Z,47.7272,9.03036667,0,NA,KN4124 - Radolfzell JC2300 ECG3489,Anas platyrhynchos
2015-06-11T11:00:37Z,47.73161667,9.01605,0,NA,KN4124 - Radolfzell JC2300 ECG3489,Anas platyrhynchos
2015-06-12T11:06:44Z,47.73176667,9.01595,0,NA,KN4124 - Radolfzell JC2300 ECG3489,Anas platyrhynchos
2015-06-14T11:25:41Z,47.73151667,9.01638333,0,NA,KN4124 - Radolfzell JC2300 ECG3489,Anas platyrhynchos
2015-06-16T23:39:07Z,47.73738333,9.00225,0,NA,KN4124 - Radolfzell JC2300 ECG3489,Anas platyrhynchos
2015-06-18T23:42:47Z,47.73741667,9.00226667,0,NA,KN4124 - Radolfzell JC2300 ECG3489,Anas platyrhynchos
2015-06-20T23:41:13Z,47.7373,9.00193333,0,NA,KN4124 - Radolfzell JC2300 ECG3489,Anas platyrhynchos
2015-06-21T12:02:10Z,47.73766667,9.00283333,0,NA,KN4124 - Radolfzell JC2300 ECG3489,Anas platyrhynchos
2015-06-22T11:08:59Z,47.73136667,9.01661667,0,NA,KN4124 - Radolfzell JC2300 ECG3489,Anas platyrhynchos
2015-06-23T11:09:40Z,47.73135,9.0171500000000009,0,NA,KN4124 - Radolfzell JC2300 ECG3489,Anas platyrhynchos
2015-06-26T12:04:25Z,47.73153333,9.01625,0,NA,KN4124 - Radolfzell JC2300 ECG3489,Anas platyrhynchos
2015-06-27T23:44:06Z,47.73751667,9.00213333,0,NA,KN4124 - Radolfzell JC2300 ECG3489,Anas platyrhynchos
2015-06-28T11:20:48Z,47.73155,9.01626667,0,NA,KN4124 - Radolfzell JC2300 ECG3489,Anas platyrhynchos
2015-06-29T12:08:39Z,47.73143333,9.01661667,0,NA,KN4124 - Radolfzell JC2300 ECG3489,Anas platyrhynchos
2015-06-30T23:47:38Z,47.73733333,9.00201667,0,NA,KN4124 - Radolfzell JC2300 ECG3489,Anas platyrhynchos
2015-07-01T11:22:45Z,47.73153333,9.01636667,0,NA,KN4124 - Radolfzell JC2300 ECG3489,Anas platyrhynchos
2015-07-03T23:51:14Z,47.73703333,9.00205,0,NA,KN4124 - Radolfzell JC2300 ECG3489,Anas platyrhynchos
2015-07-05T11:31:31Z,47.7343,9.0116,0,NA,KN4124 - Radolfzell JC2300 ECG3489,Anas platyrhynchos
2015-07-06T12:12:34Z,47.72713333,9.02986667,0,NA,KN4124 - Radolfzell JC2300 ECG3489,Anas platyrhynchos
2015-07-08T23:49:51Z,47.73695,9.00241667,0,NA,KN4124 - Radolfzell JC2300 ECG3489,Anas platyrhynchos
2015-07-12T11:27:33Z,47.7364,9.00468333,1,NA,KN4124 - Radolfzell JC2300 ECG3489,Anas platyrhynchos
2015-07-14T12:08:47Z,47.72881667,9.02341667,0,NA,KN4124 - Radolfzell JC2300 ECG3489,Anas platyrhynchos
2015-07-16T23:52:50Z,47.73695,9.00185,0,NA,KN4124 - Radolfzell JC2300 ECG3489,Anas platyrhynchos
2015-07-19T23:50:50Z,47.73565,9.00711667,0,NA,KN4124 - Radolfzell JC2300 ECG3489,Anas platyrhynchos
2015-07-30T12:05:57Z,47.73366667,9.012,0,NA,KN4124 - Radolfzell JC2300 ECG3489,Anas platyrhynchos
2015-07-31T23:49:19Z,47.73571667,9.00628333,0,NA,KN4124 - Radolfzell JC2300 ECG3489,Anas platyrhynchos
2015-08-01T23:47:55Z,47.73578333,9.00705,0,NA,KN4124 - Radolfzell JC2300 ECG3489,Anas platyrhynchos
2015-08-10T11:17:26Z,47.7302,9.01946667,0,NA,KN4124 - Radolfzell JC2300 ECG3489,Anas platyrhynchos
2015-08-16T12:01:56Z,47.72665,9.0095,0,NA,KN4124 - Radolfzell JC2300 ECG3489,Anas platyrhynchos
2015-08-17T11:13:07Z,47.72661667,9.00945,0,NA,KN4124 - Radolfzell JC2300 ECG3489,Anas platyrhynchos
2015-08-18T12:03:37Z,47.72676667,9.00938333,0,NA,KN4124 - Radolfzell JC2300 ECG3489,Anas platyrhynchos
2015-08-20T11:16:54Z,47.73128333,9.01601667,0,NA,KN4124 - Radolfzell JC2300 ECG3489,Anas platyrhynchos
2015-08-23T12:08:37Z,47.7312,9.01713333,0,NA,KN4124 - Radolfzell JC2300 ECG3489,Anas platyrhynchos
2015-08-25T12:01:33Z,47.73093333,9.01735,0,NA,KN4124 - Radolfzell JC2300 ECG3489,Anas platyrhynchos
2015-08-27T23:46:33Z,47.72871667,9.01733333,0,NA,KN4124 - Radolfzell JC2300 ECG3489,Anas platyrhynchos
2015-08-29T23:48:16Z,47.7249,9.03655,0,NA,KN4124 - Radolfzell JC2300 ECG3489,Anas platyrhynchos
2015-09-03T11:17:50Z,47.73121667,9.01696667,0,NA,KN4124 - Radolfzell JC2300 ECG3489,Anas platyrhynchos
2015-09-06T12:02:15Z,47.73141667,9.0162,0,NA,KN4124 - Radolfzell JC2300 ECG3489,Anas platyrhynchos
2015-09-07T11:11:10Z,47.73015,9.01938333,0,NA,KN4124 - Radolfzell JC2300 ECG3489,Anas platyrhynchos
2015-09-08T11:12:41Z,47.73033333,9.01935,0,NA,KN4124 - Radolfzell JC2300 ECG3489,Anas platyrhynchos
2015-09-09T12:03:37Z,47.73016667,9.01955,0,NA,KN4124 - Radolfzell JC2300 ECG3489,Anas platyrhynchos
2015-09-11T12:01:22Z,47.7349,9.01041667,0,NA,KN4124 - Radolfzell JC2300 ECG3489,Anas platyrhynchos
2015-09-14T12:00:39Z,47.73163333,9.0161,0,NA,KN4124 - Radolfzell JC2300 ECG3489,Anas platyrhynchos
2015-09-15T11:11:28Z,47.7347,9.01046667,0,NA,KN4124 - Radolfzell JC2300 ECG3489,Anas platyrhynchos
2015-09-16T12:00:16Z,47.73148333,9.01606667,0,NA,KN4124 - Radolfzell JC2300 ECG3489,Anas platyrhynchos
2015-09-17T11:08:38Z,47.73765,9.0017,0,NA,KN4124 - Radolfzell JC2300 ECG3489,Anas platyrhynchos
2015-09-20T11:21:47Z,47.73128333,9.01733333,0,NA,KN4124 - Radolfzell JC2300 ECG3489,Anas platyrhynchos
2015-09-23T23:36:01Z,47.73011667,9.01928333,0,NA,KN4124 - Radolfzell JC2300 ECG3489,Anas platyrhynchos
2015-09-24T23:38:21Z,47.73026667,9.01936667,0,NA,KN4124 - Radolfzell JC2300 ECG3489,Anas platyrhynchos
2015-09-25T11:13:02Z,47.7283,9.0261,0,NA,KN4124 - Radolfzell JC2300 ECG3489,Anas platyrhynchos
2015-09-27T12:05:36Z,47.7277,9.0275,0,NA,KN4124 - Radolfzell JC2300 ECG3489,Anas platyrhynchos
2015-09-28T11:07:24Z,47.72833333,9.0262,0,NA,KN4124 - Radolfzell JC2300 ECG3489,Anas platyrhynchos
2015-09-30T11:11:40Z,47.72823333,9.02263333,0,NA,KN4124 - Radolfzell JC2300 ECG3489,Anas platyrhynchos
2015-10-01T11:59:43Z,47.72786667,9.02715,0,NA,KN4124 - Radolfzell JC2300 ECG3489,Anas platyrhynchos
2015-10-02T23:39:06Z,47.7251,9.03631667,0,NA,KN4124 - Radolfzell JC2300 ECG3489,Anas platyrhynchos
2015-10-04T11:57:32Z,47.73026667,9.01945,0,NA,KN4124 - Radolfzell JC2300 ECG3489,Anas platyrhynchos
2015-10-05T12:01:06Z,47.72775,9.02721667,0,NA,KN4124 - Radolfzell JC2300 ECG3489,Anas platyrhynchos
2015-10-06T12:00:40Z,47.73135,9.0164,0,NA,KN4124 - Radolfzell JC2300 ECG3489,Anas platyrhynchos
2015-10-09T11:14:37Z,47.73141667,9.01623333,0,NA,KN4124 - Radolfzell JC2300 ECG3489,Anas platyrhynchos
2015-10-10T12:00:44Z,47.72788333,9.02725,0,NA,KN4124 - Radolfzell JC2300 ECG3489,Anas platyrhynchos
2015-10-12T12:01:17Z,47.73128333,9.01648333,0,NA,KN4124 - Radolfzell JC2300 ECG3489,Anas platyrhynchos
2015-10-13T11:11:07Z,47.73135,9.01661667,0,NA,KN4124 - Radolfzell JC2300 ECG3489,Anas platyrhynchos
2015-10-14T10:57:44Z,47.73393333,9.01168333,0,NA,KN4124 - Radolfzell JC2300 ECG3489,Anas platyrhynchos
2015-10-20T10:16:24Z,47.73123333,9.01656667,0,NA,KN4124 - Radolfzell JC2300 ECG3489,Anas platyrhynchos
2015-10-22T10:06:40Z,47.72811667,9.02545,0,NA,KN4124 - Radolfzell JC2300 ECG3489,Anas platyrhynchos
2015-10-24T10:13:07Z,47.72811667,9.02516667,0,NA,KN4124 - Radolfzell JC2300 ECG3489,Anas platyrhynchos
2015-03-12T11:19:08Z,47.7682,8.9962,0,NA,KN4125 - Radolfzell JC75942 ECG3492,Anas platyrhynchos
2015-03-13T00:05:44Z,47.76651667,8.99708333,0,NA,KN4125 - Radolfzell JC75942 ECG3492,Anas platyrhynchos
2015-03-14T11:28:10Z,47.76701667,8.99573333,0,NA,KN4125 - Radolfzell JC75942 ECG3492,Anas platyrhynchos
2015-03-15T11:28:08Z,47.76655,8.99553333,0,NA,KN4125 - Radolfzell JC75942 ECG3492,Anas platyrhynchos
2015-03-16T11:26:37Z,47.76633333,8.99733333,0,NA,KN4125 - Radolfzell JC75942 ECG3492,Anas platyrhynchos
2015-03-17T11:27:44Z,47.7671,8.99585,0,NA,KN4125 - Radolfzell JC75942 ECG3492,Anas platyrhynchos
2015-03-18T11:33:08Z,47.76666667,8.99695,0,NA,KN4125 - Radolfzell JC75942 ECG3492,Anas platyrhynchos
2015-03-19T11:32:08Z,47.7666,8.99746667,0,NA,KN4125 - Radolfzell JC75942 ECG3492,Anas platyrhynchos
2015-03-20T11:30:27Z,47.76645,8.99456667,0,NA,KN4125 - Radolfzell JC75942 ECG3492,Anas platyrhynchos
2015-03-21T11:30:18Z,47.76705,8.99556667,0,NA,KN4125 - Radolfzell JC75942 ECG3492,Anas platyrhynchos
2015-03-22T11:27:59Z,47.76705,8.9956,0,NA,KN4125 - Radolfzell JC75942 ECG3492,Anas platyrhynchos
2015-03-23T11:32:15Z,47.76673333,8.99523333,0,NA,KN4125 - Radolfzell JC75942 ECG3492,Anas platyrhynchos
2015-03-24T12:26:08Z,47.76696667,8.99558333,0,NA,KN4125 - Radolfzell JC75942 ECG3492,Anas platyrhynchos
2015-03-25T11:32:26Z,47.76693333,8.99555,0,NA,KN4125 - Radolfzell JC75942 ECG3492,Anas platyrhynchos
2015-03-26T11:33:00Z,47.7671,8.99575,0,NA,KN4125 - Radolfzell JC75942 ECG3492,Anas platyrhynchos
2015-03-27T11:29:38Z,47.76686667,8.99596667,0,NA,KN4125 - Radolfzell JC75942 ECG3492,Anas platyrhynchos
2015-03-28T12:27:04Z,47.76671667,8.99555,2,NA,KN4125 - Radolfzell JC75942 ECG3492,Anas platyrhynchos
2015-03-29T11:31:55Z,47.76695,8.99546667,0,NA,KN4125 - Radolfzell JC75942 ECG3492,Anas platyrhynchos
2015-03-30T11:34:27Z,47.76698333,8.99543333,0,NA,KN4125 - Radolfzell JC75942 ECG3492,Anas platyrhynchos
2015-03-31T11:32:49Z,47.76715,8.99583333,0,NA,KN4125 - Radolfzell JC75942 ECG3492,Anas platyrhynchos
2015-04-01T11:35:39Z,47.76696667,8.99541667,0,NA,KN4125 - Radolfzell JC75942 ECG3492,Anas platyrhynchos
2015-04-02T11:29:56Z,47.76665,8.99556667,0,NA,KN4125 - Radolfzell JC75942 ECG3492,Anas platyrhynchos
2015-04-03T11:32:26Z,47.7669,8.99565,0,NA,KN4125 - Radolfzell JC75942 ECG3492,Anas platyrhynchos
2015-04-04T11:31:45Z,47.7669,8.99571667,0,NA,KN4125 - Radolfzell JC75942 ECG3492,Anas platyrhynchos
2015-03-14T23:38:14Z,47.75353333,9.01108333,0,NA,KN4126 - Radolfzell JC7051,Anas platyrhynchos
2015-03-15T11:12:37Z,47.76033333,9.0113,0,NA,KN4126 - Radolfzell JC7051,Anas platyrhynchos
2015-03-16T11:13:08Z,47.75438333,9.0115,0,NA,KN4126 - Radolfzell JC7051,Anas platyrhynchos
2015-03-17T11:14:37Z,47.75408333,9.01255,0,NA,KN4126 - Radolfzell JC7051,Anas platyrhynchos
2015-03-18T11:14:07Z,47.75335,9.01115,0,NA,KN4126 - Radolfzell JC7051,Anas platyrhynchos
2015-03-19T11:14:37Z,47.75341667,9.01115,0,NA,KN4126 - Radolfzell JC7051,Anas platyrhynchos
2015-03-20T11:13:37Z,47.75291667,9.0113,0,NA,KN4126 - Radolfzell JC7051,Anas platyrhynchos
2015-03-21T11:14:13Z,47.75341667,9.01158333,0,NA,KN4126 - Radolfzell JC7051,Anas platyrhynchos
2015-03-22T11:13:08Z,47.75265,9.01145,0,NA,KN4126 - Radolfzell JC7051,Anas platyrhynchos
2015-03-23T11:15:45Z,47.75388333,9.01353333,0,NA,KN4126 - Radolfzell JC7051,Anas platyrhynchos
2015-03-24T11:15:44Z,47.75436667,9.01146667,0,NA,KN4126 - Radolfzell JC7051,Anas platyrhynchos
2015-03-25T11:15:38Z,47.75438333,9.01146667,0,NA,KN4126 - Radolfzell JC7051,Anas platyrhynchos
2015-03-26T11:16:15Z,47.75401667,9.01135,0,NA,KN4126 - Radolfzell JC7051,Anas platyrhynchos
2015-03-27T11:14:07Z,47.75405,9.0111,0,NA,KN4126 - Radolfzell JC7051,Anas platyrhynchos
2015-03-28T11:15:14Z,47.75365,9.01365,0,NA,KN4126 - Radolfzell JC7051,Anas platyrhynchos
2015-03-29T23:37:33Z,47.76658333,8.9951,0,NA,KN4126 - Radolfzell JC7051,Anas platyrhynchos
2015-03-30T11:17:04Z,47.75778333,9.0153,0,NA,KN4126 - Radolfzell JC7051,Anas platyrhynchos
2015-03-31T11:15:08Z,47.75611667,9.0107,0,NA,KN4126 - Radolfzell JC7051,Anas platyrhynchos
2015-04-01T11:14:37Z,47.75695,9.0109,0,NA,KN4126 - Radolfzell JC7051,Anas platyrhynchos
2015-04-21T23:41:32Z,47.7667,8.99528333,0,NA,KN4126 - Radolfzell JC7051,Anas platyrhynchos
2015-04-22T11:17:44Z,47.759,9.01308333,0,NA,KN4126 - Radolfzell JC7051,Anas platyrhynchos
2015-04-23T11:18:38Z,47.75363333,9.01351667,0,NA,KN4126 - Radolfzell JC7051,Anas platyrhynchos
2015-04-24T11:18:14Z,47.75393333,9.01343333,0,NA,KN4126 - Radolfzell JC7051,Anas platyrhynchos
2015-04-25T11:16:19Z,47.75353333,9.01355,0,NA,KN4126 - Radolfzell JC7051,Anas platyrhynchos
2015-05-02T23:39:13Z,47.7587,9.01428333,0,NA,KN4126 - Radolfzell JC7051,Anas platyrhynchos
2015-05-03T11:16:42Z,47.75756667,9.01758333,0,NA,KN4126 - Radolfzell JC7051,Anas platyrhynchos
2015-05-04T11:21:02Z,47.72061667,9.0154,0,NA,KN4126 - Radolfzell JC7051,Anas platyrhynchos
2015-05-05T11:20:43Z,47.72178333,9.01541667,0,NA,KN4126 - Radolfzell JC7051,Anas platyrhynchos
2015-05-06T11:15:38Z,47.7217,9.01558333,0,NA,KN4126 - Radolfzell JC7051,Anas platyrhynchos
2015-05-08T23:41:08Z,47.76641667,8.99518333,0,NA,KN4126 - Radolfzell JC7051,Anas platyrhynchos
2015-05-09T11:19:07Z,47.73381667,8.99995,0,NA,KN4126 - Radolfzell JC7051,Anas platyrhynchos
2015-05-10T11:21:08Z,47.75835,9.01906667,0,NA,KN4126 - Radolfzell JC7051,Anas platyrhynchos
2015-05-11T11:17:16Z,47.7534,9.01711667,0,NA,KN4126 - Radolfzell JC7051,Anas platyrhynchos
2015-05-12T11:20:08Z,47.75333333,9.01681667,0,NA,KN4126 - Radolfzell JC7051,Anas platyrhynchos
2015-05-13T11:18:38Z,47.76648333,8.99511667,0,NA,KN4126 - Radolfzell JC7051,Anas platyrhynchos
2015-05-14T11:20:06Z,47.75795,9.01661667,0,NA,KN4126 - Radolfzell JC7051,Anas platyrhynchos
2015-05-16T23:43:05Z,47.76663333,8.99541667,0,NA,KN4126 - Radolfzell JC7051,Anas platyrhynchos
2015-05-17T11:24:09Z,47.7583,9.0153,0,NA,KN4126 - Radolfzell JC7051,Anas platyrhynchos
2015-05-18T11:21:18Z,47.76636667,8.99505,0,NA,KN4126 - Radolfzell JC7051,Anas platyrhynchos
2015-05-19T11:21:14Z,47.76675,8.99533333,0,NA,KN4126 - Radolfzell JC7051,Anas platyrhynchos
2015-05-20T11:19:14Z,47.76645,8.99521667,0,NA,KN4126 - Radolfzell JC7051,Anas platyrhynchos
2015-05-23T00:04:08Z,47.75298333,9.01143333,0,NA,KN4126 - Radolfzell JC7051,Anas platyrhynchos
2015-05-24T00:05:02Z,47.75303333,9.01161667,0,NA,KN4126 - Radolfzell JC7051,Anas platyrhynchos
2015-05-27T00:08:08Z,47.7665,8.99526667,0,NA,KN4126 - Radolfzell JC7051,Anas platyrhynchos
2015-05-28T00:07:54Z,47.76678333,8.99498333,1,NA,KN4126 - Radolfzell JC7051,Anas platyrhynchos
2015-03-12T11:40:45Z,47.76818333,8.99598333,0,NA,KN4127 - Radolfzell JC2299 ECG3491,Anas platyrhynchos
2015-03-13T12:45:04Z,47.76633333,8.99783333,0,NA,KN4127 - Radolfzell JC2299 ECG3491,Anas platyrhynchos
2015-03-12T11:24:18Z,47.769,8.99745,0,NA,KN4128 - Radolfzell JC74425 ECG3493,Anas platyrhynchos
2015-03-13T00:13:44Z,47.7548,9.00788333,0,NA,KN4128 - Radolfzell JC74425 ECG3493,Anas platyrhynchos
2015-03-14T11:26:06Z,47.75935,9.01001667,0,NA,KN4128 - Radolfzell JC74425 ECG3493,Anas platyrhynchos
2015-03-15T11:27:08Z,47.75908333,9.01041667,0,NA,KN4128 - Radolfzell JC74425 ECG3493,Anas platyrhynchos
2015-03-16T11:27:15Z,47.75911667,9.01046667,0,NA,KN4128 - Radolfzell JC74425 ECG3493,Anas platyrhynchos
2015-03-17T11:30:37Z,47.75893333,9.011,0,NA,KN4128 - Radolfzell JC74425 ECG3493,Anas platyrhynchos
2015-03-18T11:29:15Z,47.74025,8.99936667,0,NA,KN4128 - Radolfzell JC74425 ECG3493,Anas platyrhynchos
2015-03-19T11:37:08Z,47.74315,8.99411667,0,NA,KN4128 - Radolfzell JC74425 ECG3493,Anas platyrhynchos
2015-03-20T11:33:44Z,47.74065,8.99878333,0,NA,KN4128 - Radolfzell JC74425 ECG3493,Anas platyrhynchos
2015-03-21T11:37:08Z,47.73681667,9.00345,0,NA,KN4128 - Radolfzell JC74425 ECG3493,Anas platyrhynchos
2015-03-22T11:30:42Z,47.76623333,8.99708333,0,NA,KN4128 - Radolfzell JC74425 ECG3493,Anas platyrhynchos
2015-03-23T11:37:56Z,47.76643333,8.9972,0,NA,KN4128 - Radolfzell JC74425 ECG3493,Anas platyrhynchos
2015-03-24T11:37:45Z,47.73685,9.00376667,0,NA,KN4128 - Radolfzell JC74425 ECG3493,Anas platyrhynchos
2015-03-25T11:37:02Z,47.740466670000004,8.99895,0,NA,KN4128 - Radolfzell JC74425 ECG3493,Anas platyrhynchos
2015-03-26T11:32:49Z,47.76635,8.99765,0,NA,KN4128 - Radolfzell JC74425 ECG3493,Anas platyrhynchos
2015-03-27T11:37:35Z,47.76638333,8.99703333,1,NA,KN4128 - Radolfzell JC74425 ECG3493,Anas platyrhynchos
2015-03-28T12:30:41Z,47.76595,8.99615,0,NA,KN4128 - Radolfzell JC74425 ECG3493,Anas platyrhynchos
2015-03-29T11:40:42Z,47.75511667,9.00805,0,NA,KN4128 - Radolfzell JC74425 ECG3493,Anas platyrhynchos
2015-03-30T11:37:48Z,47.76718333,8.9972,0,NA,KN4128 - Radolfzell JC74425 ECG3493,Anas platyrhynchos
2015-03-31T12:18:36Z,47.76645,8.99696667,0,NA,KN4128 - Radolfzell JC74425 ECG3493,Anas platyrhynchos
2015-04-01T11:34:07Z,47.73025,9.01938333,0,NA,KN4128 - Radolfzell JC74425 ECG3493,Anas platyrhynchos
2015-04-02T11:30:37Z,47.73018333,9.01946667,0,NA,KN4128 - Radolfzell JC74425 ECG3493,Anas platyrhynchos
2015-04-03T11:40:16Z,47.73,9.01948333,0,NA,KN4128 - Radolfzell JC74425 ECG3493,Anas platyrhynchos
2015-04-04T11:34:07Z,47.73025,9.01933333,0,NA,KN4128 - Radolfzell JC74425 ECG3493,Anas platyrhynchos
2015-04-05T11:32:45Z,47.7226,9.04435,0,NA,KN4128 - Radolfzell JC74425 ECG3493,Anas platyrhynchos
2015-04-06T11:36:38Z,47.73175,9.0158,0,NA,KN4128 - Radolfzell JC74425 ECG3493,Anas platyrhynchos
2015-04-07T11:32:10Z,47.75893333,9.01105,0,NA,KN4128 - Radolfzell JC74425 ECG3493,Anas platyrhynchos
2015-04-09T00:25:11Z,47.7666,8.99525,0,NA,KN4128 - Radolfzell JC74425 ECG3493,Anas platyrhynchos
2015-04-10T11:38:42Z,47.76648333,8.9951,0,NA,KN4128 - Radolfzell JC74425 ECG3493,Anas platyrhynchos
2015-04-11T11:36:10Z,47.72023333,9.04976667,0,NA,KN4128 - Radolfzell JC74425 ECG3493,Anas platyrhynchos
2015-04-12T11:38:45Z,47.76645,8.99528333,0,NA,KN4128 - Radolfzell JC74425 ECG3493,Anas platyrhynchos
2015-04-14T23:52:08Z,47.76658333,8.99521667,0,NA,KN4128 - Radolfzell JC74425 ECG3493,Anas platyrhynchos
2015-04-15T11:38:20Z,47.7232,9.04265,0,NA,KN4128 - Radolfzell JC74425 ECG3493,Anas platyrhynchos
2015-04-16T11:38:37Z,47.72911667,9.02201667,0,NA,KN4128 - Radolfzell JC74425 ECG3493,Anas platyrhynchos
2015-04-17T11:41:14Z,47.72496667,9.03673333,0,NA,KN4128 - Radolfzell JC74425 ECG3493,Anas platyrhynchos
2015-04-18T11:34:37Z,47.72941667,9.02136667,0,NA,KN4128 - Radolfzell JC74425 ECG3493,Anas platyrhynchos
2015-04-19T11:45:48Z,47.767,8.99648333,0,NA,KN4128 - Radolfzell JC74425 ECG3493,Anas platyrhynchos
2015-04-20T11:44:15Z,47.72968333,9.01975,0,NA,KN4128 - Radolfzell JC74425 ECG3493,Anas platyrhynchos
2015-04-21T11:40:37Z,47.7297,9.02078333,0,NA,KN4128 - Radolfzell JC74425 ECG3493,Anas platyrhynchos
2015-04-28T23:49:00Z,47.76683333,8.99566667,0,NA,KN4128 - Radolfzell JC74425 ECG3493,Anas platyrhynchos
2015-04-29T11:35:14Z,47.72733333,9.031,0,NA,KN4128 - Radolfzell JC74425 ECG3493,Anas platyrhynchos
2015-04-30T11:37:39Z,47.72843333,9.02471667,0,NA,KN4128 - Radolfzell JC74425 ECG3493,Anas platyrhynchos
2015-05-02T23:49:02Z,47.72491667,9.03683333,0,NA,KN4128 - Radolfzell JC74425 ECG3493,Anas platyrhynchos
2015-05-03T11:33:27Z,47.7274,9.03021667,0,NA,KN4128 - Radolfzell JC74425 ECG3493,Anas platyrhynchos
2015-05-07T12:38:45Z,47.72743333,9.03006667,0,NA,KN4128 - Radolfzell JC74425 ECG3493,Anas platyrhynchos
2015-05-09T12:37:15Z,47.72743333,9.02941667,0,NA,KN4128 - Radolfzell JC74425 ECG3493,Anas platyrhynchos
2015-05-11T00:30:53Z,47.7669,8.99545,0,NA,KN4128 - Radolfzell JC74425 ECG3493,Anas platyrhynchos
2015-05-13T12:31:45Z,47.7274,9.03021667,0,NA,KN4128 - Radolfzell JC74425 ECG3493,Anas platyrhynchos
2015-05-17T23:55:08Z,47.72565,9.03696667,0,NA,KN4128 - Radolfzell JC74425 ECG3493,Anas platyrhynchos
2015-05-19T12:37:45Z,47.72256667,9.0449,0,NA,KN4128 - Radolfzell JC74425 ECG3493,Anas platyrhynchos
2015-05-24T12:24:45Z,47.72383333,9.03716667,0,NA,KN4128 - Radolfzell JC74425 ECG3493,Anas platyrhynchos
2015-05-26T00:29:58Z,47.72501667,9.03688333,0,NA,KN4128 - Radolfzell JC74425 ECG3493,Anas platyrhynchos
2015-05-27T00:30:45Z,47.7249,9.03658333,0,NA,KN4128 - Radolfzell JC74425 ECG3493,Anas platyrhynchos
2015-05-30T12:25:02Z,47.7275,9.03025,0,NA,KN4128 - Radolfzell JC74425 ECG3493,Anas platyrhynchos
2015-06-09T00:33:40Z,47.72493333,9.03668333,0,NA,KN4128 - Radolfzell JC74425 ECG3493,Anas platyrhynchos
2015-06-10T00:32:42Z,47.72488333,9.03693333,0,NA,KN4128 - Radolfzell JC74425 ECG3493,Anas platyrhynchos
2015-06-12T00:38:39Z,47.72596667,9.03735,0,NA,KN4128 - Radolfzell JC74425 ECG3493,Anas platyrhynchos
2015-06-13T00:39:23Z,47.72513333,9.03665,0,NA,KN4128 - Radolfzell JC74425 ECG3493,Anas platyrhynchos
2015-06-16T00:29:08Z,47.72248333,9.04466667,0,NA,KN4128 - Radolfzell JC74425 ECG3493,Anas platyrhynchos
2015-06-17T00:35:40Z,47.7248,9.0366,0,NA,KN4128 - Radolfzell JC74425 ECG3493,Anas platyrhynchos
2015-06-18T00:33:56Z,47.72493333,9.0368,0,NA,KN4128 - Radolfzell JC74425 ECG3493,Anas platyrhynchos
2015-06-20T00:33:33Z,47.723,9.03986667,0,NA,KN4128 - Radolfzell JC74425 ECG3493,Anas platyrhynchos
2015-06-21T15:56:12Z,47.72306667,9.03998333,0,NA,KN4128 - Radolfzell JC74425 ECG3493,Anas platyrhynchos
2015-07-06T19:48:51Z,47.7203,9.04965,0,NA,KN4128 - Radolfzell JC74425 ECG3493,Anas platyrhynchos
2015-07-17T23:32:49Z,47.72291667,9.04443333,0,NA,KN4128 - Radolfzell JC74425 ECG3493,Anas platyrhynchos
2015-07-30T13:30:25Z,47.71958333,9.05163333,0,NA,KN4128 - Radolfzell JC74425 ECG3493,Anas platyrhynchos
2015-08-06T02:08:32Z,47.72496667,9.03655,0,NA,KN4128 - Radolfzell JC74425 ECG3493,Anas platyrhynchos
2015-03-12T12:06:12Z,47.76806667,8.996,0,NA,KN4132 - Radolfzell JC74445,Anas platyrhynchos
2015-03-13T11:11:38Z,47.75465,9.01111667,0,NA,KN4132 - Radolfzell JC74445,Anas platyrhynchos
2015-03-14T11:10:32Z,47.75911667,9.01066667,0,NA,KN4132 - Radolfzell JC74445,Anas platyrhynchos
2015-03-15T11:10:02Z,47.75908333,9.01066667,0,NA,KN4132 - Radolfzell JC74445,Anas platyrhynchos
2015-03-16T11:10:44Z,47.75908333,9.01076667,0,NA,KN4132 - Radolfzell JC74445,Anas platyrhynchos
2015-03-17T11:14:08Z,47.75906667,9.01066667,0,NA,KN4132 - Radolfzell JC74445,Anas platyrhynchos
2015-03-18T11:12:37Z,47.75448333,9.011,0,NA,KN4132 - Radolfzell JC74445,Anas platyrhynchos
2015-03-19T11:11:43Z,47.7545,9.01096667,0,NA,KN4132 - Radolfzell JC74445,Anas platyrhynchos
2015-03-20T11:12:32Z,47.75426667,9.0322,0,NA,KN4132 - Radolfzell JC74445,Anas platyrhynchos
2015-03-21T11:10:07Z,47.75493333,9.01088333,0,NA,KN4132 - Radolfzell JC74445,Anas platyrhynchos
2015-03-22T11:10:43Z,47.75228333,9.02005,0,NA,KN4132 - Radolfzell JC74445,Anas platyrhynchos
